chr.g	start.g	end.g	flag.g	strand.g	gene_name	gene_biotype	feature	seq.g	noncodingRNA_real_seq	noncodingRNA	noncodingRNA_type	noncodingRNA_fam	forward_dir	Ndups	Nunique	dups_perc	repeatmasker	repeat_fam	noncodingRNA_nomm	mrna_length	cov	Nreads	mrna_aln	mrna_aln2	mrna_aln5	mrna_aln10	mrna_aln20	A_perc	C_perc	G_perc	T_perc	mfe_struct	mfe	ene	noncodingRNA_seq
X	151408959	151409008	0	+	VMA21	protein_coding	three_prime_utr	AACAGTAATAATAGCAATAGCTAACAACATCTGCACAGCACCTTACAGTT	TAAGGTGCATCTAGTGCAGATAG	hsa-miR-18a-5p	miRNA	mir-17	FALSE	574	476	17.1	MIRc	SINE	TRUE	TRUE	8801.69	24583	TRUE	TRUE	TRUE	TRUE	TRUE	30.4	13	30.4	26.1	...........((((....)))).....((((((((.((((((((.....&)))))))).....))))))))..	-25.5	5	TAAGGTGCATCTAGTGCAGATAG
X	73844325	73844374	16	-	XIST	lincRNA	exon	CTTTGCTTTTCAACAAGGAGTACCCACTACTTTTTAAGATTCTTATATTT	TAAGGTGCATCTAGTGCAGATAG	hsa-miR-18a-5p	miRNA	mir-17	TRUE	94	85	9.6			TRUE	TRUE	4891.5414	13662	TRUE	TRUE	TRUE	TRUE	TRUE	30.4	13	30.4	26.1	.(((((......((.(((.(((((..........................&...))))).))).)))))))...	-12.7	1.7	TAAGGTGCATCTAGTGCAGATAG
12	110731778	110731827	16	-	PPP1CC	protein_coding	exon	GAAATCTTTCTCAGTCAGCCTATCCTACTAGAACTTGAAGCACCACTCAA	TTCAAGTAATCCAGGATAGGCT	hsa-miR-26a-5p	miRNA	mir-26	FALSE	106	84	20.8			TRUE	TRUE	1107.7742	3094	TRUE	TRUE	TRUE	TRUE	TRUE	31.8	18.2	22.7	27.3	................((((((((((......(((((((...........&))))))).....))))))))))	-23.1	5	TTCAAGTAATCCAGGATAGGCT
8	37698823	37698872	0	+	ZNF703	protein_coding	three_prime_utr	TTTACTATAATGTTAGCTTACAAGCTGGGAATATAAGTGCATTAACGGCC	TATTGCACTTGTCCCGGCCTGT	hsa-miR-92a-3p	miRNA	mir-25	TRUE	90	82	8.9			TRUE	TRUE	3070.5504	8576	TRUE	TRUE	TRUE	TRUE	TRUE	9.1	31.8	22.7	36.4	....(((......)))...(((.(((((((...((((((((.((......&)).))))))))))))))).)))	-24.9	5	TATTGCACTTGTCCCGGCCTGT
19	40440951	40441000	16	-	SERTAD3	protein_coding	three_prime_utr	CTCCTGATTTCATAACCAGGCCGGACCACGTGCAATAGGGTGGAAACCAA	TATTGCACTTGTCCCGGCCTGT	hsa-miR-92a-3p	miRNA	mir-25	FALSE	70	62	11.4			TRUE	TRUE	928.0386	2592	TRUE	TRUE	TRUE	TRUE	TRUE	9.1	31.8	22.7	36.4	................((((((((..((.((((((((.(((....)))..&)))))))).))..)))))))).	-33	5	TATTGCACTTGTCCCGGCCTGT
X	140784266	140784315	0	+	LINC00632,CDR1	antisense,protein_coding	exon	AACAAAGGTACGTCTTCCAACAAAGGTACGTCTTCCAACAAAGGTATGTC	TGGAAGACTAGTGATTTTGTTGTT	hsa-miR-7-5p	miRNA	mir-7	TRUE	56	55	1.8			TRUE	TRUE	21474.171	59977	TRUE	TRUE	TRUE	TRUE	TRUE	20.8	4.2	29.2	45.8	.................((((((((.(((((((((((.............&))))))))..))).))))))))..	-20.8	5	TGGAAGACTAGTGATTTTGTTGTT
X	151408938	151408987	0	+	VMA21	protein_coding	three_prime_utr	ACGTTCAGTGTAATCTCACTGAACAGTAATAATAGCAATAGCTAACAACA	TAAGGTGCATCTAGTGCAGATAG	hsa-miR-18a-5p	miRNA	mir-17	TRUE	53	52	1.9	MIRc	SINE	TRUE	TRUE	3030.09	8463	TRUE	TRUE	TRUE	TRUE	TRUE	30.4	13	30.4	26.1	..((((((((......))))))))........((((....))))......&.....(((((...))))).....	-18.1	5	TAAGGTGCATCTAGTGCAGATAG
MT	9155	9204	0	+	MT-ATP6	protein_coding	exon	AAGCCTACGTTTTCACACTTCTAGTAAGCCTCTACCTGCACGACAACACA	TAAAGTGCTTATAGTGCAGGTAG	hsa-miR-20a-5p	miRNA	mir-17	TRUE	56	50	10.7			TRUE	TRUE	5127.848	14322	TRUE	TRUE	TRUE	TRUE	TRUE	30.4	8.7	30.4	30.4	..((.(((...............))).))..((((((((((.....(((.&....)))......))))))))))	-22.5	5	TAAAGTGCTTATAGTGCAGGTAG
15	69452830	69452879	0	+	RPLP1	protein_coding	five_prime_utr	GCTGCCGCCAAGGTGCTCGGTCCTTCCGAGGAAGCTAAGGCTGCGTTGGG	AATGGCGCCACTAGGGTTGTG	hsa-miR-652-3p	miRNA	mir-652	FALSE	49	45	8.2			TRUE	TRUE	4335.144	12108	TRUE	TRUE	TRUE	TRUE	TRUE	19	19	38.1	23.8	...((.(((..(((((((((.....)))))..(((....)))(((((...&...)))))))))..))).)).	-23.9	5	AATGGCGCCACTAGGGTTGTG
X	151408932	151408981	0	+	VMA21	protein_coding	three_prime_utr	TTCCCCACGTTCAGTGTAATCTCACTGAACAGTAATAATAGCAATAGCTA	TAAGGTGCATCTAGTGCAGATAG	hsa-miR-18a-5p|hsa-miR-18b-5p	miRNA	mir-17	FALSE	122	116	4.9	MIRc	SINE	TRUE	TRUE	1279.935	3192	TRUE	TRUE	TRUE	TRUE	TRUE	30.4	13	30.4	26.1	....((..((((((((......))))))))........((((....))))&...))(((((...))))).....	-19.3	5	TAAGGTGCATCTAGTGCAGATAG
8	37698819	37698868	0	+	ZNF703	protein_coding	three_prime_utr	TTTATTTACTATAATGTTAGCTTACAAGCTGGGAATATAAGTGCATTAAC	TATTGCACTTGTCCCGGCCTGT	hsa-miR-92a-3p|hsa-miR-92b-3p	miRNA	mir-25	FALSE	68	64	5.9			TRUE	TRUE	2241.4886	5590	TRUE	TRUE	TRUE	TRUE	TRUE	9.1	31.8	22.7	36.4	........(((......)))...(((.(((((((...((((((((.((..&)).))))))))))))))).)))	-24.9	5	TATTGCACTTGTCCCGGCCTGT
19	40440940	40440989	16	-	SERTAD3	protein_coding	three_prime_utr	ATAACCAGGCCGGACCACGTGCAATAGGGTGGAAACCAAACTGCTCCATG	TATTGCACTTGTCCCGGCCTGT	hsa-miR-92a-3p|hsa-miR-92b-3p	miRNA	mir-25	FALSE	52	48	7.7			TRUE	TRUE	387.3476	966	TRUE	TRUE	TRUE	TRUE	TRUE	9.1	31.8	22.7	36.4	.....((((((((..((.((((((((((((((........))))))....&)))))))).))..)))))))).	-34.7	5	TATTGCACTTGTCCCGGCCTGT
MT	9127	9176	0	+	MT-ATP6	protein_coding	exon	ATCCTAGAAATCGCTGTCGCCTTAATCCAAGCCTACGTTTTCACACTTCT	TAAAGTGCTTATAGTGCAGGTAG	hsa-miR-20a-5p	miRNA	mir-17	FALSE	49	44	10.2			TRUE	TRUE	3274.027	8165	TRUE	TRUE	TRUE	TRUE	TRUE	30.4	8.7	30.4	30.4	...(((.....((((((.(((((...........................&..))).))..))))))....)))	-8.7	0	TAAAGTGCTTATAGTGCAGGTAG
X	73844360	73844409	16	-	XIST	lincRNA	exon	TGTGTACTAGATAAGGGCACCTTCTCATGGACTCCCTTTGCTTTTCAACA	TAAGGTGCATCTAGTGCAGATAG	hsa-miR-18a-5p|hsa-miR-18b-5p	miRNA	mir-17	FALSE	43	38	11.6			TRUE	TRUE	2205.4	5500	TRUE	TRUE	TRUE	TRUE	TRUE	30.4	13	30.4	26.1	..((((((((((....(((((((.....((....))..............&.))))))))))))))))).....	-23.3	5	TAAGGTGCATCTAGTGCAGATAG
X	73850089	73850138	16	-	XIST	lincRNA	exon	AAAAAAGAGTGTTTGAAGGTTTACACAGGTCCAGGCCTTGCTTTGTTCCC	TGTAAACATCCTACACTCTCAGC	hsa-miR-30c-5p	miRNA	mir-30	FALSE	37	36	2.7			TRUE	TRUE	1874.59	4675	TRUE	TRUE	TRUE	TRUE	TRUE	30.4	34.8	8.7	26.1	.....(((((((..((..(((((((..((..(((((...)).)))..)).&))))))).))..)))))))....	-21.2	5	TGTAAACATCCTACACTCTCAGC
MT	10732	10781	0	+	MT-ND4L	protein_coding	exon	ACTACGTACATAACCTAAACCTACTCCAATGCTAAAACTAATCGTCCCAA	TAGGTAGTTTCCTGTTGTTGGG	hsa-miR-196b-5p|hsa-miR-196a-5p	miRNA	mir-196	FALSE	35	35	0			TRUE	TRUE	9256.68	23085	TRUE	TRUE	TRUE	TRUE	TRUE	9.1	9.1	36.4	45.5	.........................(((((((..((((((.((.......&..))))))))...)).))))).	-8.4	0	TAGGTAGTTTCCTGTTGTTGGG
MT	9142	9191	0	+	MT-ATP6	protein_coding	exon	GTCGCCTTAATCCAAGCCTACGTTTTCACACTTCTAGTAAGCCTCTACCT	CAAAGTGCTTACAGTGCAGGTAG	hsa-miR-17-5p|hsa-miR-106a-5p|hsa-miR-20b-5p	miRNA	mir-17	FALSE	36	34	5.6			TRUE	TRUE	2277.584	5680	TRUE	TRUE	TRUE	TRUE	TRUE	30.4	17.4	30.4	21.7	...((((......((((....))))...((((....((((((((......&...)).)))))))))).))))..	-12.3	1.3	CAAAGTGCTTACAGTGCAGGTAG
12	110731776	110731825	16	-	PPP1CC	protein_coding	exon	AATCTTTCTCAGTCAGCCTATCCTACTAGAACTTGAAGCACCACTCAAAA	TTCAAGTAATCCAGGATAGGCT	hsa-miR-26a-5p	miRNA	mir-26	FALSE	32	30	6.2			TRUE	TRUE	411.407	1026	TRUE	TRUE	TRUE	TRUE	TRUE	31.8	18.2	22.7	27.3	..............((((((((((......(((((((.............&))))))).....))))))))))	-23.1	5	TTCAAGTAATCCAGGATAGGCT
X	73822939	73822988	16	-	TSIX,XIST	lincRNA	exon	CTTGAAAGACGTAAACCAAAGTGCACTTTATCTCATTTATCTTATGGTGG	CAAAGTGCTTACAGTGCAGGTAG	hsa-miR-17-5p|hsa-miR-106a-5p	miRNA	mir-17	FALSE	133	133	0			TRUE	TRUE	4525.808	4228	TRUE	TRUE	TRUE	TRUE	TRUE	30.4	17.4	30.4	21.7	..............(((....((((((.((...(((((............&..)))))..)).)))))))))..	-11.6	0.6	CAAAGTGCTTACAGTGCAGGTAG
X	73822936	73822985	16	-	TSIX,XIST	lincRNA	exon	GAAAGACGTAAACCAAAGTGCACTTTATCTCATTTATCTTATGGTGGAAA	TAAAGTGCTTATAGTGCAGGTAG	hsa-miR-20a-5p	miRNA	mir-17	FALSE	123	117	4.9			TRUE	TRUE	3232.72	3020	TRUE	TRUE	TRUE	TRUE	TRUE	30.4	8.7	30.4	30.4	.....((....((......((((((((.....((((((....))))))..&)))))))).....))....))..	-12.8	1.8	TAAAGTGCTTATAGTGCAGGTAG
X	151408939	151408988	0	+	VMA21	protein_coding	three_prime_utr	CGTTCAGTGTAATCTCACTGAACAGTAATAATAGCAATAGCTAACAACAT	TAAGGTGCATCTAGTGCAGATAG	hsa-miR-18a-5p	miRNA	mir-17	FALSE	105	103	1.9	MIRc	SINE	TRUE	TRUE	2783.14	2600	TRUE	TRUE	TRUE	TRUE	TRUE	30.4	13	30.4	26.1	.((((((((......))))))))........((((....)))).......&.....(((((...))))).....	-18.1	5	TAAGGTGCATCTAGTGCAGATAG
X	151408966	151409015	0	+	VMA21	protein_coding	three_prime_utr	ATAATAGCAATAGCTAACAACATCTGCACAGCACCTTACAGTTTGCAAAG	TAAGGTGCATCTAGTGCAGATAG	hsa-miR-18a-5p	miRNA	mir-17	FALSE	82	79	3.7	MIRc	SINE	TRUE	TRUE	3061.454	2860	TRUE	TRUE	TRUE	TRUE	TRUE	30.4	13	30.4	26.1	....((((....)))).....((((((((.((((((((............&)))))))).....))))))))..	-25.5	5	TAAGGTGCATCTAGTGCAGATAG
X	73848683	73848732	16	-	XIST	lincRNA	exon	ATATATTCATGGTTCTGTGCAATAAAAATGGATTCTCACCCCATCCCACC	TATTGCACTTGTCCCGGCCTGT	hsa-miR-92a-3p	miRNA	mir-25	FALSE	57	55	3.5			TRUE	TRUE	14328.908	13386	TRUE	TRUE	TRUE	TRUE	TRUE	9.1	31.8	22.7	36.4	..........((....((((((((...((((.........))))......&))))))))....))........	-14.1	3.1	TATTGCACTTGTCCCGGCCTGT
X	73848591	73848640	16	-	XIST	lincRNA	exon	GCTCTTGAACAGTTAATTTGCACAGTTGCAATTGTCCAGAGTCCTGTCCA	TGTGCAAATCCATGCAAAACTGA	hsa-miR-19b-3p	miRNA	mir-19	FALSE	56	55	1.8			TRUE	TRUE	13082.916	12222	TRUE	TRUE	TRUE	TRUE	TRUE	39.1	21.7	17.4	21.7	.........(((((...(((((...(((((......(((....)))....&..))))).....)))))))))).	-14.4	3.4	TGTGCAAATCCATGCAAAACTGA
2	182956546	182956595	16	-	NCKAP1	protein_coding	exon,intron	AGCCTTGATAAATTGCACACTGCACTTTCTGAGTTATGCTTCTCTATAAA	TAAAGTGCTTATAGTGCAGGTAG	hsa-miR-20a-5p	miRNA	mir-17	FALSE	56	54	3.6			TRUE	TRUE	8092.52	7560	TRUE	TRUE	TRUE	TRUE	TRUE	30.4	8.7	30.4	30.4	.((((.........((((...(((((((..(((........)))......&.))))))).....))))))))..	-17.2	5	TAAAGTGCTTATAGTGCAGGTAG
15	34379856	34379905	16	-	NA	NA	NA	TCTCATTTTCAGTCAGGGACATACTTTGTGCAATATTTCTGTGATTGTGC	TATTGCACTTGTCCCGGCCTGT	hsa-miR-92a-3p	miRNA	mir-25	FALSE	48	47	2.1			TRUE	TRUE	1146.4409	1071	TRUE	TRUE	TRUE	TRUE	TRUE	9.1	31.8	22.7	36.4	.........(((...((((((......((((((((...............&)))))))).))))))...))).	-20.5	5	TATTGCACTTGTCCCGGCCTGT
15	41300462	41300511	0	+	AC087721.2,OIP5-AS1	protein_coding,processed_transcript	five_prime_utr	TTAGCTGGCAGTTTTTCTTTTGAAAAGTTAAAACCGGGATATGTGCAATA	TATTGCACTTGTCCCGGCCTGT	hsa-miR-92a-3p	miRNA	mir-25	FALSE	46	46	0	(AT)n	Simple_repeat	TRUE	TRUE	3371.886	3150	TRUE	TRUE	TRUE	TRUE	TRUE	9.1	31.8	22.7	36.4	((((((..(((........)))...))))))..((((((((.(((((((.&.))))))).)))))))).....	-29.1	5	TATTGCACTTGTCCCGGCCTGT
