noncodingRNA	Manakov22	Hejret23	Klimentova22
CAAAGTGCTTACAGTGCAGGTAG	117255	52	43
TAAAGTGCTTATAGTGCAGGTAG	114670	39	42
TATTGCACTTGTCCCGGCCTGT	95583	243	37
TGTGCAAATCCATGCAAAACTGA	89369	24	12
TAAGGTGCATCTAGTGCAGATAG	74173	20	24
TGTGCAAATCTATGCAAAACTGA	63435	8	9
TAGCAGCACGTAAATATTGGCG	50240	91	7
TAAAGTGCTGACAGTGCAGAT	35167	17	9
TAGCAGCACATAATGGTTTGTG	31088	25	4
TAGCAGCACATCATGGTTTACA	28988	28	8
AGCTACATTGTCTGCTGGGTTTC	27221	34	15
CAAAGTGCTGTTCGTGCAGGTAG	27136	27	6
AGCTACATCTGGCTACTGGGT	23285	58	9
TTCAAGTAATCCAGGATAGGCT	23042	20	3
AAAAGCTGGGTTGAGAGGGCGA	19772	228	11
AGCAGCATTGTACAGGGCTATGA	18221	56	6
TAGGTAGTTTCCTGTTGTTGGG	16257	17	10
TTGTGCTTGATCTAACCATGT	16006	11	9
TGAGGTAGTAGGTTGTATAGTT	15777	138	7
AGCTCGGTCTGAGGCCCCTCAGT	15362	92	7
ACTGCAGTGAAGGCACTTGTAG	15010	25	4
TGTAAACATCCTACACTCTCAGC	14088	24	4
CAGCAGCAATTCATGTTTTGAA	12759	4	1
TGGCAGTGTCTTAGCTGGTTGT	12220	10	1
ACTGGACTTGGAGTCAGAAGGC	12136	10	3
TGTAAACATCCCCGACTGGAAG	11268	12	3
CATTGCACTTGTCTCGGTCTGA	10926	23	2
TGTAAACATCCTACACTCAGCT	10081	10	3
TAGGTAGTTTCATGTTGTTGGG	9820	42	8
TTATAATACAACCTGATAAGTG	9820	6	1
TCAGGCTCAGTCCCCTCCCGAT	9569	227	2
AGGCAAGATGCTGGCATAGCT	8873	20	0
TATTGCACATTACTAAGTTGCA	8180	3	2
AACATTCAACGCTGTCGGTGAGT	7904	11	2
CAACGGAATCCCAAAAGCAGCTG	7538	6	3
TCAGTGCACTACAGAACTTTGT	7469	9	2
TCCCTGTCCTCCAGGAGCTCACG	7339	26	0
TTCAAGTAATTCAGGATAGGT	7329	9	3
TACAGTACTGTGATAACTGAA	7310	5	1
TATTGCACTCGTCCCGGCCTCC	7031	63	2
TTCACAGTGGCTAAGTTCTGC	7079	12	0
TGTAAACATCCTTGACTGGAAG	6810	15	0
AAAAGTGCTTACAGTGCAGGTAG	6798	7	5
ATCACATTGCCAGGGATTACCAC	6695	14	1
TGAGGTAGTAGATTGTATAGTT	6339	14	0
TGGCTCAGTTCAGCAGGAACAG	6287	3	0
AACATTCATTGCTGTCGGTGGGT	6049	10	2
AACTGGCCCTCAAAGTCCCGCT	5985	74	1
TAGCAGCGGGAACAGTTCTGCAG	5376	6	2
TGCGGGGCTAGGGCTAACAGCA	5051	240	2
TCACAGTGAACCGGTCTCTTT	5264	9	1
CAGTGCAATAGTATTGTCAAAGC	5207	12	0
CCCACTGCCCCAGGTGCTGCTGG	5154	53	1
AATGACACGATCACTCCCGTTGA	4880	4	1
TGAGGTAGGAGGTTGTATAGTT	4654	104	0
TGGAGAGAAAGGCAGTTCCTGA	4666	18	2
TGAGGGGCAGAGAGCGAGACTTT	4375	145	1
TAGTGCAATATTGCTTATAGGGT	4431	7	2
CAAAGAATTCTCCTTTTGGGCT	4407	11	1
TAGCACCATTTGAAATCGGTTA	4377	5	1
ACTGCCCTAAGTGCTCCTTCTGG	4165	42	1
CAGTGCAATGATGAAAGGGCAT	4148	0	1
TCGAGGAGCTCACAGTCTAGT	4123	21	0
TCAGTGCATCACAGAACTTTGT	4091	11	0
AGCAGCATTGTACAGGGCTATCA	4010	12	0
TTCACAGTGGCTAAGTTCCGC	3972	4	0
TAGCACCATTTGAAATCAGTGTT	3914	13	0
TGTAAACATCCTCGACTGGAAG	3872	6	0
TCCCTGAGACCCTTTAACCTGTGA	3786	61	2
ATATAATACAACCTGCTAAGTG	3842	5	1
GTGCATTGTAGTTGCATTGCA	3669	6	0
CGCATCCCCTAGGGCATTGGTG	3552	69	2
TGAGGTAGTAGTTTGTACAGTT	3611	8	0
GCAGTCCATGGGCATATACAC	3442	11	0
CTGTGCGTGTGACAGCGGCTGA	3390	3	2
TTAGGGCCCTGGCTCCATCTCC	3325	18	1
TCTTTGGTTATCTAGCTGTATGA	3324	4	0
AACTGGCCTACAAAGTCCCAGT	3282	6	0
TACCCTGTAGATCCGAATTTGTG	3216	54	1
TAGCACCATCTGAAATCGGTTA	3246	10	1
TAATGCCCCTAAAAATCCTTAT	3217	9	0
CTAGACTGAAGCTCCTTGAGG	3182	15	2
TTATAAAGCAATGAGACTGATT	3003	1	1
ACTCGGCGTGGCGTCGGTCGTG	2946	13	1
TTTGGCAATGGTAGAACTCACACT	2604	3	0
TTATCAGAATCTCCAGGGGTAC	2594	8	0
TCGACCGGACCTCGACCGGCT	2550	6	0
GCCCCTGGGCCTATCCTAGAA	2450	97	0
TACCACAGGGTAGAACCACGG	2486	2	1
TTTGGCACTAGCACATTTTTGCT	2463	4	1
ATCACATTGCCAGGGATTTCC	2440	3	0
TAGCTTATCAGACTGATGTTGA	2435	1	0
TGGAAGACTAGTGATTTTGTTGTT	2313	18	18
AAGCTGCCAGTTGAAGAACTGT	2326	0	0
TCCCTGAGACCCTAACTTGTGA	2207	66	0
CAGTGCAATGATATTGTCAAAGC	2226	1	1
CACCCGTAGAACCGACCTTGCG	2212	5	0
GTGCATTGCTGTTGCATTGC	2214	2	0
AGTGCCTGCTATGTGCCAGGCA	2152	1	0
TCCGAGCCTGGGTCTCCCTCTT	1991	150	1
TTTCCGGCTCGCGTGGGTGTGT	1992	20	2
AATGGCGCCACTAGGGTTGTG	1923	10	0
AAGGAGCTTACAATCTAGCTGGG	1886	5	1
CCGCACTGTGGGTACTTGCTGC	1721	17	0
ATCAACAGACATTAATTGGGCGC	1634	10	0
TAAGGTGCATCTAGTGCAGTTAG	1604	4	2
AGGAAGCCCTGGAGGGGCTGGAG	1557	18	3
TTGCAGCTGCCTGGGAGTGACTTC	1549	24	2
TATGGCACTGGTAGAATTCACT	1560	3	0
ACTGCATTATGAGCACTTAAAG	1474	26	0
TAATCCTTGCTACCTGGGTGAGA	1494	4	0
TGAGGTAGTAGGTTGTATGGTT	1407	27	0
TGTAACAGCAACTCCATGTGGA	1343	1	0
TCGTACCGTGAGTAATAATGCG	1313	6	0
AACCCGTAGATCCGATCTTGTG	1286	11	0
GCTGACTCCTAGTCCAGGGCTC	1278	2	0
TCTGGCTCCGTGTCTTCACTCCC	1190	24	1
AATCCTTGGAACCTAGGTGTGAGT	1195	2	1
CGTCAACACTTGCTGGTTTCCT	1158	4	1
AACATTCATTGTTGTCGGTGGGT	1142	2	0
TAGCAGCACAGAAATATTGGC	1119	1	0
AACATTCAACCTGTCGGTGAGT	1091	2	1
CATCCCTTGCATGGTGGAGGG	1084	1	1
AAATATATATATATATGTACGTAT	1037	11	0
TCTCACACAGAAATCGCACCCGT	1018	8	0
GAGGGTTGGGTGGAGGCTCTCC	975	45	0
TAACAGTCTACAGCCATGGTCG	992	0	1
TAATTTTATGTATAAGCTAGT	984	0	0
AGAGGTAGTAGGTTGCATAGTT	954	1	1
AAAAGCTGGGTTGAGAGGGCAA	887	32	0
CACACACACACACACACGTAT	813	15	33
CAGCAGCACACTGTGGTTTGT	852	0	0
TTTTGCGATGTGTTCCTAATAT	843	1	0
TGAGGTAGTAGTTTGTGCTGTT	826	7	0
CATGCCTTGAGTGTAGGACCGT	826	1	0
TGAGGTAGTAGGTTGTGTGGTT	690	102	1
ACTGGACTTGGAGTCAGAAGAGTGG	789	1	0
TGAGACCTCTGGGTTCTGAGCT	780	9	0
CAAAGTGCTCATAGTGCAGGTAG	786	0	0
AGGGCCCCCCCTCAATCCTGT	720	33	0
CTGACCTATGAATTGACAGCC	730	0	0
AAGGAGCTCACAGTCTATTGAG	720	7	0
CCAGTTACCGCTTCCGCTACCGC	716	3	2
TGTGACAGATTGATAACTGAAA	716	0	0
CTTGGCACCTAGCAAGCACTCA	710	1	0
TGGGTTTACGTTGGGAGAACT	682	0	0
CAGTGGTTTTACCCTATGGTAG	660	1	0
TTACAGTTGTTCAACCAGTTACT	640	1	0
ATAAAGCTAGATAACCGAAAGT	640	0	0
TACCCTGTAGAACCGAATTTGTG	629	10	0
CTGCCCTGGCCCGAGGGACCGA	624	1	1
CTGGACTGAGCCATGCTACTGG	587	0	0
AGGGGGAAAGTTCTATAGTCC	584	2	0
AGTTTTGCAGGTTTGCATCCAGC	579	1	0
AGTGGGGAACCCTTCCATGAGG	577	2	0
TGAGCGCCTCGACGACAGAGCCG	571	0	0
CCTCCCACACCCAAGGCTTGCA	543	7	0
CAACCCTAGGAGAGGGTGCCATTCA	541	0	0
TAAGGCACGCGGTGAATGCCAA	519	2	0
GAGCTTATTCATAAAAGTGCAG	517	1	0
TCTCTGGGCCTGTGTCTTAGGC	510	3	0
AATCCTTTGTCCCTGGGTGAGA	511	1	0
TATGTGCCTTTGGACTACATCG	504	0	0
AGTTTTGCATAGTTGCACTACA	499	0	0
ACTGCTGAGCTAGCACTTCCCG	474	21	0
GCGACCCATACTTGGTTTCAG	487	1	0
AATGGATTTTTGGAGCAGG	427	58	2
AACACACCTATTCAAGGATTCA	480	0	0
TCCTGTACTGAGCTGCCCCGAG	475	2	0
CTTTCAGTCGGATGTTTACAGC	443	1	0
CTGGGATCTCCGGGGTCTTGGTT	417	25	0
TTGGGGAAACGGCCGCTGAGTG	438	2	0
TCAGTGCATGACAGAACTTGG	437	2	0
AAGGCAGGGCCCCCGCTCCCC	423	13	0
TGTCTTACTCCCTCAGGCACAT	410	0	0
CACTAGATTGTGAGCTCCTGGA	402	6	1
ATAATACAACCTGCTAAGTGCT	408	0	0
TGCTATGCCAACATATTGCCAT	396	4	0
AATGCACCTGGGCAAGGATTCA	397	1	0
CGAATCATTATTTGCTGCTCTA	385	0	0
TCGTGTCTTGTGTTGCAGCCGG	380	0	0
CAAATTCGTATCTAGGGGAATA	370	1	0
TGATATGTTTGATATATTAGGT	345	1	0
TCTCTCGGCTCCTCGCGGCTC	344	1	0
TGATTGTCCAAACGCAATTCT	337	1	0
TTTAGAGACGGGGTCTTGCTCT	326	8	0
AGCTTCTTTACAGTGCTGCCTTG	329	1	1
TGTCTGCCCGCATGCCTGCCTCT	321	8	0
AAAAGCTGGGTTGAGAGGGT	312	16	0
ACTGGACTTGGAGTCAGAAA	328	0	0
AGCTGGTGTTGTGAATCAGGCCG	314	2	0
GACTATAGAACTTTCCCCCTCA	305	1	1
ACCTGGCATACAATGTAGATTT	305	1	0
CGGCTCTGGGTCTGTGGGGA	265	35	1
TGAGGTAGTAAGTTGTATTGTT	297	4	0
TGGGTCTTTGCGGGCGAGATGA	297	1	1
CTGGCCCTCTCTGCCCTTCCGT	277	20	0
TCACCAGCCCTGTGTTCCCTAG	261	30	0
CTTTCAGTCGGATGTTTGCAGC	271	1	0
CACCTTGCGCTACTCAGGTCTG	271	0	0
ATGCACCTGGGCAAGGATTCTG	263	3	0
CAAAACGTGAGGCGCTGCTAT	261	1	0
GTTCTCCCAACGTAAGCCCAGC	258	1	0
CATTATTACTTTTGGTACGCG	255	0	0
ATCCTTGCTATCTGGGTGCTA	252	1	0
TTTTGCAATATGTTCCTGAATA	253	0	0
CAATCAGCAAGTATACTGCCCT	252	0	0
ATCGGGAATGTCGTGTCCGCCC	249	2	0
CCAATATTACTGTGCTGCTTTA	245	4	0
TCCGTCTCAGTTACTTTATAGC	247	0	0
CACCCGGCTGTGTGCACATGTGC	231	6	0
AGTGCCTGAGGGAGTAAGAGCCC	233	0	0
AAAAGCTGGGTTGAGAGGA	213	13	0
TTTGTTCGTTCGGCTCGCGTGA	223	1	0
AGGGGTGCTATCTGTGATTGA	215	9	0
CTGTTGCCACTAACCTCAACCT	221	0	0
ATGGTTCCGTCAAGCACCATGG	219	0	0
GTGAATTACCGAAGGGCCATAA	214	0	1
TAATACTGCCGGGTAATGATGGA	215	0	0
CAGGCCATATTGTGCTGCCTCA	207	7	1
TACCCATTGCATATCGGAGTTG	210	0	0
TCTGGGCAACAAAGTGAGACCT	206	3	0
TACGTCATCGTTGTCATCGTCA	205	0	0
TACGTAGATATATATGTATTTT	197	7	0
CACGCTCATGCACACACCCACA	203	0	0
TCGGGGATCATCATGTCACGAGA	197	0	0
CAAGCTCGTGTCTGTGGGTCCG	187	5	0
TAGTACCAGTACCTTGTGTTCA	190	0	0
TTCCAGCCCTGGTAGGCGCCGCG	183	0	1
ACTCTTTCCCTGTTGCACTAC	177	3	0
TCGACAGCACGACACTGCCTTC	175	1	0
TGTGTCACTCGATGACCACTGT	166	0	0
CTAGGTATGGTCCCAGGGATCC	161	2	0
TTGTGAAGAAAGAAATTCTTA	159	0	0
TTGGCCATGGGGCTGCGCGG	150	6	1
CAAGAACCTCAGTTGCTTTTGT	151	4	0
TTCACAGTGGCTAAGCTAT	154	0	0
ACTGGCCTGGGACTACCGG	142	4	0
CCTCTGGGCCCTTCCTCCAG	140	6	0
AGGTTGGGATCGGTTGCAATGCT	134	3	0
ATGCTGACATATTTACTAGAGG	131	1	0
TCTTCTCTGTTTTGGCCATGTG	131	1	0
ACTGGACTTGGAGCCAGAAG	126	0	0
AATGCACCCGGGCAAGGATTCT	123	2	0
TGGCAGTGTATTGTTAGCTGGT	124	0	0
TCCGGTTCTCAGGGCTCCACC	121	2	0
CTTATCAGATTGTATTGTAATT	121	1	0
TCAGAACAAATGCCGGTTCCCAGA	122	0	0
TTGCATAGTCACAAAAGTGATC	122	0	0
AAGTTCTGTTATACACTCAGGC	120	1	0
CAATGTTTCCACAGTGCATCAC	120	0	0
TTCAACGGGTATTTATTGAGCA	119	0	0
TTCAGCCAGGCTAGTGCAGTCT	117	1	0
AAGCCCTTACCCCAAAAAGCAT	117	0	0
TGAAGCGCCTGTGCTCTGCCGAGA	109	3	0
TAACACTGTCTGGTAAAGATGG	110	0	0
AAAGACATAGGATAGAGTCACCTC	109	0	0
CTGGTTTCACATGGTGGCTTAG	109	0	0
TAGGCAGTGTATTGCTAGCGGCTGT	108	0	0
ACGTTGGCTCTGGTGGTG	104	2	0
TGACAGCGCCCTGCCTGGCTC	105	1	0
GAGTGGGGCTTCGACCCTAACC	103	1	0
GGGAGCCAGGAAGTATTGATGT	95	6	0
GTAGAGGAGATGGCGCAGGG	93	8	0
TCTAGTAAGAGTGGCAGTCGA	99	0	0
AGGCAGTGTAGTTAGCTGATTGC	98	0	0
AGGCGGAGACTTGGGCAATTG	95	2	0
AAGATGTGGAAAAATTGGAATC	96	1	0
TTCTGCCTCTGTCCAGGTCCTT	96	0	0
TGGGAACGGGTTCCGGCAGACGCTG	94	2	0
CTCCTGGGGCCCGCACTCTCGC	88	4	0
CTGGGAGGTCAAGGCTGCAGT	91	1	0
AAAAACCACAATTACTTTTGCACCA	89	2	0
ATATTACCATTAGCTCATCTTT	91	0	0
TCACAAGTCAGGCTCTTGGGAC	88	0	0
TGCACGGCACTGGGGACACGT	85	2	0
GTGAGTCTCTAAGAAAAGAGGA	85	0	0
CCAGTATTAACTGTGCTGCTGA	82	1	0
TGGGGTGCCCACTCCGCAAGTT	80	2	0
ATCAAGGATCTTAAACTTTGCC	81	0	0
AGTTCTTCAGTGGCAAGCTTTA	81	0	0
ACAGATTCGATTCTAGGGGAAT	81	0	0
GCCCAAAGGTGAATTTTTTGGG	80	1	0
TCCCCCAGGTGTGATTCTGATTT	73	7	0
TGGCGGCGGTAGTTATGGGCTT	78	1	0
TGTGTCCCATTATTGGTGATT	77	0	0
CAGTTATCACAGTGCTGATGCT	75	2	0
TGACCGATTTCTCCTGGTGTTC	75	1	0
AAGGGCTTCCTCTCTGCAGGAC	75	0	0
ATTCTAATTTCTCCACGTCTTT	74	0	0
TTTTGTGTCTCCCATTCCCCAG	69	2	0
AAACTCTACTTGTCCTTCTGAGT	71	0	0
AAAAGTAATTGTGGTTTTTGCC	70	1	0
GGCTTCTTTACAGTGCTGCCTTG	71	0	0
CGCGCCGGGCCCGGGTT	70	1	0
CTCCGGGACGGCTGGGC	67	3	0
TTTGAGGCTACAGTGAGATGTG	69	0	0
CTTATGCAAGATTCCCTTCTAC	66	1	0
AGCGCGGGCTGAGCGCTGCCAGTC	67	0	0
CTAGTGCTCTCCGTTACAAGTA	66	1	0
TAGATAAAATATTGGTACCTG	66	1	0
CACAAGGTATTGGTATTACCT	67	0	0
CAAAACTGGCAATTACTTTTGC	65	0	0
ACAGGTGAGGTTCTTGGGAGCC	64	1	0
TCGAGGAGCTCACAGTCT	64	0	0
TTCATTTGGTATAAACCGCGATT	64	0	0
CTGTACAGGCCACTGCCTTGC	63	0	0
TGTCCTCTAGGGCCTGCAGTCT	62	0	0
AAAGCTGGGTTGAGAAGG	59	2	0
CTATACAATCTACTGTCTTTC	60	1	0
AAAAGTAATTGTGGTTTTGGCC	61	0	0
GATCTCACTTTGTTGCCCAGG	58	2	0
AGGCAGTGTATTGTTAGCTGGC	58	0	1
GAGAGCAGTGTGTGTTGCCTGG	59	0	0
CTATACAGTCTACTGTCTTTCC	57	0	0
ACTGGACTTGGAGTCAGGA	57	0	0
CTCAGTAGCCAGTGTAGATCCT	54	1	0
AAAAGTACTTGCGGATTTTGCT	55	0	0
TCTACAGTGCACGTGTCTCCAGT	54	0	0
TCCTGCCTTCCTCTGCACCAG	54	0	0
TAACTGGTTGAACAACTGAACC	53	0	0
TTCTCCCACTACCAGGCTCCCA	53	0	0
ACAGTAGTCTGCACATTGGTTA	52	1	0
TCCAGCATCAGTGATTTTGTTG	49	4	0
AAAAGTAATTGCGGTTTTTGCC	51	1	0
TTAGGCCGCAGATCTGGGTGA	52	0	0
AAAAGGCATTGTGGTTTTTG	52	0	0
TACCCAGTCTCCGGTGCAGCC	51	0	0
AGGGGCTGGCTTTCCTCTGGTC	47	4	0
AACCATCGACCGTTGAGTGGAC	50	0	0
CCAGTCCTGTGCCTGCCGCCT	49	1	0
CAAGCTCGCTTCTATGGGTCTG	49	0	0
CAGTGCCTCGGCAGTGCAGCCC	47	1	0
CAATTTAGTGTGTGTGATATTT	48	0	0
AAAAACTGAGACTACTTTTGCA	48	0	0
TAAATCCCATGGTGCCTTCTCCT	47	1	0
CTGAATAGCTGGGACTACAGGT	44	3	0
CTATACGACCTGCTGCCTTTCT	46	1	0
TGTAGTGTTTCCTACTTTATGGA	46	0	0
TCCTGTCTTTCCTTGTTGGAGC	46	0	0
TCAGCAAACATTTATTGTGTGC	45	0	0
GGAGGAACCTTGGAGCTTCGGC	44	1	0
TAGGCAGTGTCATTAGCTGATTG	45	0	0
CAACTAGACTGTGAGCTTCTAG	45	0	0
GCGACCCACTCTTGGTTTCCA	44	0	0
AAAAGCTGGGCTGAGAGGCG	41	3	0
TGTGCTTGCTCGTCCCGCCCGCA	42	2	0
CTCCCACATGCAGGGTTTGCA	43	0	0
TTCTGGAATTCTGTGTGAGGGA	43	0	0
GCTGGGATTACAGGCATGAGCC	40	3	0
CGGTCGCCGCGGTTCGCCGCC	40	1	0
TCAGCAGGCAGGCTGGTGCAGC	37	4	0
CTTTTTGCGGTCTGGGCTTGC	41	0	0
TTTTCAACTCTAATGGGAGAGA	41	0	0
ACCTCCTGTGTGCATGGATTA	40	1	0
TACCTGGGAGACTGAGGTTGGA	40	0	0
TTCAAGTAATTCAGGTG	40	0	0
TCTGTGAGACCAAAGAACTACT	40	0	0
GTGAGGGCATGCAGGCCTGGATGGGG	37	2	0
TGAGGATATGGCAGGGAAGGGGA	39	0	0
CGGCAACAAGAAACTGCCTGAG	39	0	0
CTTAGCAGGTTGTATTATCATT	39	0	0
TTCGGGCTGGCCTGCTGCTCCGG	37	1	0
CTGGGAGAGGGTTGTTTACTCC	37	1	0
AAAAGTAATCACTGTTTTTGCC	37	0	0
AAAGCAAATGTTGGGTGAACGGC	31	5	0
TGCCTACTGAGCTGATATCAGT	36	0	0
CTGGGAGGTGGATGTTTACTTC	32	3	0
TGGAGAGAAAGGCAGTA	35	0	0
GTGTGCGGAAATGCTTCTGCT	35	0	0
CAAACCACACTGTGGTGTTAGA	35	0	0
ACCGTGGCTTTCGATTGTTACT	34	0	0
CAGCCCGGATCCCAGCCCACTT	33	0	0
TGCCCTGCATGGTGTCCCCACAG	32	0	0
ATGACCTATGAATTGACAGAC	32	0	0
AGGAGGAATTGGTGCTGGTCTT	31	1	0
TGAAGCCAGCTCTGGTCTGGGC	31	0	0
CGGGGTTTTGAGGGCGAGATGA	31	0	0
TGTTCCTCTGTCTCCCAGAC	29	0	1
CTTTCAGTCAGATGTTTGCTGC	30	0	0
TTGTGGCTGGTCATGAGGCTAA	30	0	0
ACCTTGCCTTGCTGCCCGGGCC	23	7	0
GGGGGTCCCCGGTGCTCGGATC	28	2	0
TGCCCCAACAAGGAAGGACAAG	28	1	0
ATGGGTGAATTTGTAGAAGGAT	28	1	0
CCTGCAGAGAGGAAGCCCTTC	29	0	0
GACCGAGAGGGCCTCGGCTGT	28	0	0
GGTGGCCCGGCCGTGCCTGAGG	28	0	0
TCTCTGCTCTGCTCTCCCCAG	17	2	9
GATATCAGCTCAGTAGGCACCG	28	0	0
CGCAGGGGCCGGGTGCTCACCG	26	1	0
TTGGAGGCGTGGGTTTT	7	20	0
CGAAAACAGCAATTACCTTTGC	27	0	0
AGAGTCGGCGACGCCGCCAGC	27	0	0
CAAAGTGATGAGTAATACTGGCTG	26	1	0
TTGGGATCATTTTGCATCCATA	26	0	0
TCAGTAAATGTTTATTAGATGA	26	0	0
CTGCGCAAGCTACTGCCTTGCT	26	0	0
TCTCTTCATCTACCCCCCAG	25	0	0
GGCCAGCCACCAGGAGGGCTG	25	0	0
ACTGATTTCTTTTGGTGTTCAG	24	1	0
CTATACGGCCTCCTAGCTTTCC	24	0	0
TGCGGCAGAGCTGGGGTCA	24	0	0
AAAGTTCTGAGACACTCCGACT	24	0	0
TGAGTGTGTGTGTGTGAGTGTGT	17	6	1
TTGCCACACTGCAACACCTTACA	23	1	0
TCTTCTTCCTTTGCAGAGTTGA	23	0	1
ATATACCTGTTCGGTCTCTTTA	24	0	0
TCGCGGTTTGTGCCAGATGACG	23	0	0
TTCCCTTTGTCATCCTATGCCT	22	1	0
AGTTGCCTTTTTGTTCCCATGC	23	0	0
CAAAAACCGCAATTACTTTTGCA	22	1	0
TAAAGAGCCCTGTGGAGACA	23	0	0
ATCAGGGCTTGTGGAATGGGAAG	23	0	0
TATGGCTTTTCATTCCTATGTGA	23	0	0
AAAAGTAATTGTGGTTTTTGC	23	0	0
AAAAGTATTTGCGGGTTTTGTC	23	0	0
TCAACAAAATCACTGATGCTGGA	23	0	0
TGTGCGCAGGGAGACCTCTCCC	23	0	0
ACCACTGACCGTTGACTGTACC	23	0	0
GATGAGCTCATTGTAATATGAG	23	0	0
TAATCTCAGCTGGCAACTGTGA	22	0	0
TCAGGCCAGGCACAGTGGCTCA	20	2	0
CGTGCCACCCTTTTCCCCAG	18	4	0
AAAACCGTCTAGTTACAGTTGT	22	0	0
GTAGCACCTTGCAGGATAAGGT	22	0	0
TAAAACTTTAAGTGTGCCTAGG	22	0	0
ACCCGTCCCGTTCGTCCCCGGA	20	2	0
TGGTTCTAGACTTGCCAACTA	21	0	0
ACGGTGCTGGATGTGGCCTTT	21	0	0
TTGTTCTTTGGTCTTTCAGCCA	20	0	1
AGTGGATGATGGAGACTCGGTAC	21	0	0
TCAAATGCTCAGACTCCTGTGGT	20	0	0
TCTGGCTGCTATGGCCCCCTC	20	0	0
TGTGTGGATCCTGGAGGAGGCA	20	0	0
GTTCCTGCTGAACTGAGCCAG	20	0	0
TTGAGGAGACATGGTGGGGGCC	20	0	0
TGCCCTGCCTGTTTTCTCCTTT	19	1	0
CAAAAGCAATCGCGGTTTTTGC	20	0	0
TGTCGTGGGGCTTGCTGGCTTG	20	0	0
CTGCAGGCAGAAGTGGGGCTGACA	17	3	0
AAAAGTAATTGCGGTCTTTGGT	20	0	0
TGCTGGATCAGTGGTTCGAGTC	20	0	0
AAAGGAGGAAATAGGCAGGCCA	20	0	0
CACTGCATTCCTGCTTGGCCCAG	16	3	0
AGGCATTGACTTCTCACTAGCT	19	0	0
TCCCTTCTTCCTGGGCCCTCA	17	2	0
TGTGACTTCTCCCCTGCCACAG	19	0	0
CTGCCAATTCCATAGGTCACAG	19	0	0
TAGTACTGTGCATATCATCTAT	19	0	0
TAGTGAGTTAGAGATGCAGAGCC	19	0	0
CTGTCCTAAGGTTGTTGAGTT	19	0	0
TGTGTACACACGTGCCAGGCGCT	19	0	0
AGGGGGATGGCAGAGCAAAATT	19	0	0
CTGGGAGAAGGCTGTTTACTCT	18	1	0
ATATGGGTTTACTAGTTGGT	19	0	0
CTGACTGAATAGGTAGGGTCATT	18	0	1
TCTGCAGGTCCTGGTGAACGCCAT	18	0	0
ACCTGTCTGTGGAAAGGAGCTA	17	1	0
TGAGGGCTCCAGGTGACGGTGG	17	1	0
CCCAGTGTTTAGACTATCTGTTC	18	0	0
CAGTGGCCAGAGCCCTGCAGTG	18	0	0
GTGAGCCAGTGGAATGGAGAGG	10	8	0
ACAAGGTGTGCATGCCTGACC	18	0	0
TTATCCTCCAGTAGACTAGGGA	18	0	0
GCTCTGACTTTATTGCACTACT	18	0	0
AAAAGCACTTTTCTGTCTCCCAG	16	1	0
TTTGGTCCCCTTCAACCAGCTG	17	0	0
AATAGCTCAGAATGTCAGTTCTG	13	3	1
AATCTGAGAAGGCGCACAAGGT	17	0	0
TGTGCAGCAGGCCAACCGAGA	17	0	0
TCGAGGACTGGTGGAAGGGCCTT	17	0	0
CCCTGTGCCCGGCCCACTTCTG	14	3	0
ACTTGTATGCTAGCTCAGGTAG	17	0	0
ATTGTCCTTGCTGTTTGGAGAT	17	0	0
TAGTCCCTTCCTTGAAGCGGTC	17	0	0
ACCTGGGTTGTCCCCTCTAG	17	0	0
CCAGAGCAGCCTGCGGTAACAGT	17	0	0
ACTGGGCTTGGAGTCAGAAG	17	0	0
ATGTATGTGTGCATGTGCATG	16	1	0
TGCAAAAGTAATTGCAGTTTTTG	16	0	0
ACTGGACTAGGAGTCAGAAGG	16	0	0
CCTGTTCTCCATTACTTGGCT	16	0	0
GCATTGTGCAGGGCTATCA	15	1	0
GGTCCAGAGGGGAGATAGGTTC	14	2	0
GAATATGGGTATATTAGTTTGG	16	0	0
AACAATATCCTGGTGCTGAGTG	16	0	0
GCTGCGCTTGGATTTCGTCCCC	15	0	1
TCCCCTTCTGCAGGCCTGCTGG	16	0	0
AAGCCCTTACCCCAAAAAGTAT	16	0	0
ATCCCCAGATACAATGGACAA	16	0	0
TCTGGCTGTTGTGGTGTGCAA	15	0	0
TGAGTGTTGTCTACGAGGGCA	14	1	0
AGGGACTTTTGGGGGCAGATGTG	14	1	0
TCTATACAGACCCTGGCTTTTC	14	1	0
ACCATCGACCGTTGATTGTACC	15	0	0
TGATATGTTTGATATTGGGTTG	15	0	0
AAAAGTAATCGCGGTTTTTGTC	14	1	0
AGTTGCCAGGGCTGCCTTTGGT	14	1	0
TGAGCACCACACAGGCCGGGCGC	15	0	0
AGAAGGGGTGAAATTTAAACGT	14	1	0
TCTTTTCTTTGAGACTCACT	15	0	0
GGACCCACCCGGCCGGGAATA	15	0	0
TGCCCTGAGACTTTTGCTC	15	0	0
ATTGGGGACATTTTGCATTCAT	15	0	0
TGGGGCGGAGCTTCCGGAGGCC	12	2	0
TTGCCTGCCCTCTTCCTCCAG	14	0	0
ACCTTGGCTCTAGACTGCTTACT	14	0	0
AATGTGGAAGTGGTCTGAGGCAT	13	1	0
GGAGGGGTCCCGCACTGGGAGG	13	1	0
AGAACTCTTGCAGTCTTAGATGT	13	1	0
ACTGGACTTGGAGGCAGAA	13	0	0
TGAGGCTCTGTTAGCCTTGGCTC	13	0	0
AAAAGTAATTGTGGTTTTTG	13	0	0
CAGGGCTGGCAGTGACATGGGT	13	0	0
ATTGGGAACATTTTGCATGTAT	13	0	0
AAGTAGTTGGTTTGTATGAGATGGTT	10	3	0
GCTCTGACGAGGTTGCACTACT	12	1	0
AAATATGATGAAACTCACAGCTGAG	13	0	0
GTGATGGAGAGCAATACC	13	0	0
TTAAGACTTGCAGTGATGTTT	13	0	0
ACCAGGAGGCTGAGGCCCCT	12	1	0
TCAGGCAAAGGGATATTTACAGA	13	0	0
TTCACCACCTTCTCCACCCAGC	13	0	0
TTGTGTCAATATGCGATGATGT	13	0	0
CCCCAGGGCGACGCGGCGGG	12	1	0
TGACCTGGGACTCGGACAGCTG	13	0	0
TGGGCGTATCTGTATGCTA	13	0	0
AAGACGGGAGGAAAGAAGGGAG	11	2	0
TAAATTTCACCTTTCTGAGAAGG	12	0	0
TGAGGTAGTAGTTTCTT	11	1	0
AATTCTGTAAAGGAAGAAGAGG	12	0	0
AGGATGAGCAAAGAAAGTAGATT	12	0	0
TAATACTGCCTGGTAATGATGA	12	0	0
CCCTGCTGCCTTCACCTGCCAG	12	0	0
GAAGGACCTGCACCTTCG	10	1	1
ACCCTATCAATATTGTCTCTGC	12	0	0
AGAATTCTCTTATCCAACATCAACA	11	1	0
CAGGAAGGAGACAGGCAGTTCA	12	0	0
CAGCACCCTGTGGCTCCCACAG	12	0	0
CTCCTGACTCCAGGTCCTGTGT	5	6	1
CCAAAACTGCAGTTACTTTTGC	12	0	0
TTCCATGCCTCCTAGAAGTTCC	12	0	0
ACACTTGTTGGGATGACCTGC	12	0	0
TGAGGGACAGATGCCAGAAGCA	11	0	0
GCAAAGCACACGGCCTGCAGAGA	6	5	0
CAACAACATTAAACCACCCGA	11	0	0
TGGAATGTAAAGAAGTATGTAT	11	0	0
CAGGGCAGAGGGCACAGGAATCTGA	10	1	0
GTGTCTGCTTCCTGTGGGA	11	0	0
TAGAGAGGGGAAGGATGTGATGT	10	1	0
AAGGCCCGGGCTTTCCTCCCAG	10	1	0
AGTGCCTGAGGGAGTAAGAG	11	0	0
TGGGGGAGGAAGGACAGGCCAT	9	2	0
ATAGCAATTGCTCTTTTGGAA	11	0	0
CCCTGGGCCTCTGCTCCCCAG	11	0	0
CACATGGCCGAAACAGAGAAGT	11	0	0
GCCTGGAGCTACTCCACCATCTC	11	0	0
ACTGAGCCTCTCTCTCTCCAG	11	0	0
AAAGGTAATTGCAGTTTTTCCC	11	0	0
CAAAAACCACAGTTTCTTTTGC	11	0	0
TAAATTTCACCTTTCTGAGAAGA	11	0	0
GACTGGACAAGCTGAGGAA	11	0	0
TTTAAGAAAACACCATGGAGAT	9	2	0
CCGGTCCCAGGAGAACCTGCAGA	11	0	0
TTCACTGGAGTTTGTTTCAATA	10	0	0
AGATGTCCAGCCACAATTCTCG	10	0	0
TCCAGGGAGACAGTGTGTGAG	9	1	0
TGCCTACTGAGCTGAAACACAG	10	0	0
AAGAGAGGAGCAGTGGTGCTGTGG	10	0	0
CCACCTCCCCTGCAAACGTCCA	9	1	0
TTGCAGCTGCGGTTGTAAGGT	10	0	0
GTCCCTCTCCAAATGTGTCTTG	10	0	0
GTTCTGTTAACCCATCCCCTCA	10	0	0
TGCTTAAGTTGTACCAAGTAT	9	1	0
AAAAGTAATTGCAGTTTTTGC	10	0	0
CAACCTCGACGATCTCCTCAGC	10	0	0
AGGGAAGGAGGCTTGGTCTTAG	10	0	0
TCAAGTCACTAGTGGTTCCGTTTAG	10	0	0
TGAGGCCCTTGGGGCACAGTGG	10	0	0
CTTTGCTTCCTGCTCCCCTAG	10	0	0
TTCCTGGGCTTCTCCTCTGTAG	10	0	0
TAGCCCCCAGGCTTCACTTGGCG	10	0	0
CGGCCCCACGCACCAGGGTAAGA	10	0	0
GATGCGCCGCCCACTGCCCCGCGC	10	0	0
TTGCACTTGTCTCAGTGA	10	0	0
TCTCCCTTCCTGCCCTGGCTAG	9	1	0
GTGAACGGGCGCCATCCCGAGG	9	1	0
TGCACCATGGTTGTCTGAGCATG	10	0	0
CTCGAGTTGGAAGAGGCG	10	0	0
TCAGCACCAGGATATTGTTGGAG	9	0	0
GCTGGTGCAAAAGTAATGGCGG	8	1	0
GAAGATGGTGCTGTGCTGAGGAA	9	0	0
CGCGCCTGCAGGAACTGGTAGA	9	0	0
CATCTGGCATCCGTCACACAGA	9	0	0
TCTGCAAGTGTCAGAGGCGAGG	9	0	0
AGTGGACCGAGGAAGGAAGGA	9	0	0
CCCAGTGTTCAGACTACCTGTTC	9	0	0
CAGGGCCTCACTGTATCGCCCA	9	0	0
GCTAAGGAAGTCCTGTGCTCAG	1	8	0
TGTCACCCGCTCCTTGCCCAG	8	1	0
TGAGTGCCGGTGCCTGCCCTG	8	1	0
TAGGTGGCGCCGGAGGAGTCATT	9	0	0
CTGGCGGAGCCCATTCCATGCCA	9	0	0
AGGAGAAGTCGGGAAGGT	9	0	0
TGCATCACAGCCTTTGGCCCTAG	9	0	0
GAGGCAGAAGCAGGATGACA	9	0	0
TGCAGGACCAAGATGAGCCCT	9	0	0
AGAGGCTTTGTGCGGATACGGGG	7	2	0
AGGTGGGTATGGAGGAGCCCT	9	0	0
ATGGTCACCTCCGGGACT	9	0	0
CTCTCGGACAAGCTGTAGGTC	8	1	0
TGGTGCGGAGAGGGCCCACAGTG	8	0	0
CTGCCCTAGTCTAGCTGAAGCT	7	1	0
TGAGACCAGGACTGGATGCACC	7	1	0
TGTGGACAGTGAGGTAGAGGGAGT	8	0	0
CTCCGTTTGCCTGTTTCGCTG	8	0	0
AACTGAACCAGGAGTGAGCTTCG	8	0	0
CTATACAACTTACTACTTTCCC	8	0	0
AGGGCCGAAGGGTGGAAGCTGC	8	0	0
CGTCCCGGGGCTGCGCGAGGCA	7	1	0
CAGTGCAATGTTAAAAGGGCAT	7	1	0
CCATGTGTCTGGGCTGGGAAAC	8	0	0
TCTGGGAGGTTGTAGCAGTGGAA	8	0	0
CTGACTGTTGCCGTCCTCCAG	8	0	0
TCTGTATTCTCCTTTGCCTGCAG	8	0	0
CGAGGGCATTTCATGATGCAGGC	8	0	0
TGGGCAGGGGCTTATTGTAGGAG	7	1	0
CCCCGGTGTTGGGGCGCGTCTGC	8	0	0
TTGGAGGGTGTGGAAGACATC	8	0	0
TAAAACTGCAGTTATTTTTGC	8	0	0
TTTGTATGGATATGTGTGTGTAT	8	0	0
TCCTGTCCCTGTCTCCTACAG	8	0	0
ATCGCTGCGGTTGCGAGCGCTGT	7	1	0
CTCGCCCTGTCTCCCGCTAG	8	0	0
AGGGCCAGAGGAGCCTGGAGTGG	8	0	0
TGCGGGGACAGGCCAGGGCATC	8	0	0
AGCCGCGGGGATCGCCGAGGG	7	1	0
TTTAGGATAAGCTTGACTTTTG	8	0	0
CCTGGCATATTTGGTATAACTT	6	1	0
TATCCAGCTTGTTACTATATGC	7	0	0
TGGAGACGCGGCCCTGTTGGAGT	6	1	0
TAGAGGAAGCTGTGGAGAGA	7	0	0
AAAAGTAATTGCGAGTTTTACC	7	0	0
AATCATGTGCAGTGCCAATATG	6	1	0
ACTCAAAACCCTTCAGTGACTT	7	0	0
TATGGTACTCCTTAAGCTAAC	7	0	0
TGCAACGAACCTGAGCCACTGA	7	0	0
TGAGGGTGTCAGCAGGTGACG	7	0	0
GTGGCTGCACTCACTTCCTTC	7	0	0
AAAAGTAATTGCGGTTTTTGC	7	0	0
TCCCTTGTCTCCTTTCCCTAG	7	0	0
GCTCGGACTGAGCAGGTGGG	6	1	0
TGTGACTTTAAGGGAAATGGCG	7	0	0
AAAAGTAACTGCGGTTTTTGCCT	7	0	0
TTCCACTGCCACTACCTAATTT	7	0	0
AAACTAATATACCCATATTCTG	7	0	0
CTATATATCAAACATATTCCT	7	0	0
ACAGCAGGCACAGACAGGCAGT	7	0	0
CACCGGGGATGGCAGAGGGTCG	7	0	0
TGGACTGCCCTGATCTGGAGA	7	0	0
TGCTGCCTCTCCTCTTGCCTGCAG	7	0	0
CGCTCTAGGCACCGCAGCA	7	0	0
TGAGGATGGATAGCAAGGAAGCC	7	0	0
AACTGGATCAATTATAGGAGTG	7	0	0
CGGCCCGGGCTGCTGCTGTTCCT	7	0	0
TTTCCCTTCAGAGCCTGGCTTT	6	1	0
TCCATGTTTCCTTCCCCCTTCT	7	0	0
CTGGGGAGATCCTCGAGGTTGG	7	0	0
CAGTTCAGAAGTGTTCCTGAGT	7	0	0
AACTAGCTCTGTGGATCCTGAC	7	0	0
TGGTCAGATTTGAACTCTTCAA	6	1	0
ACAGAGGACAGTGGAGTGTGAGC	7	0	0
ACCAAGTCTGCGTCATCCTCTC	7	0	0
CTTCCGGTCTGTGAGCCCCGTC	7	0	0
CTGGGGGGAGGAGACCCTGCT	7	0	0
TGGTTCTCTTGTGGCTCAAGCGT	7	0	0
GAGGGTCTTGGGAGGGATGTGAC	7	0	0
CCCTGAGACCCTAACCTTAA	7	0	0
AAACCGTTACCATTACTGAGTT	7	0	0
ATGCGAGGATGCTGACAGTG	7	0	0
ACCCCCGGGCAAAGACCTGCAGAT	7	0	0
ATACCCATAGCTTAGCTCCCA	7	0	0
TGACTGAGCTTCTCCCCACAG	7	0	0
CACTGTTTCACCACTGGCTCTT	7	0	0
TTTCTCTCTCCACTTCCTCAG	7	0	0
TCGGCTCTCTCCCTCACCCTAG	7	0	0
GCCCCGGGCAGTGTGATCATC	7	0	0
GCTGGTTTCATATGGTGGTTTAGA	6	1	0
CTATACAACCTACTGCCTTCCC	6	0	0
GTGACATCACATATACGGCAGC	6	0	0
GAAGATGGACGTACTTT	6	0	0
TCAGGTGTGGAAACTGAGGCAG	6	0	0
GAAAGTAATTGCTGTTTTTGCC	6	0	0
GCACCCAGGCAAGGATTCTG	6	0	0
TGGGGGAGCCATGAGATAAGAGCA	5	1	0
GAGAGGAACATGGGCTCAGGACA	6	0	0
AGGGACTTTCAGGGGCAGCTGT	6	0	0
CCTCTTCCCCTTGTCTCTCCAG	4	2	0
CCTCACCATCCCTTCTGCCTGC	5	1	0
AGACCTGGCCCAGACCTCAGC	5	1	0
TTGAAGAGGAGGTGCTCTGTAGC	6	0	0
AGGGGGGCACTGCGCAAGCAAAGCC	6	0	0
TTGTCTGCTGAGTTTCC	6	0	0
TCTGTGCCCCTACTTCCCAG	5	1	0
AAACCTGTGTTGTTCAAGAGTC	6	0	0
AATGTGTAGCAAAAGACAGA	6	0	0
GTCCAGTTTTCCCAGGAATCCCT	6	0	0
ACCAGCCTGTGTCCACCTCCAG	6	0	0
TTGGCCACAATGGGTTAGAAC	6	0	0
AGTGGGAGGCCAGGGCACGGCA	6	0	0
AGCTACAGTTACTTTTGCACCA	6	0	0
TAGCCTTCAGATCTTGGTGTTTT	5	1	0
CTTGGATTTTCCTGGGCCTCAG	6	0	0
TGGGCGCGCCGGGACTGTGAGAC	5	1	0
CTTGGTTCAGGGAGGGTCCCCA	6	0	0
TGAGGTGACCGCAGATGGGAA	6	0	0
TATAAAATGAGGGCAGTAAGAC	6	0	0
AGAAGGCACTATGAGATTTAGA	6	0	0
CACACAGGAAAAGCGGGGCCCTG	5	1	0
GTGTGACCACCGTTCCTGCAG	6	0	0
TTGAGAATGATGAATCATTAGG	5	1	0
AATTACAGATTGTCTCAGAGA	6	0	0
TGGGTGGTCTGGAGATTTGTGC	6	0	0
AGGGGGCGCAGTCACTGACGTG	6	0	0
GACACGGGCGACAGCTGCGGCCC	6	0	0
GAGGGCATGCGCACTTTGTCC	6	0	0
AGCTCTGCTGCTCACTGGCAGT	6	0	0
CTTCCCCCCAGTAATCTTCATC	6	0	0
AGTCATTGGAGGGTTTGAGCAG	6	0	0
CAAAGACTGCAATTACTTTTGCG	6	0	0
TTGTGGGTGGGCAGAAGTCTGT	6	0	0
TACAGATGCAGATTCTCTGACTTC	5	1	0
AAAAGTAATTGCGGGTTTTGCC	6	0	0
ACAACAGTGACTTGCTCTCCAA	6	0	0
AGAAGGAAATTGAATTCATTTA	6	0	0
CAGGCAGAAGTGGGGCTGACAGG	6	0	0
CAGGGAAATGGGAAGAACTAGA	6	0	0
TGGAAGGGAGAAGAGCTTTAAT	5	0	0
TGGGGAGGTGTGGAGTCAGCAT	5	0	0
GTGAAATGTTTAGGACCACTAG	5	0	0
TTCTCCAAAAGAAAGCACTTTCTG	5	0	0
CTTCTCTTCTCTCCTTCCCAG	4	0	1
CCTTCACTGTGACTCTGCTGCAG	5	0	0
CAAAAGTGATTGTGGTTTTTGC	5	0	0
TGAAACTGGAGCGCCTGGAGGA	5	0	0
ATGGCCAAAACTGCAGTTATTTT	5	0	0
CCTCCGTGTTACCTGTCCTCTAG	5	0	0
CCACTTGGATCTGAAGGCTGCCC	5	0	0
CTGGCCTCTTCTTTCTCCTAG	5	0	0
AACTCTGACCCCTTAGGTTGAT	5	0	0
TGCCTGGAACATAGTAGGGACT	4	1	0
CCACTGCCTATGCCCCACAG	5	0	0
ACACATGGGTGGCTGTGGCCT	5	0	0
TGCTGGGGGCCACATGAGTGTG	5	0	0
TCGGGGAGTCTGGGGTCCGGAAT	5	0	0
CAGAGTGACAAGCTGGTTAAAG	5	0	0
TGTCTCTCGCCCTTGGCCTTAG	5	0	0
TACGCGCAGACCACAGGATGTC	5	0	0
ATTGTCCCTCTCCCTTCCCAG	4	1	0
CAGGGAACAGCTGGGTGAGCTGCT	5	0	0
AGCTTTTGGGAATTCAGGTAGT	5	0	0
AGCGGTGCTCCTGCGGGCCGA	5	0	0
TTTGGAGAGGTGTACTCCCA	5	0	0
TGGGTTCCTGGCATGCTGATTT	5	0	0
CTGATAAGAACAGAGGCCCAGAT	5	0	0
AGGGCTGGACTCAGCGGCGGAGCT	5	0	0
TAGGTGGCAGAGGAGGGACTTCA	5	0	0
CGGCGGCGGCGGCTCTGGGCG	5	0	0
TAATACTGTCTGGTAAAACCGT	5	0	0
TGGGAGCCATGAGGGTCTGTGC	5	0	0
TACAGTATAGATGATGTACT	5	0	0
AGGCCTGTGGCTCCTCCCTCAG	5	0	0
ACAGGTCCTAAGAGACTGCAT	5	0	0
GGGGTATTGTTTCCGCTGCCAGG	5	0	0
TGAAGGTCTACTGTGTGCCAGG	5	0	0
TAGGGGAAAAGTCCTGATCCGG	5	0	0
CACATATGAAGTGAGCCAGCAC	5	0	0
AGGAGGTGGTACTAGGGGCCAGC	5	0	0
GCAGCCCAGCTGAGGCCTCTG	5	0	0
TGCCTCTTTTCCACGGCCTCAG	5	0	0
CTCGTGGGCTCTGGCCACGGCC	5	0	0
TACAAGTCAGGAGCTGAAGCAG	5	0	0
TATGGAGTGGACTTTCAGCTGGC	5	0	0
TTTCTTCTTAGACATGGCAACG	5	0	0
CATGGGAGTTCGGGGTGGTTGC	5	0	0
TGAAGTACCAGCTACTCGAGAG	5	0	0
ACTGGGGAGCAGAAGGAGAACC	5	0	0
TAGGAGCTCAACAGATGCCTGTT	5	0	0
CCAGTGGGGCTGCTGTTATCTG	5	0	0
GCAGTTCTGAGCACAGTACAC	5	0	0
AACTCCAAACACTCAAAACTCA	5	0	0
AGAAAGGGTGGCAATACCTCTT	5	0	0
CGGGGCCATGGAGCAGCCTGTGT	5	0	0
TTCACCCCTCTCACCTAAGCAG	5	0	0
CCAATATTGGCTGTGCTGCTCC	4	1	0
TCTGGGGATGAGGACAGTGTGT	5	0	0
TCTGCACTGTGAGTTGGCTGGCT	4	0	0
GTGGAGTCCTGGGGAATGGAGA	4	0	0
TGATCTCACCGCTGCCTCCTTC	3	1	0
CTGGGCTCCCGGACGAGGCGGG	3	0	1
TTAGCGGTGGACCGCCCTGCG	4	0	0
AACCCGTAGATCCGAACTTGTG	4	0	0
TGATGATACAGGTGGAGGTAG	4	0	0
TTGTTCTCAAACTGGCTGTCAGA	4	0	0
AAGTCCTGCTTCTGTTGCAG	4	0	0
GGCGACAAAACGAGACCCTGTC	4	0	0
TCATAGCCCTGTACAATGCTGCT	4	0	0
TTTCCCTTTCCATCCTGGCAG	4	0	0
CATCAGTTCCTAATGCATTGCC	4	0	0
CCAACCTAGGTGGTCAGAGTTG	4	0	0
TTTCCTCTCTGCCCCATAGGGTGT	4	0	0
TGGAAGGAGGTTGCCGGACGCT	4	0	0
TGTCTACATTAATGAAAAGAGC	4	0	0
TAGATCTTTGACTCTGGCAGTCTCCAGG	4	0	0
TTCCCTATCTCACTCTCCTCAG	4	0	0
TGAGCTAAATGTGTGCTGGGA	3	1	0
AACCACTTTCTTTGCTCATCCA	4	0	0
TGAGCCCCTGTGCCGCCCCCAG	3	1	0
AATCAGTGAATGCCTTGAACCT	4	0	0
ATCCGCGCTCTGACTCTCTGCC	4	0	0
AAATGTCACCTTTTTGAGAGGA	3	1	0
CATAGATCTCGTCGCTTACTGGGA	4	0	0
TTCAGCAGGAACAGCT	4	0	0
TTGTGTGAGTACAGAGAGCATC	4	0	0
TCAATAGGAAAGAGGTGGGACCT	4	0	0
AGTTTGGGATGGAGAGAGGAGA	4	0	0
AGAGCTGAGACTAGAAAGCCCA	4	0	0
ACTCATTCTCCTCTGTCCAG	4	0	0
CAGGGAGGTGAATGTGAT	3	1	0
ATAACATTGTAAAGCGCTTCTTTCG	4	0	0
GATGATGCTGCTGATGCTG	4	0	0
AAAAACTGTAATTACTTTT	4	0	0
TAAGGGGTGTATGGCAGATGCA	3	1	0
ATGTCCATATTATGGGTTAGT	4	0	0
AAAACTGCAGTTACTTTTGC	3	1	0
AGAGCAGAAGGATGAGAT	4	0	0
CAGAGGGAATACAGAGGGCAAT	4	0	0
GCCCAGGACTTTGTGCGGGGTG	4	0	0
CGGGGCCGTAGCACTGTCTGAGA	2	2	0
TGAGGGGCCTCAGACCGAGCTTTT	4	0	0
TGCAGCTCTGGTGGAAAATGGAG	3	1	0
TCAAGTAGTTTCATGATAAAGG	4	0	0
TGAGCCCTGTCCTCCCGCAG	4	0	0
ATTCTTCCTGCCCTGGCTCCAT	4	0	0
TAGGACTGTGCTTGGCACATAG	3	0	1
ATGGTCTCCTGTTCTCTGCAG	4	0	0
AGGCCCTGTCCTCTGCCCCAG	4	0	0
AGGGGACTGGTTAATAGAACTA	4	0	0
TTTTGCATGACCCTGGGAGTAGG	4	0	0
TTGGACTTTTTCAGATTTGGGGAT	4	0	0
TGGGGACGTAGCTGGCCAGACAG	4	0	0
GTGCCAGCTGCAGTGGGGGAG	4	0	0
AAGAGGAAGAAATGGCTGGTTCTCAG	4	0	0
ACATCCTGCTCCACAGGGCAGAGG	4	0	0
AAAAGTAACTGCGGTTTTTGA	4	0	0
AGAGTTGAGTCTGGACGTCCCG	4	0	0
TAGTTCTTCCCTTTGCCCAATT	4	0	0
TCTGTGCTTCACCCCTACCCAG	4	0	0
CATAAAGTAGAAAGCACTACT	4	0	0
TTGCACTCTGGCCTTCTCCCAGG	4	0	0
GCTGACAGCAGGGCTGGCCGCT	4	0	0
ACTGGGATGTCACTGAATATGGT	4	0	0
TCTCTCTCCCACTTCCCTGCAG	4	0	0
AGTTTTGCAGGTTTGCATTTCA	4	0	0
TCAGTGTCTGGATTTCCTAG	3	1	0
TGCCCCATCTGTGCCCTGGGTAGGA	4	0	0
TTAGTCTCATGATCAGACACA	4	0	0
CACACATAGCAGGTGTATATA	4	0	0
CCTCAGGGCTGTAGAACAGGGCT	3	1	0
AGCAGAGGCAGAGAGGCTCAGG	4	0	0
AGTATTCTGTACCAGGGAAGGT	4	0	0
GTCCGCTCGGCGGTGGCCCA	4	0	0
TTGGGGTTTGGGGTGCAGACATTGC	4	0	0
CAAAACCGCGATTACTCTTGCA	4	0	0
AAAAGGCGGGAGAAGCCCCA	4	0	0
TGAGTGACAGGGGAAATGGGGA	2	2	0
TAGAGGTTCTAATGGTCCAGGGTTA	4	0	0
TGTGAGGTTGGCATTGTTGTCT	4	0	0
TTGTCTCTTGTTCCTCACACAG	4	0	0
TTGGGAGGGAAGACAGCTGGAGA	4	0	0
CAAAAGTAATTGTGGATTTTGT	4	0	0
GCGGTGATCCCGATGGTGTGAGC	4	0	0
TGGCCCTTTGTACCCCTCCAG	4	0	0
TAGGAGGGAATAGTAAAAGCAG	4	0	0
GTAGGTGACAGTCAGGGGCGG	3	1	0
CACAGGACTGACTCCTCACCCCAGTG	4	0	0
TTGGAATAGGGGATATCTCAGC	4	0	0
TAACGCATAATATGGACATGT	4	0	0
GTGAGGGACTGGGATTTGTGG	2	2	0
AAAAACTGTGATTACTTTTGC	4	0	0
AGACCCTGCAGCCTTCCCACC	4	0	0
GGCTAGCAACAGCGCTTACCT	2	1	0
CCCCTGGGGCTGGGCAGGCGGA	3	0	0
GCAGCAGAGAATAGGACTACGTC	3	0	0
TCTGGGGTCTTGGGCCATC	3	0	0
TGGGGGTGGTCTCTAGCCAAGG	3	0	0
ACGGGGAGTCAGGCAGTGGTGGA	3	0	0
TCTCTGGTCTTTCCTTGACAG	3	0	0
GAGCCCCTCTCTGCTCTCCAG	3	0	0
GCTACTTCACAACACCAGGGCC	3	0	0
CTCTAGCCACAGATGCAGTGAT	3	0	0
CAACAAATCCCAGTCTACCTAA	3	0	0
TCTAGAGGAAGCACTTTCTGTTT	3	0	0
TGGGAACTTAGTAGAGGTTTAA	3	0	0
CAGCCTCTGCCCTTGGCCTCC	1	2	0
TACCATTAGAAGAGCTGGAAGA	3	0	0
TCTCAGCTGCTGCCCTCTCCAG	3	0	0
CGGGAGCTGGGGTCTGCAGGT	3	0	0
AGCAGAAGCAGGGAGGTTCTCCCA	3	0	0
TATGTGACCTCGGATGAATCA	3	0	0
TTGGAAGCTTGGACCAACTAGCTG	3	0	0
GGCTACAACACAGGACCCGGGC	3	0	0
AGCTGTAATTAGTCAGTTTTCT	3	0	0
ATTAGGTAGTGGCAGTGGAAC	3	0	0
TCTGACATCAGTGATTCTCCTG	3	0	0
TTCGCGGGCGAAGGCAAAGTC	3	0	0
AGAGCTTAGCTGATTGGTGAAC	3	0	0
CAAAAATCTCAATTACTTTTGC	3	0	0
CAAAAACTGCAGTTACTTTTGC	3	0	0
CAAAAACTGCATTACTTTTGC	2	1	0
TGTGACAATAGAGATGAACATG	3	0	0
CTGCAGACTCGACCTCCCAGGC	3	0	0
AAAAGTAATTGCGGTCTTT	3	0	0
TCGTGGCCTGGTCTCCATTAT	3	0	0
GTTCCACACTGACACTGCAGAAGT	3	0	0
CTGCCTGTTCTTCCACTCCAG	2	1	0
AAATCTCTGCAGGCAAATGTGA	3	0	0
TCAAGGCCAGAGGTCCCACAGCA	3	0	0
AATTTGGTTTCTGAGGCACTTAGT	3	0	0
TATGTCCCATCCCTCCATCA	3	0	0
TCTGAATTGTAAGAGTTGTTA	3	0	0
CATGCTGACCTCCCTCCTGCCCCAG	3	0	0
CTGCCACGAGCGTGCGGGCCT	3	0	0
ATCACATTGCCAGTGATTACCC	3	0	0
ACCCAGGTTCCCTCTGGCCGCA	3	0	0
ATCTAAATGCAGCATGCCAGTC	3	0	0
AATCACTAACCACACGGCCAGG	3	0	0
CAGCAGTGCGCAGGGCTG	3	0	0
GAGCCAGTGGTGAGACAGTGA	3	0	0
TCACCTGGCTGGCCCGCCCAG	3	0	0
GATGATGATGGCAGCAAATTCTGAAA	3	0	0
GGGGTTCCTGGGGATGGGATTT	3	0	0
TGATTGTCTTCCCCCACCCTCA	3	0	0
AGGGACTGCCTTAGGAGAAAGTT	3	0	0
TGCAACTTACCTGAGTCATTGA	3	0	0
CTGTATGCCCTCACCGCTCA	3	0	0
TGGAGATCCAGTGCTCGCCCGAT	3	0	0
TGACTTCTACCTCTTCCAAAG	2	1	0
TGGGGATTTGGAGAAGTGGTGA	2	1	0
TAGGGGCAGCAGAGGACCTGGG	3	0	0
CAGGGAACCAGTTGGGGCTT	3	0	0
AGAGGACCCGTAGCTGCTAGAAGG	3	0	0
CTCACTGAACAATGAATGCAA	3	0	0
ATTTGTGCTTGGCTCTGTCAC	2	1	0
CGGGGCAGCTCAGTACAGGAT	3	0	0
GCTGGTCTGCGTGGTGCTCGG	3	0	0
CAAGCCTCTCCTGCCCTTCCAG	3	0	0
GTGGTCTCTTGGCCCCCAG	3	0	0
AAGCAATACTGTTACCTGAAAT	3	0	0
TCTCAGGAGTAAAGACAGAGTT	3	0	0
CTAGCACACAGATACGCCCAGA	3	0	0
TGTCAGTTTGTCAAATACCCCA	2	1	0
CCGCTTTCTGAGCTGGAC	3	0	0
TCGGTTATCATGGTACCGATGC	3	0	0
CAGGATGCCAGCATAGT	3	0	0
AGCTCCCTGAATCCCTGTCCCAG	3	0	0
AGAAGTAATTGCGGTTTTGCCA	3	0	0
CGGGGAGAGAACGCAGTGACGT	3	0	0
GTTTTACCACCTCCAGGAGACT	3	0	0
TGGGCTGCTGAGAAGGGGCA	3	0	0
TGGATTTTTGGATCAGGGA	1	2	0
TTTCCTGTCCTCCAACCAGACC	3	0	0
AGCATACACCTGTAGTCCTAGA	3	0	0
CCTCACCCAGCTCTCTGGCCCTCT	3	0	0
CTTCTGCCTGCATTCTACTCCCAG	2	1	0
GCTGGGCAGGGCTTCTGAGCTCCTT	2	0	1
GAACTCACCCTCTGCTCCCAG	3	0	0
CACCAGGGCAGAGCAGGGCTGA	3	0	0
AGGGGACCAAAGAGATATATAG	3	0	0
CCGGGGCAGATTGGTGTAGGGTG	3	0	0
ATTGTTCTGTCTTTCTCCCAG	3	0	0
CACCCCCTGTTTCCTGGCCCAC	2	1	0
TGAAGCTCTGACATTCCTGCAG	3	0	0
TCTCTGGTCTTGCCACCCCAG	3	0	0
TGAGATGAAGCACTGTAGCTC	3	0	0
TCTGAGGCCTGCCTCTCCCCA	3	0	0
TGGCAGTTACTTTTGCACCAG	3	0	0
TCATTTTTGTGATGTTGCAGCT	3	0	0
CTCCCCTCTCTTTCCTGTTCAG	3	0	0
GACAATTGTTGATCTTGGGCCT	2	1	0
ACCGTGCAAAGGTAGCATA	3	0	0
GCTGATGATGATGGTGCTGAAG	3	0	0
CTATACAATCTATTGCCTTCCC	3	0	0
CAACCTGGAGGACTCCATGCTG	3	0	0
AGAGGTTGCCCTTGGTGAATTC	1	2	0
CATCCGTCCGTCTGTCCAC	3	0	0
ACTTGGGCAGGAGGGACCCTGTATG	3	0	0
TGGAGAGAGAAAAGAGACAGAAG	3	0	0
TGGCCCGGCGACGTCTCACGGTC	3	0	0
TGGAGTCCAGGAATCTGCATTTT	2	1	0
TAGCAAAAACTGCAGTTACTTT	3	0	0
TTACACAGCTGGACAGAGGCA	3	0	0
TTGAAGGGACAAGTCAGATATGCC	3	0	0
CACACAAGTGGCCCCCAACACT	3	0	0
TGATTGGTACGTCTGTGGGTAG	3	0	0
TGACCTTTGCCTCTCCCCTCAG	3	0	0
TCTGTGGAGTGGGGTGCCTGT	3	0	0
AACACTGGCCTTGCTATCCCCA	3	0	0
AAAAGTAATTGTGGATTTTGCT	3	0	0
GGCCTTGTTCCTGTCCCCA	3	0	0
TGCTGAGGTCCGGGCTGTGCC	1	1	1
CAGCCCCACAGCCTCAGA	3	0	0
TACTCTGGAGAGTGACAATCATG	2	0	1
TGGCTGCTTCCCTTGGTCTCCAG	3	0	0
TGTGACTGGTTGACCAGAGGGG	2	0	0
TCTGTAGCCTGGGAGCAATGGGGT	2	0	0
ACGGGCAGGGCAGTGCACCCTG	1	1	0
GGGGGGATGTGCATGCTGGTT	2	0	0
TGTTCTCTTTGCCAAGGACAG	2	0	0
TACTTACCTGTCCCCTACCCCA	2	0	0
GAAAGTACAGATCGGATGGGT	2	0	0
TACTTGGAAAGGCATCAGTTG	2	0	0
AGGAGAGTGGATTCCAGGTGGT	2	0	0
CTGGCGGCTGTGTCTTCACAG	2	0	0
GCTCATCCCCATCTCCTTTCAG	2	0	0
CCTCTAGGGAAGAGAAGGTTGG	2	0	0
GGCAGGTTCTCACCCTCTCTAGG	2	0	0
ATGAAGCCTTCTCTGCCTTACG	2	0	0
CAGGCAGTGACTGTTCAGACGTC	2	0	0
TGCTTAACCTTGCCCTCGAAA	2	0	0
GGGAGTGCAGGGCAGGGTTTC	2	0	0
TGGCAAGGAAAGAAGAGGATCA	2	0	0
GGCTCATGTGTCTGTCCTCTTC	2	0	0
TGTCAGTGACTCCTGCCCCTTGGT	2	0	0
ATCGGGCCCTCGGCGCCGG	2	0	0
GGGACCCAGGGAGAGACGTAAG	2	0	0
TGGGAAAGACAAACTCAGAGTT	2	0	0
GTCCTCCAGGCCATGAGCTGCGG	2	0	0
TTTCAGATAACAGTATTACAT	2	0	0
GAAAGCGCTTCCCTTTGCTGGA	2	0	0
AAAGGAAAGTGTATCCTAAAAG	2	0	0
AAAGTAGCTGTACCATTTGC	2	0	0
CAGCCAGCCCCTGCTCACCCCT	2	0	0
TGAGAACCACGTCTGCTCTGAG	0	2	0
AATTGCACGGTATCCATCTGTA	1	1	0
CCAGAGGTGGGGACTGAG	2	0	0
GAGGTTTGGGGAGGATTTGCT	2	0	0
AGAGTTAACTCAAAATGGACTA	2	0	0
TGAAACATACACGGGAAACCTC	2	0	0
CCAAGGAAGGAGGCTGGACATC	2	0	0
TCAATAAATGTCTGTTGAATT	2	0	0
CTCGGCCGCGGCGCGTAGCCCCCGCC	1	1	0
CGCGGGCGCTCCTGGCCGCCGCC	2	0	0
CATCAGCACCCTATGTCCTTTCT	1	1	0
AGCTTCCATGACTCCTGATGGA	2	0	0
ACTCGCATCCTTCCCTTGGCAG	2	0	0
TTCTCGAGGAAAGAAGCACTTTC	1	1	0
AACTGTTTGCAGAGGAAACTGA	2	0	0
TTCGGTATACTTTGTGAATTGG	1	1	0
AGCAGGGCTGGGGATTGCA	2	0	0
ACTTTCCTCACTCCCGTGAAGT	2	0	0
AACATCACTGCAAGTCTTAACA	2	0	0
GACACATGACCATAAATGCTAA	2	0	0
TCACAACAACCTTGCAGGGTAGA	2	0	0
AGACACATTTGGAGAGGGACCC	2	0	0
TCAGCTACTACCTCTATTAGG	2	0	0
TTGCCAGGGCAGGAGGTGGAA	2	0	0
GCTGAACTGGGCTGAGCTGGGC	2	0	0
CACTGGCTCCTTTCTGGGTAGA	2	0	0
TGGGCTGGCAGGGCAAGTGCTG	2	0	0
TCTCCCAACCCTTGTACCAGTG	2	0	0
TTCCGCCAGTCGGTGGCCGG	2	0	0
TGCCTCCCTGACATTCCACAG	2	0	0
CAAAGCGCTCCCCTTTAGAGGT	2	0	0
TTTGGGACTGATCTTGATGTCT	2	0	0
TGATTGTAGCCTTTTGGAGTAGA	2	0	0
ATGGAGATAGATATAGAAAT	2	0	0
CCTCCTGCCCTCCTTGCTGT	2	0	0
TGTGGGATCTGGAGGCATCTGG	1	1	0
TTATTGCTTAAGAATACGCGTAG	1	1	0
TCCTTGACCTGATGCTGTAGGG	2	0	0
CCCGGAGCCAGGATGCAGCTC	1	1	0
CTCTGGGAAATGGGACAG	2	0	0
AGCTGTCTGAAAATGTCTT	2	0	0
TATGGAAAGACTTTGCCACTCT	2	0	0
AGGGAGAAAGCTAGAAGCTGAAG	2	0	0
ATCAAATAAGGACTAGTCTGCA	2	0	0
GTCCACTTCTGCCTGCCCTGCC	2	0	0
TATGGAGGTTCTAGACCATGTT	2	0	0
CTTTGAGCACATGAGCAGACGGA	2	0	0
GGGGAGCTGTGGAAGCAGTA	2	0	0
CAGGGGCTGGGGTTTCAGGTTCT	2	0	0
GTTGGGACAAGAGGACGGTCTT	2	0	0
TGGATTTCTTTGTGAATCACCA	2	0	0
GTGAGACTTCTCTCCCTTCAG	2	0	0
AAATGGGTGGTCTGAGGCAA	2	0	0
TAAGTGCTTCCATGTTTGAGTGT	1	1	0
AATTCCCTTGTAGATAACCCGG	2	0	0
TCACTCTCACCTTGCTTTGC	2	0	0
AAGCATTCTTTCATTGGTTGG	2	0	0
CCAGTGACTGAGCTGGAGCCA	2	0	0
TGTCTCTGCTGGGGTTTCT	2	0	0
ATAGTGGGAAGCTGGCAGATTC	2	0	0
CAAAGTTTAAGATCCTTGAAGT	2	0	0
TTGGCCACCACACCTACCCCTT	2	0	0
AGGAGGATGGAGAGCTGGGCCAGA	2	0	0
GTGAGTGGGAGCCCCAGTGTGTG	2	0	0
TAAGTGCTTCCATGTTTTAGTAG	2	0	0
AGGCACCAGCCAGGCATTGCTCAGC	2	0	0
TGGGTAGAGAAGGAGCTCAGAGGA	2	0	0
CCAGGCTCTGCAGTGGGAACT	2	0	0
ATCCCTTGCAGGGGCTGTTGGGT	2	0	0
TATTCAGAAAGGTGCCAGTCA	2	0	0
TGTCTTTCTTCTCTCCCTTGCAG	2	0	0
ACTGGGTAGGTGGGGCTCCAGG	2	0	0
TCAGCTGGCCCTCATTTC	2	0	0
AGAGCTCACAGCTGTCCTTCTCTA	1	1	0
AGCCTGTGCTTGTCCCTGCAG	2	0	0
GTGCAAAAGTCATCACGGTT	2	0	0
TGCCCTAAATGCCCCTTCTGGC	2	0	0
CAAAAACTGCAATTACTTTTGC	2	0	0
TCAGTTCCAGGCCAACCAGGCT	2	0	0
AGACACATTTGGAGAGGGAACC	2	0	0
TACTAACTGCAGATTCAAGTGA	2	0	0
ATGTGCCTGAGGGAGTAAGACA	2	0	0
CTGCAAAGGGAAGCCCTTTC	2	0	0
GTAAGCAGGGGCTCTGGGTGA	2	0	0
GAGTTCTACAGTCAGAC	2	0	0
CATGGTTCTGTCAAGCACCGCG	2	0	0
ACTGTCACTTCTCTGCCCATAG	2	0	0
TCCAGTACAGGTCTCTCATTTC	2	0	0
CCCTTCCCTCACTCTTCTCTCAG	2	0	0
AGGCACGGTGTCAGCAGGC	2	0	0
TAAAACCCACAATTATGTTTGT	2	0	0
TGTCCTCTGTTCCTCAG	1	1	0
GCCCTCTGTCACCTTGCAGACG	1	1	0
CCTGTCTGTGCCTGCTGTACA	2	0	0
TCTGGGCACAGGCGGATGGACAGG	2	0	0
TCCTCATCACACTGCACCTTAG	2	0	0
AGACTGACCTTCAACCCCACAG	2	0	0
TGTAGTTGTATTGTATTGCCAC	2	0	0
TGGGTGGAAGAAGGTCTGGTT	2	0	0
TCCGAACTCTCCATTCCTCTGC	2	0	0
CCTGTGCTCCCAGGGCCTCGC	2	0	0
CTTCCTCGTCTGTCTGCCCC	1	1	0
TGGCCAAAAAGCAGGCAGAGA	2	0	0
ACCTGGCAGCAGGGAGCGTCGT	2	0	0
CAAAAACCATAGTTACTTTTGC	1	1	0
TTGAAAGGCTATTTCTTGGTC	2	0	0
TATCTGCTGGGCTTTCTGGTGTT	2	0	0
AGTTAGGATTAGGTCGTGGAA	2	0	0
GAGGGCAGAGCCAGCTTCCTGA	2	0	0
TGGAGTGTGACAATGGTGTTTG	2	0	0
CGGGTGGGAGCAGATCTTATTGAG	1	1	0
GCAGGACAGGCAGAAGTGGAT	2	0	0
GCAGGAACTTGTGAGTCTCCT	2	0	0
AACTCTAGCCTGAGCAACAG	2	0	0
TGGGAGAGCAGGGTATTGTGGA	2	0	0
CAAATGAGCTTAATTTCCTTTT	1	1	0
TTGGCTGGTCTCTGCTCCGCAG	2	0	0
CAGGGAGAAGGTGGAAGTGCAGA	2	0	0
ATGAAGTGCACTCATGATATGT	2	0	0
AGTAGAGAGGAAAAGTTAGGGTC	2	0	0
GGTTCTTAGCATAGGAGGTCT	1	1	0
ACAGGCAGGATTGGGGAA	2	0	0
CCAGTTTTCCCAGGATT	2	0	0
TGTCTTCTCTCCTCCCAAACAG	2	0	0
TTTTAAGGACACTGAGGGATC	2	0	0
TGATGGATAAAAGACTACATATT	2	0	0
TGGCAAACGTGGAAGCCGAGA	2	0	0
CAAAGGCCACATTCTCCTGTGCAC	2	0	0
CCAGGCTCTGCAGTGGGA	2	0	0
TGAGAACTGAATTCCATAGGCTG	1	1	0
ACCGTCTCTTCTGTTCCCCAG	2	0	0
AAAGGTGCTCAAATTAGACAT	2	0	0
TTCCTATGCATATACTTCTTTG	2	0	0
CCCAGGGCTTGGAGTGGGGCAAGGTT	2	0	0
GTGGACCAGGATGGCAAGGGCT	2	0	0
TAATGATTCATCAGACTCAGAT	2	0	0
GAAATCAAGCGTGGGTGAGACC	1	1	0
CCCCTGGGCCGGCCTTGG	2	0	0
ACCTTCCTCTCCATGGGTCTTT	2	0	0
GAATCGGAAAGGAGGCGCCG	2	0	0
TTGGACGGTAAGGTTAAGCAA	2	0	0
GAAGGCAGCAGTGCTCCCCTGT	1	1	0
TGAGGAGATGCTGGGACTGA	2	0	0
AAAACTAGGACTGTGTGGTGTA	2	0	0
TGCATGACCCTTCCCTCCCCAC	1	1	0
CATGGGGTAGGGCAGAGTAGG	2	0	0
AGTGGCACATGTTTGTTGTGAG	2	0	0
TCGCAGACAGGGACACATGGAGA	1	1	0
GGCTTTCTAGTCTCAGCTCTCC	2	0	0
TGCCCTCCTTTCTTCCCTC	2	0	0
TGCTCAGGTTGCACAGCTGGGA	2	0	0
TACTGCATCAGGAACTGATTGGA	2	0	0
TCTTCACCTGCCTCTGCCTGCA	2	0	0
AGGAGGGAAGGGGCTGAGAACAGGA	2	0	0
TAAGGCACCCTTCTGAGTAGA	2	0	0
TAGGATTACAAGTGTCGGCCAC	2	0	0
CCCTGGGGTTCTGAGGACATG	2	0	0
CCTGGGCAGCGTGTGGCTGAAGG	2	0	0
AGACCATGGGTTCTCATTGT	1	0	0
ATGAGCGACTGTGCCTGACC	1	0	0
CTCATTTAAGTAGTCTGATGCC	1	0	0
TGGGCTGAGGGCAGGAGGCCTGT	1	0	0
CTCTTGAGGGAAGCACTTTCTGT	1	0	0
TAAGTGCTTCCATGTTTTGGTGA	1	0	0
AGGGTAAGCTGAACCTCTGAT	1	0	0
ACAGGGCCGCAGATGGAGACT	1	0	0
CAGGGCCCTGGCTTTAGCAGA	1	0	0
GATCCCTTTATCTGTCCTCTAG	1	0	0
GATATTCAGAGGCTAGGTGG	1	0	0
TCTGGCAAGTAAAAAACTCTCAT	1	0	0
CAAAGTCCTTCCTATTTTTCCC	1	0	0
AATCCTTGCTACCTGGGT	1	0	0
ATTCCTAGAAATTGTTCATA	1	0	0
CTGGGTGAGGGCATCTGTGGT	1	0	0
GACATTCAGACTACCTG	1	0	0
CAAAGTGCCTCCCTTTAGAGTG	0	1	0
GTACCTTCTGGTTCAGCTAGT	1	0	0
TTGGGGATTGGGTCAGGCCAGT	1	0	0
TGCCTCCTCCGTGGCCTCAG	1	0	0
GAAGACTTCTTGGATTACAGGGG	1	0	0
TGTGGGACTGCAAATGGGAG	1	0	0
TATACCTCAGTTTTATCAGGTG	1	0	0
TAACACTGTCTGGTAACGATGT	1	0	0
AAAGTGCTTCCTTTTAGAGGG	0	1	0
TGCCCTTCTCTCCTCCTGCCT	1	0	0
CAATTCTCAAAGGAGCCTCCC	0	1	0
TGGTCTGTCTCTGCCCTGGCAC	1	0	0
TGGGGAGCGGCCCCCGGGTGGG	1	0	0
GGGGAACTGTAGATGAAAAGGC	1	0	0
GGCAGGAGGGCTGTGCCAGGTTG	1	0	0
TAGGGTAGACACTGACAACGTT	1	0	0
AAGCAGCAGTGGCAAGACTCCT	1	0	0
GGCTCCTCCTCTCAGGATGTG	1	0	0
AAAGCACCTCCAGAGCTTGAAGC	1	0	0
GAAGTGCTTCGATTTTGGGGTGT	1	0	0
CTCTCCCTCTTTACCCACTAG	1	0	0
GAAAATGATGAGTAGTGACTGATG	1	0	0
GTGAAGGCCCGGCGGAGA	1	0	0
CAAACCCCTGTCTACCCGCAG	1	0	0
ATGGCCAGAGCTCACACAGAGG	1	0	0
GCAGTGGCTCTGAAATGAACTC	1	0	0
ATGTATAAATGTATACACAC	1	0	0
CCCAGCAGGACGGGAGCG	1	0	0
GTCACTGATGTCTGTAGCTGAG	1	0	0
GCCCTGACCTGTCCTGTTCTG	1	0	0
TTGTGGATCTCAAGGATGTGCT	1	0	0
TGAGGGACCCAGGACAGGAGA	1	0	0
AAGGTTTGGATAGATGCAATA	1	0	0
CTCTGATCGCCCTCTCAGCTC	1	0	0
TCAGTCACATATCTAGTGTCTA	1	0	0
TGAGAACTGACAAATGTGGTAGG	0	1	0
TGGTCAGAGGCAGCAGGAAATGA	0	1	0
TCACAGTGGTCTCTGGGATTAT	1	0	0
CTGGTACAGGCCTGGGGGACAG	1	0	0
AATCCCAATGCTAGACCCGGTG	1	0	0
TTAGCTTAAGGAGTACCAGATC	1	0	0
CTGTACAGCCTCCTAGCTTTCC	1	0	0
GGGGTGGTCTGTTGTTG	1	0	0
TGTGACCCTAGAATAATTAC	1	0	0
TACTCAGGAGAGTGGCAATCAC	1	0	0
TGGGATCCAGACAGTGGGAGAA	1	0	0
TGGGAGAGAGGACTGTGAGGC	1	0	0
CGCTTTGCTCAGCCAGTGTAG	1	0	0
CCTGACACCCCATCTGCCCTCA	1	0	0
TTGCTAGTTGCACTCCTCTCTGT	1	0	0
AGGGACGGGACGCGGTGCAGTG	1	0	0
GGTAGTGAGTTATCAGCTAC	1	0	0
ACTTGGGCACTGAAACAATGTCC	1	0	0
GTGCATGGCTGTATATATAACA	1	0	0
TATGTAATATGGTCCACATCTT	0	1	0
TGAGGTGGTAGGATGTAGA	1	0	0
AAGGAGATGCTCAGGCAGAT	1	0	0
CAGCCTGACAGGAACAG	1	0	0
TAAAGACTGTAGAGGCAACTGGT	1	0	0
CGCGCGGCCGTGCTCGGAGCAG	1	0	0
AAAGATAGACAATTGGCTAAAT	1	0	0
GGTGGGGGGTGTTGTTTT	1	0	0
CTACTTCTACCTGTGTTATCAT	1	0	0
AGGCGGGGCGCCGCGGGACCGC	1	0	0
TGTGTGTGTAGAGGAAGAAGGGA	1	0	0
CTGCAGCCACTTGGGGAACTGGT	1	0	0
CAACACCAGTCGATGGGCTGT	1	0	0
AAGCGACCATGATGTAACTTCA	1	0	0
ATCTGTCTCGATTGTTTCCAG	1	0	0
CAAAAACTGCAATTACTTTCA	1	0	0
AGAGTCTTGTGATGTCTTGC	1	0	0
TTCAGGGATGGCGCATGAAGAGGAGA	1	0	0
GCAGCAGGGTGAAACTGACACA	1	0	0
TGGGATGAGGGATTGAAGTGGA	1	0	0
CCTGTTGAAGTGTAATCCCCA	1	0	0
GGATTCCTGGAAATACTGTTCT	1	0	0
CGGGGCCAGAGCAGAGAGC	1	0	0
ACTGGCAGAACACTGAAGCAGC	1	0	0
TAGGTAGAGTGTGAGGAGGAGGTC	1	0	0
CAGATCATGGGACTGTCTCAG	0	1	0
TTCTTTGTTTTTAATTCACAG	1	0	0
CGGGCATGCTGGGAGAGACTTT	1	0	0
AGTATGTTCTTCCAGGACAGAAC	1	0	0
TAAAAACTGCAATTACTTTC	1	0	0
GTCCTAGGAGGCTCCTCTG	1	0	0
CGGCGCCCGTGTCTCCTCCAG	1	0	0
TTGTGGGGTTGGAGAGCTGGCTG	1	0	0
CATCTCTAAGGAACTCCCCCAA	0	1	0
TCGTGTCCCTCTTGTCCACAG	1	0	0
AACACACCTGGTTAACCTCTTT	1	0	0
TGAGGCTAATGCACTACTTCAC	1	0	0
ATGGAGAAGGCTTCTGA	1	0	0
AAAAGTACTTGCGGATTT	1	0	0
ACTGTAGTATGGGCACTTCCAG	1	0	0
TTGAGGAAAAGATGGTCTTATT	0	1	0
TGACGCCCCTTCTGATTCTGCCT	1	0	0
TCTGGCTATCTCACGAGACTGT	1	0	0
ACAGGCGGCTGTAGCAATGGGGG	1	0	0
CCCTTGGGTCTGATGGGGTAG	1	0	0
TACAGCCCTGTGATCTTTCCAG	1	0	0
TACACAAGAAAACCAAGGCTCA	1	0	0
GTGCGGAACGCTGGCCGGGGCG	1	0	0
TTCACAAGGAGGTGTCATTTAT	1	0	0
TCGGCTGTGTATCTCTGTGTC	1	0	0
TACTGCAGACAGTGGCAATCA	0	0	1
ACTGGATTTGGAGCCAGAA	1	0	0
TCTCGCATCAGGAGGCAAGG	1	0	0
TCCCAGGGTCTGGTCAGAGTTG	1	0	0
GGAGAAATTATCCTTGGTGTGT	0	1	0
CCTGAGAAAAGGGCCAA	1	0	0
GAAGTTGTTCGTGGTGGATTCG	1	0	0
TTCCAGCCCTTCTAATGGTAGG	1	0	0
TATACAAGGGCAAGCTCTCTGT	1	0	0
CACTGCAGGACTCAGCAG	1	0	0
TGCCTAGGCTGAGACTGCAGTG	1	0	0
AATAATACATGGTTGATCTTT	1	0	0
TGGATGTGGAAGGAGTTATCT	1	0	0
CCAGACTGTGGCTGACCAGAGG	0	1	0
TACTCAAAAAGCTGTCAGTCA	1	0	0
GAAAATCCTTTTTGTTTTTCCAG	1	0	0
AGAAGGCCTTTCCATCTCTGT	1	0	0
CAAATAATACCACAGTGGGTGT	1	0	0
AACATCACAGCAAGTCTGTGCT	1	0	0
TACTTTTCTAGGTTGTTGGGG	1	0	0
TTAGGCTTCCCCCTCCTCCTGC	1	0	0
TCTATTCCCCACTCTCCCCAG	1	0	0
GGCTCAATCTCTGGTCCTGCAGCC	1	0	0
TCTGAGGTGGAACAGCAGC	1	0	0
AATGGCTGTCCGTAGTATGGTC	1	0	0
AGAGGTAGGTGTGGAAGAA	1	0	0
TCTGGTCCTGGACAGGAGGC	1	0	0
TACCCAGAGCATGCAGTGTGAA	1	0	0
TGGAGGAGAAGGAAGGTGATG	1	0	0
GGTGCAGTGCTGCATCTCTGGT	1	0	0
TTTCCTCATATTCATTCAGGA	1	0	0
TCCTGCGCGTCCCAGATGCCC	1	0	0
TGATCAGGCAAAATTGCAGACT	1	0	0
TTCTCTCTGTCTTTCTCTCTCAG	1	0	0
TTCCTTCTGTTGTCTGTGCAG	1	0	0
CCAGGGAGGCTGGTTTGGAGGA	1	0	0
TTAGGGAGTAGAAGGGTGGGGAG	1	0	0
GAGTGCCTTCTTTTGGAGCGTT	1	0	0
GGAGGCGCAGGCTCGGAAAGGCG	1	0	0
CAAGGGACCAAGCATTCATTAT	1	0	0
TTGCTAAGTAGGCTGAGATTGA	1	0	0
AAGGCCTTTCTGAACCTTCAGA	1	0	0
TCAGCTCCTCTCTACCCACAG	1	0	0
CCAAATCTTGATCAGAAGCCT	1	0	0
AGTTAATGAATCCTGGAAAGT	1	0	0
GGCTCCTTGGTCTAGGGGTA	1	0	0
TGGCTCCCTTCTCTCCGTCTG	1	0	0
AAAGGTAATTGTGGTTTCTGC	1	0	0
GGCTGGAGCGAGTGCAGTGGTG	1	0	0
CCTCTGAAATTCAGTTCTTCAG	1	0	0
TGGGGGGACAGATGGAGAGGACA	1	0	0
GACTGACACCTCTTTGGGTGAA	1	0	0
CAAGGCCAAAGGAAGAGAACAG	1	0	0
AAGGGGGAAGGAAACATGGAGA	1	0	0
GCTGGTGACATGAGAGGC	1	0	0
CGCAGGGCCCTGGCGCAGGCAT	1	0	0
AAGCTCAGGTTTGAGAACTGCTGA	1	0	0
AGGCGATGTGGGGATGTAGAGA	1	0	0
AGAATTGTGGCTGGACATCTGT	1	0	0
ATGTATTCGTACTGTCTGATG	1	0	0
AGATGTATGGAATCTGTATATATC	1	0	0
TCTGAGTTCCTGGAGCCTGGTCT	1	0	0
TGTCTTGCAGGCCGTCATGCA	1	0	0
TGACTAACTCCCACTCTACAG	1	0	0
AGAGCTGGCTGAAGGGCAG	0	1	0
TCTCTGAGTACCATATGCCTTGT	1	0	0
AGCAAGGCGGCATCTCTCTGAT	1	0	0
AAAAACTGCAATCACTTTTGC	1	0	0
TGAGTGGGGCTCCCGGGACGGCG	1	0	0
AAGAGAACTGAAAGTGGAGCCT	1	0	0
CCGTCGCCGCCACCCGAGCCG	1	0	0
ATCCAGTTCTCTGAGGGGGCT	1	0	0
TGTTCATTGGAACCCTGCGCAG	1	0	0
AAAGTCTCGCTCTCTGCCCCTCA	1	0	0
GTGAGTGTGGATCCTGGAGGAAT	0	1	0
GCGCTGACCCGCCTTCTCCGCA	1	0	0
TGGTGGAGGAAGAGGGCAGCTC	1	0	0
TGAGAAGGCACAGCTTGCACGTGA	1	0	0
ATTCTGCATTTTTAGCAAGTTC	1	0	0
CTCTCTGGCCGTCTACCTTCCA	1	0	0
CTATTAAGGACATTTGTGATTC	1	0	0
TGATTGTCTTCATATCTAGAAC	1	0	0
CTCCCACTTCCAGATCTTTCT	1	0	0
CCTCAGATCAGAGCCTTGC	1	0	0
ACTGAATCCTCTTTTCCTCAG	1	0	0
TAAAGAACTCTTAAAACCCAAT	1	0	0
CACTCAGCCTTGAGGGCACTTTC	1	0	0
GTGGCTCTGTAGTAAGATGGA	1	0	0
TCTTGTGTTCTCTAGATCAGT	1	0	0
AGAGATTGGTAGAAATCAGGT	1	0	0
AGGTGCCATTCTGAGGGCCAGGAGT	1	0	0
CCTGCTGGTCAGGAGTGGATACTG	1	0	0
ACTGGGGGCTTTCGGGCTCTGCGT	1	0	0
TTTTGCACCTTTTGGAGTGAA	0	1	0
GGGCCTCTCTTGTCATCCTGCAG	1	0	0
TAAAGGTTTGTTTGTAAA	1	0	0
TTGGGGGTGAGGTTGGTGTCTGG	1	0	0
AGCAGTGTTTGTTTTGCCCACA	1	0	0
GAAAACGACAATGACTTTTGCA	1	0	0
TAACAAACACCTGTAAAACAGC	1	0	0
CTTCCGCCCCGCCGGGCGTCG	1	0	0
TCACCTGACCTCCCATGCCTGT	1	0	0
TCAGGGTTGGTAGGGGTTGCT	1	0	0
CTGTGGGCTCAGCTCTGGG	1	0	0
TGCAAAAGTAATCACAGTTTTT	1	0	0
CAGGGCTCAGGGATTGGATGGAGG	0	1	0
CTTGGCACCATTAAAAAGTACA	1	0	0
TCTGGTAAGAGATTTGGGCATA	1	0	0
CAACAAATCACAGTCTGCCATA	1	0	0
TTCAGATCCCAGCGGTGCCTCT	1	0	0
AGGAGCTATCCACTCCAGGTGTCC	1	0	0
CAGCCACAACTACCCTGCCACT	1	0	0
AGGTTACCCGAGCAACTTTGCAT	1	0	0
AGAGAAGAAGATCAGCCTGCA	1	0	0
CACTGTGTCCTTTCTGCGTAG	1	0	0
CGGGCTGTCCGGAGGGGTCGGCT	1	0	0
ATCTGCTCTCTTGTTCCCAG	1	0	0
TGGGCGAGGGGTGGGCTCTCAGAG	1	0	0
TGTAGAGCAGGGAGCAGGAAGCT	1	0	0
AGATATTTTGAGTGTTTGGAATTG	1	0	0
TTCTCAAGAGGGAGGCAATCAT	1	0	0
TGGCCGGATGGGACAGGAGGCAT	1	0	0
ATGGCATCGTCCCCTGGTGGCT	1	0	0
AGGAATGTTCCTTCTTTGCC	1	0	0
TGGGGAGCTGAGGCTCTGGGGGTG	1	0	0
GATGTACTGAACTGGGTCAGAC	1	0	0
GCGGGGGTGGCGGCGGCATCCC	0	1	0
AATGTTGGAATCCTCGCTAGAG	1	0	0
TCATTTATCTGTTGGGAAGCTA	1	0	0
TTGGGTTTTCTCTTCAATCCAG	1	0	0
AGAGGCTGAGAAGGTGATGTTG	1	0	0
AGCCAAGTGGAAGTTACTTTA	1	0	0
AAGCAGCTGCCTCTGAGGC	1	0	0
ACTGACAGGAGAGCATTTTGA	1	0	0
GCTGCACCGGAGACTGGGTAA	1	0	0
TGTTGCAAGTCGGTGGAGACGT	1	0	0
CAACCACCACTGTCTCTCCCCAG	1	0	0
CACAGCAAGTGTAGACAGGCA	1	0	0
GGGAGGTGTGATCTCACACTCG	1	0	0
TCTTACTCCCTCAGGCACTG	1	0	0
ATCATACAAGGACAATTTCTTT	1	0	0
AGGATTTCAGAAATACTGGTGT	1	0	0
ACTGGGCAGGGCTGTGGTGAGT	1	0	0
TGGAAACATTTCTGCACAAACT	1	0	0
TTATGGTTTGCCTGGGACTGAG	1	0	0
ATGTAGGGCTAAAAGCCATGGG	1	0	0
TGGCCCAACCTATTCAGTTAGT	1	0	0
AACCAGCACCCCAACTTTGGAC	0	1	0
CAGTTCTGCTGTTCTGACTCTAG	1	0	0
AGCTGAGCTCCATGGACGTGCAGT	0	1	0
TGGGCCAGGGAGCAGCTGGTGGG	1	0	0
TGGGAGCTAAGCTATGGGTAT	1	0	0
CCAGAGATGGTTGCCTTCCTAT	1	0	0
GTTCAAATCCAGATCTATAAC	1	0	0
AAAATGGTTCCCTTTAGAGTGT	1	0	0
CTTCTGATCAAGATTTGTGGTG	1	0	0
TAAAAACTGCAATTACTTTTA	1	0	0
TAGGGTACTCAGAGCAAGTTGT	1	0	0
GGATATCATCATATACTGTAAG	1	0	0
TGGTCTAGGATTGTTGGAGGAG	1	0	0
CTCGGCGCGGGGCGCGGGCTCC	1	0	0
AGATTGTTTCTTTTGCCGTGCA	1	0	0
TTTCCTACCCTACCTGAAGACT	1	0	0
TAGCGGGGATTCCAATATTGG	1	0	0
ATTGCCTCTGTTCTAACACAAG	1	0	0
AATCATACACGGTTGACCTATT	1	0	0
TTAACTCCTTTCACACCCATGG	1	0	0
AGGACTGGACTCCCGGCAGCCC	1	0	0
GAAGGCGCTTCCCTTTGGAGT	1	0	0
CCAGCCACGGACTGAGAGTGCAT	1	0	0
GACTCACTCACAGGATTGTGCA	1	0	0
ACCTGAGGTTGTGCATTTCTAA	1	0	0
CTAGGGGGTTTGCCCTTG	0	1	0
CAGGGCCAGGCACAGAGTAAG	1	0	0
CGGATGAGCAAAGAAAGTGGTT	1	0	0
TGGGGGAGTGCAGTGATTGTGG	0	1	0
GGATCCGAGTCACGGCACCA	0	1	0
TGGGGCGGAGCTTCCGGAG	1	0	0
TTACACACAACTGAGGATCATA	1	0	0
CTGGGAGAAGAGTGGTGAAGA	1	0	0
TCAAAACTGAGGGGCATTTTCT	1	0	0
AGGTATTGCCACCCTTTCTAGT	1	0	0
TCACCTGAGCTCCCGTGCCTG	1	0	0
TTGCTCCTGACTCTGTGCCCACA	1	0	0
AAAGTGCTTCCCTTTGGACTGT	1	0	0
TTGAGGGGAGAATGAGGTGGAGA	1	0	0
GAGGCTGAGCTGAGGAG	1	0	0
GCTTGTCGCTGCGGTGTTGCT	1	0	0
GTGACTGATACCTTGGAGGCAT	1	0	0
CACTGTAGGTGATGGTGAGAGTGGGCA	1	0	0
AGGTTGTCCGTGTTGTCTTCTCT	1	0	0
ACAAAAAAAAAAGCCCAACCCTTC	1	0	0
GTGGTTATCCCTGCTGTGTTCG	1	0	0
TTGGGATGGTAGGACCAGAGGGG	1	0	0
AGGTAGAATGAGGCCTGACAT	1	0	0
TGTAGGCATGAGGCAGGGCCCAGG	1	0	0
TGGTGGTTTACAAAGTAATTCA	1	0	0
CTAGGTGGGGGGCTTGAAGC	1	0	0
GCGCTTCGACGGGCTGGGCTGTG	1	0	0
ACCCTTTTTCTCTTTCCCAG	1	0	0
TGGGGGCTGGATGGGGTAGAGT	1	0	0
AGAAGTGGCTAATAATATTGA	1	0	0
ATCATAGAGGAAAATCCACGT	1	0	0
CCTCCCTGCCCGCCTCTCTGCAG	1	0	0
AAGCCTGCCCGGCTCCTCGGG	1	0	0
CAGTTGGGTCTAGGGGTCAGGA	1	0	0
GAACGCCTGTTCTTGCCAGGTGG	0	1	0
CACTGTGGGTACATGCT	1	0	0
CTGTAATATAAATTTAATTTATT	1	0	0
AGGAGGGAGGAGATGGGCCAAGTT	0	1	0
ACTCCAAGAAGAATCTAGACAG	1	0	0
GAGCAGGCGAGGCTGGGCTGAA	1	0	0
AGGTTGACATACGTTTCCC	1	0	0
TAAAATTTGCATCCAGGA	0	1	0
ACTCCAGCCCCACAGCCTCAGC	1	0	0
ACGGGTATTCTTGGGTGGATAAT	0	1	0
AAGAAGAGACTGAGTCATCGAAT	1	0	0
CCGGGAGAAGGAGGTGGCCTGG	1	0	0
AAGTTGGCTGCAGTTAAGGTGG	1	0	0
AATGAGAGACCTGTACTGTAT	1	0	0
GAGGCTGATGTGAGTAGACCACT	1	0	0
AGGGGGTAGAAAGTGGCTGAAG	1	0	0
CACCAGGCATTGTGGTCTCC	0	1	0
GACAGAGTGCCACTTACTGAA	1	0	0
GCCCGGAGAGCTGGGAGCCAG	1	0	0
CCCGCAGGTGAGATGAGGGCT	1	0	0
AGGTGGATGCAATGTGACCTCA	1	0	0
TTGAACTGTTAAGAACCACTGGA	0	1	0
AAAACTGTAATTACTTTTGTAC	1	0	0
TCCCAAGGGTGAGATGCTGCCA	1	0	0
TGAGCCTCTCCTTCCCTCCAG	1	0	0
AAGTCCCACTAATGCCAGC	1	0	0
AGTGGGGTGGGACCCAGCTGTT	1	0	0
GAGGAAACTGAAGCTGAGAGGG	1	0	0
TTTAAGCAGGAAATAGAATTTA	1	0	0
TAGGCCACAGCCACCCATGTGT	1	0	0
AAAATGAAATGAGCCCAGCCCA	1	0	0
GGGAAGAGCTGTACGGCCTTC	1	0	0
TGAGGGAGTTGGGTGTATA	1	0	0
TCTTCAACCTCAGGACTTGCA	1	0	0
AAAGTGCTTCTCTTTGGTGGGT	1	0	0
GTGTCTTTTGCTCTGCAGTCA	1	0	0
GTGTTGAAACAATCTCTACTG	1	0	0
CATCTTACTGGGCAGCATTGGA	1	0	0
CAGGCACGGGAGCTCAGGTGAG	1	0	0
TGGAAAAAACTGGTGTGTGCTT	1	0	0
AGCCTTCCAGGAGAAATGGAGA	1	0	0
CTGCCATGTCTAAGAAGAAAAC	1	0	0
TGGACCTCTCCTCCCCAG	1	0	0
AAAAGTAATTGCGGATTTTGCC	1	0	0
GTGGTTATCCCTGTCCTGTTCG	1	0	0
TTGCTCACTGTTCTTCCCTAG	1	0	0
TAAATAGAGTAGGCAAAGGACA	1	0	0
AGACCCTGGTCTGCACTCTATC	0	1	0
CCACGTGCTTCTCTTTCCGCAG	1	0	0
AAAGTGCTTCCTTTTTGAGGG	1	0	0
GTCATACACGGCTCTCCTCTCT	1	0	0
CAGTAACAAAGATTCATCCTTGT	1	0	0
TCTGCTCATACCCCATGGTTTCT	1	0	0
CAGGGCAGGAAGAAGTGGACAA	1	0	0
AAGGTATTGTTCAGACTTATGA	1	0	0
TGACACGGAGGGTGGCTTGGGAA	1	0	0
AGAATTGCGTTTGGACAATCAGT	1	0	0
TATATGGACTTTTCTGATACAATG	0	1	0
CATCTTCCAGTACAGTGTTGGA	1	0	0
TCCCACGTTGTGGCCCAGCAG	1	0	0
