gene	noncodingRNA	noncodingRNA_name	noncodingRNA_fam	feature	test	label	chr	start	end	strand	Nunique	gene_cluster_ID
AACACATATGGCCTAGACTACGTACATAACCTAAACCTACTCCAATGCTA	TGAGGTAGTAGGTTGTATAGTT	hsa-let-7a-5p	let-7	exon	False	1	MT	10716	10765	+	1	51
AGTTTCTCTGGCTGCTCTGAAAAAAGCGTTGGCTGCCGCCGGCTATGATG	TGAGGTAGTAGGTTGTATAGTT	hsa-let-7a-5p	let-7	exon	False	1	6	26056212	26056261	-	1	54
CCGGACTGTGTATTTATTTACTATAATGTTAGCTTACAAGCTGGGAATAT	TGAGGTAGTAGGTTGTATAGTT	hsa-let-7a-5p	let-7	three_prime_utr	False	1	8	37698807	37698856	+	3	371
GAATAATAGCAGTTCTACCGTACAACCCTAACATAACCATTCTTAATTTA	AGAGGTAGTAGGTTGCATAGTT	hsa-let-7d-5p	let-7	exon	False	1	MT	5035	5084	+	1	238
GATTTTATCGGAATGGGAGGTGATTCCTAGGGGGTTGTTTGATCCCGTTT	TGAGGTAGTAGGTTGTATAGTT	hsa-let-7a-5p	let-7	exon	False	1	MT	15351	15400	-	2	283
TCACTATACTACTAACAGACCGCAACCTCAACACCACCTTCTTCGACCCC	TGAGGTAGTAGGTTGTATAGTT	hsa-let-7a-5p	let-7	exon	False	1	MT	6520	6569	+	1	52
TTATCCTAACTACTACCGCATTCCTACTACTCAACTTAAACTCCAGCACC	TGAGGTAGTAGGTTGTATAGTT	hsa-let-7a-5p	let-7	exon	False	1	MT	5095	5144	+	1	53
TTCCTCATCACCCAACTAAAAATATTAAACACAAACTACCACCTACCTCC	TGAGGTAGTAGGTTGTGTGGTT	hsa-let-7b-5p	let-7	exon	False	1	MT	8426	8475	+	2	338
TTCCTCTTCAACATGTACCTCACCCGGGACCGGCGCTACGAGGTGGCCAG	TGAGGTAGTAGGTTGTATAGTT	hsa-let-7a-5p	let-7	exon	False	1	2	176124026	176124075	+	1	55
CTGGTACCAGGTGCGGTGCCTGTTCCAGTCACCACTGTTCGCCAAGGCAG	TCCCTGAGACCCTTTAACCTGTGA	hsa-miR-125a-5p	mir-10	exon	False	1	19	10920481	10920530	+	3	373
GGAAGATGGCGGTCCTGGGGTAGAGTTTGCAAGCTTTCTGACTAGGCTAG	TACCCTGTAGATCCGAATTTGTG	hsa-miR-10a-5p	mir-10	five_prime_utr	True	1	1	212035457	212035506	-	2	354
TGTTTGCAACAGTGTTCTAACTATTAACGCTACGATGCCTGAACCTACCA	TCCCTGAGACCCTTTAACCTGTGA	hsa-miR-125a-5p	mir-10	five_prime_utr,exon	False	1	6	26158136	26158185	+	2	286
AATTCCATTCCACCAGTTATCACTTAGCCACTGTAATTTAAAAACAAACA	TACAGTACTGTGATAACTGAA	hsa-miR-101-3p	mir-101	intron	False	1	11	17087640	17087689	-	1	119
ACTCTATGTCCAGGCAAATAACTGTGTAGAAGCTAATGAATGGATAGACG	AGCTTCTTTACAGTGCTGCCTTG	hsa-miR-103a-2-5p	mir-103	exon	False	1	3	141608518	141608567	+	1	220
CCAGCATTCCTGGCCCTCCAGGACCTCCAGAGTCATCCTACAAATGACGT	AGCAGCATTGTACAGGGCTATGA	hsa-miR-103a-3p	mir-103	three_prime_utr	True	1	1	168243962	168244011	+	2	348
CGAGTCGCTGATGGCCCTCTGTACTGACTTCTGCTTGCGCAACCTGGATG	AGCAGCATTGTACAGGGCTATGA	hsa-miR-103a-3p	mir-103	exon	False	1	9	128755499	128755548	-	1	234
CTGTCCAAAACGGCGTGTAAGAGCTTCGAAGGACCACCATCACTAAGATA	AGCAGCATTGTACAGGGCTATGA	hsa-miR-103a-3p	mir-103	exon	False	1	17	7859060	7859109	-	1	237
GAGGAAGATAAAGCATCTTCTTTTGGGAGGGGGGTATCTCATGTCTAAGT	AGCAGCATTGTACAGGGCTATGA	hsa-miR-103a-3p	mir-103	three_prime_utr	False	1	4	48423860	48423909	+	1	236
GGAGCATGCCAACAACTACCCTGAGATTGCTGCAAAAGATAAGCTGACGG	AGCAGCATTGTACAGGGCTATGA	hsa-miR-103a-3p	mir-103	intron	False	1	7	44581164	44581213	-	1	235
TACCCTTGACTGCCCCTTCTATGCTGCTTCCAAAAGTGATAGTGTGTGTA	AGCAGCATTGTACAGGGCTATGA	hsa-miR-103a-3p	mir-103	three_prime_utr	False	1	X	71574680	71574729	+	1	233
ATCCACATCTTCCGGAAAAAATCCAGGTCTTCCAGCCAATATATGTCTTC	TTTCCGGCTCGCGTGGGTGTGT	hsa-miR-1180-3p	mir-1180	exon	False	1	X	140783727	140783776	+	1	3
CCCAGGCGGAGTGTGAGGACCAGCTGGATGCACAGGAGCGAGCAGCCCGC	TTTCCGGCTCGCGTGGGTGTGT	hsa-miR-1180-3p	mir-1180	exon	False	1	17	46031608	46031657	-	1	2
GAGATGGAATAGGAGCTTGCTCCGTCCACTCCATGCATCGACCTGGTATT	AATGGATTTTTGGAGCAGG	hsa-miR-1246	mir-1246	exon	False	1	10	101364874	101364923	-	3	397
GCTAAGATCAAGTGTAGTATCTGTTCTTATCAGTTTAATATCTGATACGT	AATGGATTTTTGGAGCAGG	hsa-miR-1246	mir-1246	five_prime_utr	False	1	11	62841741	62841790	-	7	426
TCAGGGGGTTGTGTCCCAGGCTGGGAAAGATGACAGAGAGAGTAAGTTGG	TCACAGTGAACCGGTCTCTTT	hsa-miR-128-3p	mir-128	exon	False	1	20	62910898	62910947	-	1	72
CTTTTATGGCCCTATGATCTATCCTTTACTTGAAAGCTTTTGAAAAGTGG	TTAGGGCCCTGGCTCCATCTCC	hsa-miR-1296-5p	mir-1296	intron	True	1	1	35183716	35183765	-	2	274
ACATTATACCCAGTTTGCACTAACATGGGCCATTTGTAGCCCAACCTTCT	CAGTGCAATGATATTGTCAAAGC	hsa-miR-301b-3p	mir-130	three_prime_utr	False	1	3	67009306	67009355	+	1	217
CTACCGTATGGCCCACCATAATTACCCCCATACTCCTTACACTATTCCTC	CAGTGCAATGATGAAAGGGCAT	hsa-miR-130b-3p	mir-130	exon	False	1	MT	8382	8431	+	1	422
ATTCTTTCAATGAATGTCAGTAGGACCTTCCTTTAGCTGTAAGACTTGGT	TTGCAGCTGCCTGGGAGTGACTTC	hsa-miR-1301-3p	mir-1301	three_prime_utr	False	1	13	76884181	76884230	-	2	273
CATCAGGCAGCCCAGCAAATCATCGAACTCCAGGAAGCTGCACAAATCAA	TTGCAGCTGCCTGGGAGTGACTTC	hsa-miR-1301-3p	mir-1301	intron,exon	False	1	7	98983258	98983307	+	1	161
ATCTGCTCTTAGACACGGCCTTGCCAGGAGAGCCTGCCCTCAGACTGCAG	ACTCGGCGTGGCGTCGGTCGTG	hsa-miR-1307-3p	mir-1307	three_prime_utr	False	1	11	67257472	67257521	+	6	423
AAGGCCAACAACCCCAACCACTGCAACTGCATCATAGACCAGATCTTCAC	TAACAGTCTACAGCCATGGTCG	hsa-miR-132-3p	mir-132	exon	False	1	17	21012869	21012918	-	2	303
AGAGCTGGTTCTAGGCCTGTGTTATATGTCATATTTAGCGTTTTTATATA	TACCACAGGGTAGAACCACGG	hsa-miR-140-3p	mir-140		False	1	3	52256448	52256497	-	1	244
AATATGGGAATAATGACACCCTGGGTTCTGTACGCACTGAATTCATGAAC	TCAGTGCACTACAGAACTTTGT	hsa-miR-148a-3p	mir-148	exon	False	1	2	27477231	27477280	-	1	68
TTCTAACTACGGTCCAATGAAGAGTGGAAACTTTGGTGGTAGCAGGAACA	TCAGTGCACTACAGAACTTTGT	hsa-miR-148a-3p	mir-148	exon	False	1	7	26193272	26193321	-	1	69
GAGCCAGAAGATAGCTGTGAAGTCGAGAGGCACAGCCGCTAGCTGGAGGA	TCTGGCTCCGTGTCTTCACTCCC	hsa-miR-149-5p	mir-149	intron	False	1	16	28166715	28166764	-	1	58
AAGGTCTTCCAACAACTCCGGGTCTTCCAGCGACTTCAAGTCTTCCAATA	TAGCAGCACGTAAATATTGGCG	hsa-miR-16-5p	mir-15	exon	False	1	X	140783197	140783246	+	3	376
AGCTGCTTCAATTCTGAGTCCTCTGGACTTCCCCTGCCTATCTGTTTGTT	TAGCAGCACGTAAATATTGGCG	hsa-miR-16-5p	mir-15	three_prime_utr	False	1	9	76386642	76386691	-	4	405
AGGACTGGGCACCTGCCTCTGACAGACACCAGACCAGGTCCAGGGCCTCC	TAGCAGCACATCATGGTTTACA	hsa-miR-15b-5p	mir-15	three_prime_utr	False	1	22	49903680	49903729	-	1	113
AGTATTAGGCTTTGGGGTGGGGGGAGGTCTGTAATGTGAAACAACTTCTT	TAGCAGCACGTAAATATTGGCG	hsa-miR-16-5p	mir-15	three_prime_utr	True	1	1	32333984	32334033	-	1	112
ATAGATACTTACTCTGATGTAGGAAGATACATTGACCATTATGCTGCTAT	TAGCAGCACATCATGGTTTACA	hsa-miR-15b-5p	mir-15	exon	False	1	11	33768922	33768971	-	2	295
ATTGTTGCTGCTTCAAAAATAAGTATAAAATTAATATGTAAGGAAGCCCA	TAGCAGCACATAATGGTTTGTG	hsa-miR-15a-5p	mir-15	three_prime_utr	False	1	9	107330147	107330196	+	1	117
CAAAGTGAAGAGAGAGATAGGAAGCTGCCTCGGGGCCACCCCTTGCAAAG	TAGCAGCACGTAAATATTGGCG	hsa-miR-16-5p	mir-15	three_prime_utr	False	1	17	5024353	5024402	+	1	110
CAAGAAAGCTGCCAAAAGTGCTGCTAAGGCTGTGAAGCCCAAGGCCGCTA	TAGCAGCACGTAAATATTGGCG	hsa-miR-16-5p	mir-15	exon	False	1	6	26055834	26055883	-	1	109
CCAGTTTTGCTGCTATAATTCTATACTGTTGATTCGTCTGCGATTTTATC	TAGCAGCACATCATGGTTTACA	hsa-miR-15b-5p	mir-15	three_prime_utr	False	1	2	241352472	241352521	+	2	294
CTACAGCTCCTGGAGATGAGGCAGCTAGCAGAGACTGAAGACGAGAATCC	CAGGCCATATTGTGCTGCCTCA	hsa-miR-15a-3p	mir-15	intron	False	1	8	67204419	67204468	-	1	177
CTGCTGCCAAGAAAGACTGAGCCCCTCCCCTGCCCTCTCCCTGAAATAAA	TAGCAGCACGTAAATATTGGCG	hsa-miR-16-5p	mir-15	three_prime_utr	False	1	19	5691602	5691651	+	2	316
GACTTCTCTTTTCTGGCTGCCCGTATGAATTATATGCAGAACCATCAAGC	TAGCAGCACGTAAATATTGGCG	hsa-miR-16-5p	mir-15	exon	False	1	14	21393886	21393935	-	1	111
GACTTGTTGACGACCCTAGGGCCATGGTGGGCCGCTTGAATGAGCTGCTT	TAGCAGCACATCATGGTTTACA	hsa-miR-15b-5p	mir-15	three_prime_utr	False	1	16	3658153	3658202	-	4	406
GCCCTGATCGGCGCACTGCGAGCAGTAGCCCAAACAATCTCATATGAAGT	TAGCAGCACATCATGGTTTACA	hsa-miR-15b-5p	mir-15	exon	False	1	MT	3688	3737	+	3	377
TAGCTTGTATAAGCTAGAAGAAGAAAACCATGAAGCTGCTACATGTCTGG	TAGCAGCACATCATGGTTTACA	hsa-miR-15b-5p	mir-15	intron	False	1	12	27028290	27028339	+	1	114
TATGAAATTTCTTCAGATATAATAAACCATGACTTTTTGGCTGCTCAACA	TAGCAGCACATCATGGTTTACA	hsa-miR-15b-5p	mir-15		False	1	16	24825411	24825460	+	1	115
TCACAACACCCTAGGCTCACTAAACATTCTACTACTCACTCTCACTGCCC	TAGCAGCACATAATGGTTTGTG	hsa-miR-15a-5p	mir-15	exon	False	1	MT	11260	11309	+	1	116
TTGAGGCCGATGAAGTTCTGCTGTTCGAAAGAGCTACATTCTTGGTTATT	TAGCAGCACATAATGGTTTGTG	hsa-miR-15a-5p	mir-15	exon	False	1	9	19050252	19050301	+	3	378
TTGTGAAATGCTGCTACCAGTTTACTAACAAAATTGCGAAGAAGGACCGC	TAGCAGCACATCATGGTTTACA	hsa-miR-15b-5p	mir-15	three_prime_utr	False	1	19	16575796	16575845	-	1	321
TTTTGTGAAATGCTGCTACCAGTTTACTAACAAAATTGCGAAGAAGGACC	TAGCAGCACATAATGGTTTGTG	hsa-miR-15a-5p	mir-15	three_prime_utr	False	1	19	16575798	16575847	-	2	321
AAAAAAAGATTCTTTTGCATTTACCAATTTAGTAAAAATTTATTAAAACT	CAAAGTGCTTACAGTGCAGGTAG	hsa-miR-17-5p	mir-17	exon	False	1	X	73823012	73823061	-	1	191
AAAAAGTTTCTCGTGACTGAGAGCCCTGCCAAGTTTGCACTTTATAAGCG	CAAAGTGCTTACAGTGCAGGTAG	hsa-miR-17-5p	mir-17	exon	False	1	12	64688384	64688433	+	2	333
AAATGGCTGTATTTATAAAGGTTTTTGGAGCTGCACCGAAGCATCTTATT	TAAGGTGCATCTAGTGCAGATAG	hsa-miR-18a-5p	mir-17	three_prime_utr	False	1	X	48577504	48577553	+	1	125
AACACAATTTGAAAAGCATTGAATTTGTCTACCTGCACCTTCACTTTGCA	AAAAGTGCTTACAGTGCAGGTAG	hsa-miR-106a-5p	mir-17	intron	False	1	2	109192028	109192077	+	2	315
AAGATACATTAGCCAAGCACTGTTGTAAGCACTTTACACATGTTGTTTCA	TAAAGTGCTGACAGTGCAGAT	hsa-miR-106b-5p	mir-17	five_prime_utr	False	1	20	32284820	32284869	+	1	151
AAGTTCGATGCAGCAGATACCTTTACACCCTGGTCATCACTGACAAAGAG	TAAGGTGCATCTAGTGCAGATAG	hsa-miR-18a-5p	mir-17	exon	False	1	17	74209226	74209275	+	2	300
AATAGCACCTTAATTTCAAGCAAATGTATTATAATTAAAGTTTTATTTGC	TAAGGTGCATCTAGTGCAGATAG	hsa-miR-18a-5p	mir-17	intron	False	1	13	77007082	77007131	-	2	420
AATAGCATCTACTATGTGCCAGCCCAGCACTGTTCTAAGCACTTTACAAA	CAAAGTGCTTACAGTGCAGGTAG	hsa-miR-17-5p	mir-17	five_prime_utr	False	1	6	28442890	28442939	-	3	384
AATTTGCTGGATTTAAGCACTGCTGCACTTTATGAGGTTGGTAAATATTT	TAAGGTGCATCTAGTGCAGATAG	hsa-miR-18a-5p	mir-17	intron	False	1	22	40178105	40178154	+	1	131
ACACACTCAGACACACAGGCACTCTCCTGCACACACACACTCACACTCAG	CAAAGTGCTTACAGTGCAGGTAG	hsa-miR-17-5p	mir-17	intron	False	1	21	45437366	45437415	+	1	197
ACACTGCACTGGGTACTTAAAGAAATTATTTCCCGTTGTAATTATAATTA	CAAAGTGCTTACAGTGCAGGTAG	hsa-miR-17-5p	mir-17		False	1	3	52254650	52254699	-	1	196
ACAGAGCCATATGTACCCTACCCTGCACATTGTTATGCACTTTTCCCCAA	AAAAGTGCTTACAGTGCAGGTAG	hsa-miR-106a-5p	mir-17	three_prime_utr	False	1	6	29602598	29602647	-	6	424
ACCTGCTAGGCACTTTACTTACGTTTTCTTATTTAATCCTTACAACAACC	TAAAGTGCTTATAGTGCAGGTAG	hsa-miR-20a-5p	mir-17	intron	False	1	5	43291730	43291779	-	1	140
ACCTTCTGCACCTACACCATCTGCACCTACATCCACTGCACCTCCACCTT	TAAGGTGCATCTAGTGCAGATAG	hsa-miR-18a-5p	mir-17	intron	False	1	12	112296830	112296879	-	3	380
ACGCCATTGCACTGATTAATGCACTTTTTCTGAAGGCTCCTGAGGACAAA	CAAAGTGCTTACAGTGCAGGTAG	hsa-miR-17-5p	mir-17	intron	False	1	20	46383422	46383471	-	3	387
AGAAATCACACCAGCAGCATTCAGCACTTTAACTACGGCATCAGTGGAAG	TAAAGTGCTTATAGTGCAGGTAG	hsa-miR-20a-5p	mir-17	exon,intron	False	1	4	150828574	150828623	-	2	312
AGAATATTTAATCCTTATTTATTAATCTCTTGCTGGAGTGGTGTAATGTA	TAAAGTGCTGACAGTGCAGAT	hsa-miR-106b-5p	mir-17	three_prime_utr	False	1	14	50419514	50419563	-	1	152
AGACCACCTGCACCAACAGCAACTGTACCTGCCCCACAGCCTCCAGTTAC	CAAAGTGCTTACAGTGCAGGTAG	hsa-miR-17-5p	mir-17	exon	False	1	17	32365410	32365459	+	1	201
AGACTCAGCACTAGCACTCCATCAGCACTAGCACCTCACTCCATCAGCAC	TAAGGTGCATCTAGTGCAGATAG	hsa-miR-18a-5p	mir-17	three_prime_utr	False	1	16	3142115	3142164	+	1	123
AGAGGTGGGGCTGCACCAGACTCAGCACTAGCACTCCATCAGCACTAGCA	TAAAGTGCTTATAGTGCAGGTAG	hsa-miR-20a-5p	mir-17	three_prime_utr	False	1	16	3142098	3142147	+	1	123
AGATAAGGGCACCTTCTCATGGACTCCCTTTGCTTTTCAACAAGGAGTAC	TAAGGTGCATCTAGTGCAGATAG	hsa-miR-18a-5p	mir-17	exon	False	1	X	73844352	73844401	-	3	379
AGCACTGCCGGCCTGCCTGCACTGCACTTGAATTCTTGCCGGGCCTCAGC	CAAAGTGCTTACAGTGCAGGTAG	hsa-miR-17-5p	mir-17	intron	False	1	14	31700722	31700771	+	1	202
AGCCTCATTTGATTCCTTCTATTTGCACAAGTCACCTTGGACTGCAGGGA	TAAGGTGCATCTAGTGCAGATAG	hsa-miR-18a-5p	mir-17	three_prime_utr	False	1	3	138295954	138296003	+	1	407
AGGCCAATACACCTATGGTCAAGGCACCTATGGGGCAGCTGCTTATGGCA	ACTGCCCTAAGTGCTCCTTCTGG	hsa-miR-18a-3p	mir-17	exon	False	1	22	38486186	38486235	-	1	239
AGGGAGGGACAGCCCAGGCCGTGGAGCGGCTTCTGAGTTTCCCGTGAGCC	CAAAGTGCTTACAGTGCAGGTAG	hsa-miR-17-5p	mir-17	intron	False	1	19	4053014	4053063	-	3	385
AGTATTGTTACTCTGTCTATCATTTGCACAAAGCACTTTTATATGTTCTT	TAAAGTGCTTATAGTGCAGGTAG	hsa-miR-20a-5p	mir-17	intron	False	1	3	48179781	48179830	-	4	408
ATTAGTGAAGTTGTTTATATTGTATACCCAGCACTGTGCAGCACTTTTCC	CAAAGTGCTTACAGTGCAGGTAG	hsa-miR-17-5p	mir-17	five_prime_utr	False	1	4	77073362	77073411	-	1	195
ATTCAGCTTCCTACACTATTAAAGTTTACCACAACCACCACCCCATCATA	CAAAGTGCTTACAGTGCAGGTAG	hsa-miR-17-5p	mir-17	exon	False	1	MT	14300	14349	+	3	386
CAAACTAGACTACTTCTCCATAATATTCATCCCTGTAGCATTGTTCGTTA	CAAAGTGCTTACAGTGCAGGTAG	hsa-miR-106a-5p	mir-17	exon	False	1	MT	12576	12625	+	2	361
CAACCCCAAACTCTACATGTGTGTGTGTGAAGGTCTCTCCTGCGGTAATG	CAAAGTGCTTACAGTGCAGGTAG	hsa-miR-17-5p	mir-17	exon	False	1	2	157780535	157780584	-	1	200
CAAGTAACAACAACAATTGAGAGGATGGTAGAGGAGGAAGAAGAGTACGA	CAAAGTGCTTACAGTGCAGGTAG	hsa-miR-17-5p	mir-17	intron	False	1	22	35843687	35843736	-	2	328
CAATTTGCTGGATTTAAGCACTGCTGCACTTTATGAGGTTGGTAAATATT	TAAAGTGCTTATAGTGCAGGTAG	hsa-miR-20a-5p	mir-17	intron	False	1	22	40178104	40178153	+	1	131
CACACACTGCACACACCCCACACACACTGCACACACACCATGTGCACACG	TAAAGTGCTTATAGTGCAGGTAG	hsa-miR-20a-5p	mir-17		False	1	9	41229468	41229517	-	1	146
CACACCCGGGTTTCCATGCACACACCCGGGTTTCCATGCACGCACCCGGG	TAAAGTGCTTATAGTGCAGGTAG	hsa-miR-20a-5p	mir-17	intron	False	1	13	113330072	113330121	-	2	314
CACATATCCACATACACACAGGCACACACCACACAGAACATGCACACACC	CAAAGTGCTTACAGTGCAGGTAG	hsa-miR-17-5p	mir-17		False	1	21	42840894	42840943	-	1	198
CACTCCATCAGCACTAGCACCTCACTCCATCGGCCCCGGCACCCTGCTCC	TAAGGTGCATCTAGTGCAGATAG	hsa-miR-18a-5p	mir-17	three_prime_utr	False	1	16	3142151	3142200	+	6	123
CACTCTCCTAAGCACTTTATGTATACTAACTCACTTAAATTTCCCAACAC	CAAAGTGCTTACAGTGCAGGTAG	hsa-miR-17-5p	mir-17	intron	False	1	2	72308552	72308601	-	2	330
CAGAGCACGAGCACTTTACAGACTTCAACGCCACGTCGGCACTCTTCTGG	TAAAGTGCTTATAGTGCAGGTAG	hsa-miR-20a-5p	mir-17	exon	False	1	19	44974458	44974507	+	1	132
CAGGCCCCGTGGACCTGTCCTGCCTGGCCCCCAAGGCCATACTTACCCCC	AAAAGTGCTTACAGTGCAGGTAG	hsa-miR-106a-5p	mir-17	three_prime_utr	False	1	7	100681224	100681273	-	1	266
CAGTCGCTTATACCTGCAATTCCAGCACTTTGGGAAGCTAAGGCAGGCAG	TAAAGTGCTTATAGTGCAGGTAG	hsa-miR-20a-5p	mir-17	intron	False	1	2	218576695	218576744	+	1	147
CATCCTTGATGCTGCACTAATTGACTAATCACCTACTTATCAGACAGGAA	TAAGGTGCATCTAGTGCAGATAG	hsa-miR-18a-5p	mir-17	exon	False	1	X	73850040	73850089	-	2	297
CATCTCCTTACCCTCCTGCACTGCAGAGCCAGCTTAGTATCACTGCCAAC	TAAGGTGCATCTAGTGCAGATAG	hsa-miR-18a-5p	mir-17	exon	False	1	17	31360602	31360651	+	1	126
CATGACCTATGAATTCCTGCAGGAGCACTTTAACCCCCAGAGACGGTACA	CAAAGTGCTGTTCGTGCAGGTAG	hsa-miR-93-5p	mir-17	exon	False	1	10	99611166	99611215	-	1	211
CATGACCTATGAATTCCTGCAGGAGCACTTTAACCCCCAGAGACGGTACA	CAAAGTGCTTACAGTGCAGGTAG	hsa-miR-17-5p	mir-17	exon	False	1	10	99611166	99611215	-	1	211
CCACCTCTCAACCTACCTGCATGATTTCTCACACATTTAATTGCATCTCT	CAAAGTGCTTACAGTGCAGGTAG	hsa-miR-17-5p	mir-17		False	1	X	115902078	115902127	-	1	190
CCCACATTGCACACACTGTAAGAAATGCACTTTCCGAGGAAGGGGATGGG	CAAAGTGCTGTTCGTGCAGGTAG	hsa-miR-93-5p	mir-17	three_prime_utr	False	1	19	3463692	3463741	+	2	337
CCCAGCACTTGTTACAAACACACGATGCACCTTAACTCACCCACCACGAG	TAAGGTGCATCTAGTGCAGATAG	hsa-miR-18a-5p	mir-17	three_prime_utr	False	1	7	100681553	100681602	-	1	209
CCCATGGAACAGCACACACACTCCCACGAACAGCACACACACTCCCACGA	TAAAGTGCTGACAGTGCAGAT	hsa-miR-106b-5p	mir-17	intron	False	1	20	63678580	63678629	+	1	150
CCCCTGCACACCCTAGCACAGAGCACTTTATGCAGTCATGTTGTGGAAGG	CAAAGTGCTTACAGTGCAGGTAG	hsa-miR-17-5p	mir-17	intron	False	1	X	119691561	119691610	-	1	189
CCCTCACATTCACTTTCCCCCTCATTCACATTCACTCCTCCCTCACTCAT	CAAAGTGCTTACAGTGCAGGTAG	hsa-miR-17-5p	mir-17	five_prime_utr	False	1	13	29557767	29557816	-	2	336
CCTAATTGGAAGCGCCACCCTAGCAATATCAACCATTAACCTTCCCTCTA	TAAAGTGCTTATAGTGCAGGTAG	hsa-miR-20a-5p	mir-17	exon	False	1	MT	9042	9091	+	2	310
CCTCTCTATACTAATCTCCCTACAAATCTCCTTAATTATAACATTCACAG	TAAAGTGCTTATAGTGCAGGTAG	hsa-miR-20a-5p	mir-17	exon	False	1	MT	11044	11093	+	1	138
CCTTACAGTTTGCAAAGAACGTTCACACATTCTCATTTGAGTTTTGCATA	TAAGGTGCATCTAGTGCAGTTAG	hsa-miR-18b-5p	mir-17	three_prime_utr	False	1	X	151408999	151409048	+	1	120
CGCTGTCGCCTTAATCCAAGCCTACGTTTTCACACTTCTAGTAAGCCTCT	CAAAGTGCTTACAGTGCAGGTAG	hsa-miR-17-5p	mir-17	exon	False	1	MT	9138	9187	+	1	207
CGTCCTAGAATTAATTCCCCTAAAAATCTTTGAAATAGGGCCCGTATTTA	TAAAGTGCTTATAGTGCAGGTAG	hsa-miR-20a-5p	mir-17	exon	False	1	MT	8212	8261	+	2	311
CTACCTTCCAGTTTAAACACTAGTGGTATTGTCAGATGCCGTTAGTATCT	CAAAGTGCTTACAGTGCAGGTAG	hsa-miR-17-5p	mir-17	three_prime_utr	False	1	13	98023634	98023683	+	1	203
CTATCTTCAAAATGTATCCCATCCCATTACTTCTATAGAGGTGCTGAATG	TAAGGTGCATCTAGTGCAGATAG	hsa-miR-18a-5p	mir-17	intron	False	1	12	112297459	112297508	-	1	127
CTCCCTGCGCTATAGGGTCACTTTAAGCTCTGGGGAAAAAGGAGAAAGTG	TAAAGTGCTTATAGTGCAGGTAG	hsa-miR-20a-5p	mir-17	three_prime_utr	True	1	1	150966044	150966093	-	3	381
CTGAAGATCAACATGCCTGGCACTCTAGCACTTGAGGATAGCTGAATGAA	TAAAGTGCTTATAGTGCAGGTAG	hsa-miR-20a-5p	mir-17	exon	False	1	X	73829068	73829117	-	1	137
CTTCGCTTAGAATGCCAGAATAATATAGTTCAAGACCTGAAGTTGCCAAT	CAAAGTGCTTACAGTGCAGGTAG	hsa-miR-17-5p	mir-17	intron	False	1	3	141293448	141293497	+	2	327
CTTTATTTTTCTCGTAGATCTTTAGCTACTTTGGGGAGGAGGGAAGGTGC	CAAAGTGCTTACAGTGCAGGTAG	hsa-miR-17-5p	mir-17	intron	False	1	4	77166149	77166198	+	1	194
GAAGTCCTAGGAAAGTGACAGCGAGGGCTGTGAGTTTTAGGTAGAGGGGG	ACTGCAGTGAAGGCACTTGTAG	hsa-miR-17-3p	mir-17	exon	False	1	MT	13782	13831	-	2	353
GAGTTATGCTTCTCTATAAATTATGTACCAAACATGGTGGTATGGGAACA	CAAAGTGCTGTTCGTGCAGGTAG	hsa-miR-93-5p	mir-17	exon	False	1	2	182956516	182956565	-	2	281
GATGTGGGTCTCCAAAAAGGAATATGAGGAAGACGGTGCCCGATCCATCC	TAAGGTGCATCTAGTGCAGATAG	hsa-miR-18a-5p	mir-17	intron	False	1	10	102480880	102480929	-	2	301
GCAATATACCAGGTAACAAATGCACACATGCACCTTCTGAATTTAAAATA	TAAGGTGCATCTAGTGCAGATAG	hsa-miR-18a-5p	mir-17	intron	False	1	2	142096737	142096786	-	1	121
GCACAAAGCACTTTTATATGTTCTTGTCTTGTGAAGTGGAGTTAATCCAC	TAAAGTGCTTATAGTGCAGGTAG	hsa-miR-20a-5p	mir-17	intron	False	1	3	48179756	48179805	-	2	408
GCACAATGCCCTGGTCACTTGGCAAGCGGCTGGGCCTGACGGAGGCCGAG	TAAGGTGCATCTAGTGCAGATAG	hsa-miR-18a-5p	mir-17	three_prime_utr	False	1	19	13140306	13140355	+	1	122
GCACACAAATGCACATGCAGGTACACATGCACACACAGGCACACACAGGG	TAAAGTGCTGACAGTGCAGAT	hsa-miR-106b-5p	mir-17	intron	False	1	21	42769596	42769645	+	1	153
GCACTTGTTACAAACACACGATGCACCTTAACTCACCCACCACGAGGCAC	CAAAGTGCTGTTCGTGCAGGTAG	hsa-miR-93-5p	mir-17	three_prime_utr	False	1	7	100681549	100681598	-	1	209
GCAGTTGGTTCCGCCGAGGGCCGGCCCCTCAGGACCAGGCGGGCCCCGGA	TAAAGTGCTTATAGTGCAGGTAG	hsa-miR-20a-5p	mir-17	exon	False	1	19	44973110	44973159	+	4	411
GCATCATAATCCTCTCTCAAGGACTTCAAACTCTACTCCCACTAATAGCT	CAAAGTGCTTACAGTGCAGGTAG	hsa-miR-17-5p	mir-17	exon	False	1	MT	11778	11827	+	1	318
GCCACCTACTCATGCACCTAATTGGAAGCGCCACCCTAGCAATATCAACC	CAAAGTGCTTACAGTGCAGGTAG	hsa-miR-17-5p	mir-17	exon	False	1	MT	9026	9075	+	1	310
GCCAGGCACTGTTTAAGCACTTTATGTATGTTTATTTAATCCTAACAATA	TAAAGTGCTGACAGTGCAGAT	hsa-miR-106b-5p	mir-17	intron	False	1	2	224525624	224525673	-	1	265
GCTAACAACATCTGCACAGCACCTTACAGTTTGCAAAGAACGTTCACACA	TAAGGTGCATCTAGTGCAGATAG	hsa-miR-18a-5p	mir-17	three_prime_utr	False	1	X	151408978	151409027	+	56	120
GCTAACAACATCTGCACAGCACCTTACAGTTTGCAAAGAACGTTCACACA	TAAGGTGCATCTAGTGCAGTTAG	hsa-miR-18b-5p	mir-17	three_prime_utr	False	1	X	151408978	151409027	+	1	120
GCTGACACGCTGGCTGCAGGAGTTCACCCGGCACCACGGCACCATGAGCG	ACTGCAGTGAAGGCACTTGTAG	hsa-miR-17-3p	mir-17	exon	False	1	16	88722884	88722933	-	1	241
GCTGGTGGTGAACTGCTGCACTGAATTCATTCACCTTATATCTTCTGAAG	TAAGGTGCATCTAGTGCAGATAG	hsa-miR-18a-5p	mir-17	exon	True	1	1	93346756	93346805	+	2	302
GCTTGCACAGCACCTTAGGCGAGGGAAGAATATACGGATAGGGAATGGGG	TAAGGTGCATCTAGTGCAGATAG	hsa-miR-18a-5p	mir-17	five_prime_utr	False	1	16	71856746	71856795	+	2	298
GGAACCAGCCTCATTTGATTCCTTCTATTTGCACAAGTCACCTTGGACTG	TAAGGTGCATCTAGTGCAGATAG	hsa-miR-18a-5p	mir-17	three_prime_utr	False	1	3	138295948	138295997	+	4	407
GGAGGCCAAGACAGGTGGATCACTTGAGGTCAGGAGTTCAGGACCAGCCT	TAAAGTGCTTATAGTGCAGGTAG	hsa-miR-20a-5p	mir-17	intron	True	1	1	150611189	150611238	-	1	144
GGAGTCCTGGATACCTTGATGTTTAGCACTTTAACCCCCTTTGTCTTTAA	CAAAGTGCTTACAGTGCAGGTAG	hsa-miR-17-5p	mir-17	three_prime_utr	False	1	20	63957564	63957613	-	2	329
GGAGTGAGAGAAGGACATAGGAAGAGCACACAGATCAAGAGACTGTGTCT	TAAAGTGCTTATAGTGCAGGTAG	hsa-miR-20a-5p	mir-17		True	1	1	223880952	223881001	+	1	142
GGATACAATAGTAATTATTCATGGTTCTGCGTAACAGAGAAGACCCACTT	TAAAGTGCTTATAGTGCAGGTAG	hsa-miR-20a-5p	mir-17	exon	False	1	X	73848912	73848961	-	1	128
GGCCCCAGGGCCACAGCTAGCCTGCATGTGTGTACTGCACTTTACAGTTT	TAAAGTGCTTATAGTGCAGGTAG	hsa-miR-20a-5p	mir-17	three_prime_utr	False	1	11	66362827	66362876	-	2	308
GGCTGCCTTAGTGACAATACCACCTGCACAAAGCACTTTCATATCAGCAT	TAAAGTGCTTATAGTGCAGGTAG	hsa-miR-20a-5p	mir-17	intron	False	1	6	13458680	13458729	-	1	129
GGGTAAGATGTTCTAATCATCTACTATATACACCTGTACTATTAGGCACT	TAAAGTGCTTATAGTGCAGGTAG	hsa-miR-20a-5p	mir-17	intron	False	1	18	21776456	21776505	+	2	313
GGTAAAGGCACTAAAGTCACTTTAAAGCTTTTGGAGAAGCAGGAGGGCAT	TAAAGTGCTTATAGTGCAGGTAG	hsa-miR-20a-5p	mir-17	intron	True	1	1	109497018	109497067	+	1	135
GGTGCTGTCTTCAATCAAGTAGCCTTCCCACTGCAGTACACACCCAGGAA	ACTGCAGTGAAGGCACTTGTAG	hsa-miR-17-3p	mir-17	exon	False	1	16	70563898	70563947	+	1	242
GGTTCCCTTCACTCTGCACTTTGTTCCCCCTCCTTATCCTGAGGCTTTTC	TAAAGTGCTTATAGTGCAGGTAG	hsa-miR-20a-5p	mir-17	intron	False	1	10	26707559	26707608	+	1	141
GGTTCCGCCGAGGGCCGGCCCCTCAGGACCAGGCGGGCCCCGGAGGAGCT	CAAAGTGCTTACAGTGCAGGTAG	hsa-miR-17-5p	mir-17	exon	False	1	19	44973116	44973165	+	3	411
GTAAGCACTTTATCTCCAGAACTGAGAGCAAAGTTAACAAATCTCACCCC	TAAAGTGCTTATAGTGCAGGTAG	hsa-miR-20a-5p	mir-17	intron	False	1	20	49246738	49246787	-	5	421
GTACTGCTAGAAGCACTTTATGTTTCCTTTTTGGGTGAAATGGATTTATG	CAAAGTGCTTACAGTGCAGGTAG	hsa-miR-17-5p	mir-17	three_prime_utr	False	1	6	38676004	38676053	-	1	193
GTAGTCCGAGGAGCGGCCCCTGGGCGCCAGCGCCATGGGTGGAGGCCGTC	TAAAGTGCTGACAGTGCAGAT	hsa-miR-106b-5p	mir-17		False	1	21	42838118	42838167	-	1	264
GTCACCAAGACCCTACTTCTAACCTCCCTGTTCTTATGAATTCGAACAGC	CAAAGTGCTGTTCGTGCAGGTAG	hsa-miR-93-5p	mir-17	exon	False	1	MT	4084	4133	+	1	208
GTCCCAACAGAACCTGCATGTGTACATCTCAGAGCACGAGCACTTTACAG	CAAAGTGCTTACAGTGCAGGTAG	hsa-miR-17-5p	mir-17	intron,exon	False	1	19	44974429	44974478	+	2	332
GTGACAACTGCACTGAATGACACTTTATTTTTTGGCTTTGGCTTATTATT	CAAAGTGCTTACAGTGCAGGTAG	hsa-miR-17-5p	mir-17	three_prime_utr	True	1	1	205143640	205143689	-	1	204
GTTATCAATACCGTGGCACAGGTCACTTTTGACATTTTAATTTATTACTT	TAAAGTGCTTATAGTGCAGGTAG	hsa-miR-20a-5p	mir-17	exon	True	1	1	224190053	224190102	+	2	309
GTTTTTATACTACATGCCCTACTTGAACACTTATTGCACTTTTATTTATT	CAAAGTGCTTACAGTGCAGGTAG	hsa-miR-17-5p	mir-17	three_prime_utr	False	1	2	191685792	191685841	+	1	199
TACATGCCCTACTTGAACACTTATTGCACTTTTATTTATTGTTAACTGTG	TAAAGTGCTTATAGTGCAGGTAG	hsa-miR-20a-5p	mir-17	three_prime_utr	False	1	2	191685802	191685851	+	1	199
TATCATTCATGACTTAATACCTGAAATGCACTTTTAAATGTTTGCCTTAT	CAAAGTGCTTACAGTGCAGGTAG	hsa-miR-17-5p	mir-17		False	1	11	16757691	16757740	+	2	334
TATCATTTGCACAAAGCACTTTTATATGTTCTTGTCTTGTGAAGTGGAGT	CAAAGTGCTTACAGTGCAGGTAG	hsa-miR-17-5p	mir-17	intron	False	1	3	48179764	48179813	-	2	408
TATCTCCCTACCTGTGCTGAGTCAAGCCACTTTACCAGAATGTCTGATTT	CAAAGTGCTTACAGTGCAGGTAG	hsa-miR-17-5p	mir-17	three_prime_utr	False	1	6	167348447	167348496	-	1	192
TATTTGATGGTGCCTGCAGTTCTCTTAATGCACTTTAAAGCTTCACAGTT	TAAAGTGCTTATAGTGCAGGTAG	hsa-miR-20a-5p	mir-17	three_prime_utr	False	1	10	68345390	68345439	-	4	410
TCACGCCTGTGATCACAGCACTTTGGGAGGCTGAGGAAGGTGGATCGCTG	TAAAGTGCTTATAGTGCAGGTAG	hsa-miR-20a-5p	mir-17	five_prime_utr	False	1	19	40350972	40351021	+	1	133
TCAGCCTTGATAAATTGCACACTGCACTTTCTGAGTTATGCTTCTCTATA	TAAAGTGCTGACAGTGCAGAT	hsa-miR-106b-5p	mir-17	exon,intron	False	1	2	182956548	182956597	-	1	409
TCATGCACACACACGCACTCTTACCCCCACACCCACTCACACACACGCAC	TAAGGTGCATCTAGTGCAGATAG	hsa-miR-18a-5p	mir-17	intron	True	1	1	30894157	30894206	-	1	124
TCATTCTAACCTGAATCGGAGGACAACCAGTAAGCTACCCTTTTACCATC	CAAAGTGCTTACAGTGCAGGTAG	hsa-miR-17-5p	mir-17	exon	False	1	MT	15744	15793	+	1	205
TCCAGACATCCATCTGTCCACCCATTCATCCATCCATCCATTCATCCATC	CAAAGTGCTTACAGTGCAGGTAG	hsa-miR-17-5p	mir-17	intron	False	1	9	78320240	78320289	+	4	414
TCCATTAGGTTATCTTCCTGCTGGACTTCTGCACTTTAGACATCCCACAC	TAAAGTGCTTATAGTGCAGGTAG	hsa-miR-20a-5p	mir-17	exon,intron	False	1	17	4076718	4076767	-	1	134
TCCCAGGTAGACATCTGCTTGCTTCTTCAAGAGGGCTTTGCACCTTGGCC	TAAAGTGCTTATAGTGCAGGTAG	hsa-miR-20a-5p	mir-17	intron	True	1	1	17416333	17416382	-	1	136
TCCTGCTTGCTGCACTCTTATTTTCATTTTCAACCAAAGGCCCTTTTCAG	TAAAGTGCTTATAGTGCAGGTAG	hsa-miR-20a-5p	mir-17	three_prime_utr	False	1	6	26285135	26285184	-	1	145
TCTAACACTTAACCATGTGTCAGGCATTGCACTAAGCACTTTACATACAT	TAAAGTGCTTATAGTGCAGGTAG	hsa-miR-20a-5p	mir-17		True	1	1	162606720	162606769	+	1	143
TCTCCTTGTCCCTGCTTGGCTACACTTCCCTGGGCTCCACCTCCTCCCAG	CAAAGTGCTTACAGTGCAGGTAG	hsa-miR-17-5p	mir-17	five_prime_utr	False	1	6	29628838	29628887	-	4	415
TCTCTACTAAGAACTCTTTCTTAAATGTGGTTTGTTACTGTAGCACTTTT	CAAAGTGCTTACAGTGCAGGTAG	hsa-miR-17-5p	mir-17	three_prime_utr	False	1	17	68046656	68046705	+	2	335
TCTTCCTTTTCCCCACGTTCAGTGTAATCTCACTGAACAGTAATAATAGC	TAAGGTGCATCTAGTGCAGATAG	hsa-miR-18a-5p	mir-17	three_prime_utr	False	1	X	151408924	151408973	+	10	429
TCTTGGTAGGGTGTGGTTTCCCGACATGATGCCCACTTGGTAAAAACTGC	TAAGGTGCATCTAGTGCAGATAG	hsa-miR-18a-5p	mir-17	intron	False	1	13	77007138	77007187	-	2	299
TGAAAGTAATACCACTTAATAGGTTAGCTGCTACCCTGCACTTTCAAAGC	CAAAGTGCTTACAGTGCAGGTAG	hsa-miR-17-5p	mir-17	intron	True	1	1	180401303	180401352	-	1	228
TGAGACTATGCACAAAGCACTTACTACTGCGGCCCCCGTAACTAGCGCCC	TAAAGTGCTTATAGTGCAGGTAG	hsa-miR-20a-5p	mir-17	intron	False	1	3	9828696	9828745	+	2	306
TGAGTGGCTCACGCCTGCAATTCCAGCACTTTGGGAGACTGAGGTAGAAG	CAAAGTGCTGTTCGTGCAGGTAG	hsa-miR-93-5p	mir-17	intron	False	1	21	46221600	46221649	-	1	210
TGGCCAACTCCGTGCCCCCTTCGGAGGCATGCAACCATGCAGTCCTAGCC	TAAAGTGCTTATAGTGCAGGTAG	hsa-miR-20a-5p	mir-17	five_prime_utr	False	1	3	42087257	42087306	+	2	305
TGGGCACTTACCATGTGCCAGGCACTGTCCCAAGCACTTTATGTGTATTA	TAAAGTGCTGACAGTGCAGAT	hsa-miR-106b-5p	mir-17	exon	False	1	7	151240900	151240949	-	1	148
TGTCAGGCACTGTTCTAAGCACTTTACGTAGTAATTCATTTAATCTTCAT	TAAAGTGCTGACAGTGCAGAT	hsa-miR-106b-5p	mir-17	intron	False	1	3	9758126	9758175	+	1	149
TGTGGAGGGTGCGCTGGGTCCTCCAGCACTGCCGGCCTGCCTGCACTGCA	AAAAGTGCTTACAGTGCAGGTAG	hsa-miR-106a-5p	mir-17	intron	False	1	14	31700698	31700747	+	2	202
TTATACCTGCTTCTTTAATAGCCACTTTCCCTAAATACCCTGTAATTTCT	TAAAGTGCTTATAGTGCAGGTAG	hsa-miR-20a-5p	mir-17	three_prime_utr	False	1	6	97144620	97144669	-	2	304
TTCATCACTTTTAAAGCCCTATTTAAAGGTTTCTTTCCAAAACCCTTGAA	CAAAGTGCTTACAGTGCAGGTAG	hsa-miR-17-5p	mir-17	intron	False	1	2	23809286	23809335	-	2	331
TTCATCCTTAATCCTTGCTAGTTTAAGCCTGCCTAAGTCACTTTACTAAA	CAAAGTGCTTACAGTGCAGGTAG	hsa-miR-106a-5p	mir-17	three_prime_utr	False	1	X	123908371	123908420	+	3	399
TTCCCGGGGCAGCAGGTGAGGAAGCCGCCGTACTGCAAATGACTTTAATC	ACTGCAGTGAAGGCACTTGTAG	hsa-miR-17-3p	mir-17	three_prime_utr	False	1	19	5691804	5691853	+	1	243
TTCGAGAAGAAAACAAACTCTACAAAAGAACTGCACTTGCACTTCATTAC	TAAAGTGCTTATAGTGCAGGTAG	hsa-miR-20a-5p	mir-17	exon	True	1	1	197090248	197090297	-	1	262
TTCTGTCATTATATTTTTTAAAAATTAAATGCTTCTGAATGTCCATACAA	AAAAGTGCTTACAGTGCAGGTAG	hsa-miR-106a-5p	mir-17	intron	False	1	3	78697742	78697791	-	1	159
TTGATAAATTGCACACTGCACTTTCTGAGTTATGCTTCTCTATAAATTAT	TAAAGTGCTTATAGTGCAGGTAG	hsa-miR-20a-5p	mir-17	exon	False	1	2	182956542	182956591	-	4	409
TTGATTTCTGGCACAAGATATAGCAGGTTCACCTTGCACTTGCACTTTTT	TAAAGTGCTTATAGTGCAGGTAG	hsa-miR-20a-5p	mir-17	intron	False	1	9	79645188	79645237	+	1	139
TTGGACCCCCTGAGATCCAGCCCTACTTCTTGCACTGATAATGCACTTTG	TAAAGTGCTTATAGTGCAGGTAG	hsa-miR-20a-5p	mir-17	three_prime_utr	False	1	14	70730252	70730301	-	2	307
TTGGTAAAAACTGCATGATGAATAGCACCTTAATTTCAAGCAAATGTATT	TAAGGTGCATCTAGTGCAGATAG	hsa-miR-18a-5p	mir-17	intron	False	1	13	77007102	77007151	-	5	420
TTGTTCCCATTTTTACAGCACACTTTGCACTTTAATGTCACAGATATGGC	TAAAGTGCTTATAGTGCAGGTAG	hsa-miR-20a-5p	mir-17	intron	False	1	3	75736677	75736726	-	1	130
TTTGACGCAGAGTCTGATCCTAGCAATGCCCCTGGGAGTGGGACCGAAAA	CAAAGTGCTTACAGTGCAGGTAG	hsa-miR-17-5p	mir-17	intron	False	1	20	46375282	46375331	-	1	206
TTTGGGAGAAGAACAGATTAAACCTGTTAATCCTGTCTTTTGCATGCCTG	TAAAGTGCTTATAGTGCAGGTAG	hsa-miR-20a-5p	mir-17	exon	True	1	1	75794554	75794603	+	1	263
AGAGATCTTGCCGACTGCACCAATGTTGGTTACAGGGAATCCGGGTGTCC	AACATTCAACGCTGTCGGTGAGT	hsa-miR-181a-5p	mir-181	exon	False	1	3	152432812	152432861	+	3	400
ATGAAGTCCGAGAGGAGACCCCCCTCACCTGACGTGATTGTGCTCTCCGA	AACATTCAACCTGTCGGTGAGT	hsa-miR-181c-5p	mir-181	exon	False	1	19	19492310	19492359	+	1	260
CCCTCGCCGACAGCCAGACCACAACACCAGATTGTACCCAGATAGCTGGG	AACATTCAACGCTGTCGGTGAGT	hsa-miR-181a-5p	mir-181	three_prime_utr	False	1	22	23765912	23765961	-	1	360
CGACAGCCAGACCACAACACCAGATTGTACCCAGATAGCTGGGATTGGAA	AACATTCATTGCTGTCGGTGGGT	hsa-miR-181b-5p	mir-181	three_prime_utr	False	1	22	23765905	23765954	-	2	360
GGAGGAAGCACTTTACTCCCACCAAATGTCACAAATGAATTTCCAGAATA	AACATTCATTGCTGTCGGTGGGT	hsa-miR-181b-5p	mir-181	exon	False	1	8	18872676	18872725	-	1	259
ACAAGCGCAGACGATTTCAGAAAACCAAGAACCTGCTGACAGGAGAGACA	GTGAATTACCGAAGGGCCATAA	hsa-miR-183-3p	mir-183	exon	False	1	19	44985230	44985279	+	4	404
GCCAAGGATGTCCGCATTTGCTGTCTGCTCTGCCTGAATCTCTCCTGCTT	TGGAGAGAAAGGCAGTTCCTGA	hsa-miR-185-5p	mir-185	five_prime_utr	True	1	1	165833363	165833412	+	2	278
GTTCCCTTAGCCGTCTTACTCAACTGCCCCTTTCCTCTCCCTCAGAATTT	TGGAGAGAAAGGCAGTTCCTGA	hsa-miR-185-5p	mir-185	three_prime_utr	False	1	6	30724428	30724477	+	1	158
ACCGTATGGCCCACCATAATTACCCCCATACTCCTTACACTATTCCTCAT	CAAAGAATTCTCCTTTTGGGCT	hsa-miR-186-5p	mir-186	exon	False	1	MT	8384	8433	+	3	422
TTCACAGCCCTCGACTTTGCACTTAAAAAGGGATATTGTAAATGAAAGGC	CATCCCTTGCATGGTGGAGGG	hsa-miR-188-5p	mir-188	three_prime_utr	False	1	7	137877459	137877508	-	1	215
ACACTGACTAAGGAACTGCAGCATTTGCACAGGGGAGGGGGGTGCCCTCC	TGTGCAAATCCATGCAAAACTGA	hsa-miR-19b-3p	mir-19	three_prime_utr	False	1	16	3022070	3022119	+	1	26
ACTTTTAAATGCATTTTTGCACACACTATCCCTCCTTCCTAGAATGTCCA	TGTGCAAATCTATGCAAAACTGA	hsa-miR-19a-3p	mir-19	intron	False	1	9	34403173	34403222	-	1	18
ACTTTTGCACAAAAGGTTCACTTGGTGACTCTCATGCCTCCATAAGTGTG	TGTGCAAATCTATGCAAAACTGA	hsa-miR-19a-3p	mir-19	intron	False	1	7	104986153	104986202	-	1	19
CAACAACCGACTAATCACCACCCAACAATGACTAATCAAACTAACCTCAA	TGTGCAAATCCATGCAAAACTGA	hsa-miR-19b-3p	mir-19	exon	False	1	MT	8640	8689	+	2	275
CATATGCACACAGGTACACACAGACACACACTCATGCACACACGTACACA	TGTGCAAATCTATGCAAAACTGA	hsa-miR-19a-3p	mir-19	intron	False	1	21	42769234	42769283	+	1	22
CCACACAGACCAGACTTCGGAGACCGCACCAGACGCATCGGTGCCACCCA	TGTGCAAATCTATGCAAAACTGA	hsa-miR-19a-3p	mir-19	exon	False	1	17	76391131	76391180	-	1	21
CCCTCTCTACTCGGGCCACGAGCATCTCCACACAGCTTCCAGATGACCCA	TGTGCAAATCTATGCAAAACTGA	hsa-miR-19a-3p	mir-19	exon	False	1	5	150753570	150753619	-	3	369
CCGAAGGTTGGATGTGTTGGCAAAACTGATCTAGAATTGGAGTTGCCTTT	TGTGCAAATCCATGCAAAACTGA	hsa-miR-19b-3p	mir-19	intron	False	1	6	20412540	20412589	+	1	25
CTCCACCTCCTATTCTTGCACGAAACGGGATCAAACAACCCCCTAGGAAT	TGTGCAAATCCATGCAAAACTGA	hsa-miR-19b-3p	mir-19	exon	False	1	MT	15329	15378	+	1	23
GAACTTCCAACACACACTTACACACACAGATACACACGCACATGTGCATG	TGTGCAAATCTATGCAAAACTGA	hsa-miR-19a-3p	mir-19	intron	False	1	21	32508024	32508073	-	3	370
GAAGGCTAAATGGGGCCATGAAGAAGGCTGGAAGGGACAGGGGGTGATGG	TGTGCAAATCCATGCAAAACTGA	hsa-miR-19b-3p	mir-19	three_prime_utr	False	1	6	33204050	33204099	+	1	24
GATAATGCACCAGTGCAGGGAGAGTGTGGGAGATGCTATCAAGCATTTGA	TGTGCAAATCCATGCAAAACTGA	hsa-miR-19b-3p	mir-19	intron	False	1	16	85554487	85554536	+	1	32
GCAAAAAGAAACAGCATATTTGCCACATCCAAGGCTGTGGGAAAGTGTAT	TGTGCAAATCCATGCAAAACTGA	hsa-miR-19b-3p	mir-19	exon	False	1	12	53409379	53409428	+	1	27
GCTCCTCAGTCAACAGCTACAGCCAATTTTGCTAACTTTGCACATTTCAA	TGTGCAAATCTATGCAAAACTGA	hsa-miR-19a-3p	mir-19	exon	False	1	2	227524855	227524904	+	5	417
GTGCAGCCCCCTGAATCTTCTCCGTGCAGCCCCTTGGGGCGCGACCTTGT	TGTGCAAATCCATGCAAAACTGA	hsa-miR-19b-3p	mir-19	three_prime_utr	False	1	19	1980214	1980263	+	2	276
GTTTGCTGTATGCATTGTATCTAATCAAGGAATTGAGAATGTAGCCCTAA	TGTGCAAATCTATGCAAAACTGA	hsa-miR-19a-3p	mir-19	intron	False	1	4	88010896	88010945	+	1	20
TAATGGGGTTTAGTAGGGTGGGGTTATTTTCGTTAATGTTAGTAAGGGTG	TGTGCAAATCCATGCAAAACTGA	hsa-miR-19b-3p	mir-19	exon	False	1	MT	13650	13699	-	1	31
TCACAGGCAGCCAACAAGCAATTAAGAGCAGTTATAATAGAGGAAGCTGG	TGTGCAAATCCATGCAAAACTGA	hsa-miR-19b-3p	mir-19	three_prime_utr	False	1	10	43386552	43386601	-	1	28
TCATTTGATTTTGCATTTTGCACTTCCTCCCAGGATATTTTTTTGGTCAA	TGTGCAAATCCATGCAAAACTGA	hsa-miR-19b-3p	mir-19	three_prime_utr	True	1	1	52086911	52086960	+	1	30
TCCTCCACATTTGTTTTGCCAATTTGCACATTAAATGACTCTTCCCTCAA	TGTGCAAATCCATGCAAAACTGA	hsa-miR-19b-3p	mir-19	three_prime_utr	True	1	1	185297698	185297747	-	1	29
TGTAATTATGATCATTATGTTGATATTTTAGTCAGGGTTTTAAATGCACA	TGTGCAAATCTATGCAAAACTGA	hsa-miR-19a-3p	mir-19	three_prime_utr	False	1	7	139569857	139569906	-	1	261
GGCTTTGTCAGGGGTTCTGGAACAAGATAGAGTGCAGAGTTTGAAGGACA	GCTGCGCTTGGATTTCGTCCCC	hsa-miR-191-3p	mir-191	exon	False	1	6	135039612	135039661	-	1	165
GGTCAGCGCGGGTCCCCAGGCCCACACCTGCACTGGAGGAAGGAGGTTGC	CAACGGAATCCCAAAAGCAGCTG	hsa-miR-191-5p	mir-191	five_prime_utr	True	1	1	227739846	227739895	+	1	188
TAGTGTATAAATGTTGGGTCACTTACCTAAGAAATTGAGCTATTGTTCTT	CAACGGAATCCCAAAAGCAGCTG	hsa-miR-191-5p	mir-191	three_prime_utr	False	1	11	33353964	33354013	+	1	187
TTTGTTTGCTGCTAATCCGTTATTTTAAGTGTTGTCAGAAGGAAATAACT	CAACGGAATCCCAAAAGCAGCTG	hsa-miR-191-5p	mir-191	three_prime_utr	False	1	12	69271638	69271687	+	1	186
GTAGTGGGATCGCGCCTGTGAATAGCCACTGCACTCCAGCCTGAGCAACA	AACTGGCCCTCAAAGTCCCGCT	hsa-miR-193b-3p	mir-193	exon	False	1	14	49862569	49862618	-	1	258
TATACTGAATCCTTAGAAAGGAAGAGCACACGAGGTCACTATAACCTGTG	TGGGTCTTTGCGGGCGAGATGA	hsa-miR-193a-5p	mir-193	intron	False	1	15	78468744	78468793	-	1	38
AACCTACTCCAATGCTAAAACTAATCGTCCCAACAATTATATTACTACCA	TAGGTAGTTTCCTGTTGTTGGG	hsa-miR-196b-5p	mir-196	exon	False	1	MT	10749	10798	+	8	427
ACCGTATGGCCCACCATAATTACCCCCATACTCCTTACACTATTCCTCAT	TAGGTAGTTTCATGTTGTTGGG	hsa-miR-196a-5p	mir-196	exon	False	1	MT	8384	8433	+	4	422
ACCTTTTCCTCCGACCCCCTAACAACCCCCCTCCTAATACTAACTACCTG	TAGGTAGTTTCCTGTTGTTGGG	hsa-miR-196b-5p	mir-196	exon	False	1	MT	10922	10971	+	2	425
ACTAATCAAACTAACCTCAAAACAAATGATAACCATACACAACACTAAAG	TAGGTAGTTTCCTGTTGTTGGG	hsa-miR-196b-5p	mir-196	exon	False	1	MT	8670	8719	+	2	292
ACTTCTAACAGCCCTAGACCTCAACTACCTAACCAACAAACTTAAAATAA	TAGGTAGTTTCATGTTGTTGGG	hsa-miR-196a-5p	mir-196	exon	False	1	MT	13827	13876	+	1	106
AGAAGACCTGGAACAGCAGTTCCACTACCACCTGCGCGGGCTGCACACTG	TAGGTAGTTTCATGTTGTTGGG	hsa-miR-196a-5p	mir-196	exon	False	1	X	38805366	38805415	+	1	156
ATCAACAACCGACTAATCACCACCCAACAATGACTAATCAAACTAACCTC	TAGGTAGTTTCCTGTTGTTGGG	hsa-miR-196b-5p	mir-196	exon	False	1	MT	8638	8687	+	1	275
ATGCTAAAACTAATCGTCCCAACAATTATATTACTACCACTGACATGACT	TAGGTAGTTTCCTGTTGTTGGG	hsa-miR-196b-5p	mir-196	exon	False	1	MT	10760	10809	+	5	427
CAAAATCAACTCAAGAAAGGGAAAGAGAGAAGGAGCCATCCAGAGAAAGA	TAGGTAGTTTCCTGTTGTTGGG	hsa-miR-196b-5p	mir-196	exon	False	1	X	123621272	123621321	-	1	102
CGTATGGCCCACCATAATTACCCCCATACTCCTTACACTATTCCTCATCA	TAGGTAGTTTCCTGTTGTTGGG	hsa-miR-196b-5p	mir-196	exon	False	1	MT	8386	8435	+	6	422
CTATTTAGCTGTTCCCCAACCTTTTCCTCCGACCCCCTAACAACCCCCCT	TAGGTAGTTTCATGTTGTTGGG	hsa-miR-196a-5p	mir-196	exon	False	1	MT	10904	10953	+	7	425
GCGGGCCGGCACCCGCAACATCTACTACCTGTGCGCCCCCAACCGTCACC	TAGGTAGTTTCCTGTTGTTGGG	hsa-miR-196b-5p	mir-196	three_prime_utr	False	1	16	3664324	3664373	-	1	104
TATGGCCCACCATAATTACCCCCATACTCCTTACACTATTCCTCATCACC	TAGGTAGTTTCCTGTTGTTGGG	hsa-miR-196b-5p	mir-196	exon	False	1	MT	8388	8437	+	1	422
TCATCACCCAACTAAAAATATTAAACACAAACTACCACCTACCTCCCTCA	TAGGTAGTTTCATGTTGTTGGG	hsa-miR-196a-5p	mir-196	exon	False	1	MT	8430	8479	+	1	338
TCCTAGTCCTGTATGCCCTTTTCCTAACACTCACAACAAAACTAACTAAT	TAGGTAGTTTCATGTTGTTGGG	hsa-miR-196a-5p	mir-196	exon	False	1	MT	7692	7741	+	2	293
TTATAAAGAAAAGAGTTTTAATGGGCTCACAGTTCTGCAGGCTTTATGGG	TAGGTAGTTTCATGTTGTTGGG	hsa-miR-196a-5p	mir-196	five_prime_utr	False	1	X	112829468	112829517	-	1	105
TTATGCAATTAGGTTTTTCCTTATTTGCTTCATTGTACTACCTGTGTATA	TAGGTAGTTTCATGTTGTTGGG	hsa-miR-196a-5p	mir-196		False	1	12	12721236	12721285	+	1	107
TTTGGAATGTGACCGTCTGTCCTTCAGGAGAGGACACCAGGGTGGGGGTG	TAGGTAGTTTCCTGTTGTTGGG	hsa-miR-196b-5p	mir-196	three_prime_utr	False	1	6	31530371	31530420	-	1	103
ACACACCATACCACAAACACACGCACACCACCACATACAGATACATACCA	CTGTGCGTGTGACAGCGGCTGA	hsa-miR-210-3p	mir-210		False	1	21	42840446	42840495	-	1	358
GAAAAGATTGCTGTCCACTGCACAGTTCGAGGGGCCAAGGCAGAAGAAAT	CTGTGCGTGTGACAGCGGCTGA	hsa-miR-210-3p	mir-210	exon	True	1	1	23693845	23693894	+	2	317
AAATTCCACAGTGGGAAGAGCACAAGATCTAATCTGGTTCTAAGATTAGA	TTGTGCTTGATCTAACCATGT	hsa-miR-218-5p	mir-218		False	1	8	8493070	8493119	+	1	155
AAGCACCATCACCACCGCGGCCCCGATGGTGATCCCAGCTCCTGCGGAAC	TTGTGCTTGATCTAACCATGT	hsa-miR-218-5p	mir-218	exon	True	1	1	113811787	113811836	-	2	272
AATCTCAATTACAATATATACACCAACAAACAATGTTCAACCAGTAACTA	TTGTGCTTGATCTAACCATGT	hsa-miR-218-5p	mir-218	exon	False	1	MT	14164	14213	+	2	271
ACACAAAGCATATTCACACCGAGCATATTACAAGCATATTCACACCAAGC	TTGTGCTTGATCTAACCATGT	hsa-miR-218-5p	mir-218		False	1	11	2938738	2938787	-	1	9
ACCCACGGACGCACAGACACAGACACAGGCACACACACATATACCCATCC	TTGTGCTTGATCTAACCATGT	hsa-miR-218-5p	mir-218	intron	False	1	X	1415830	1415879	+	1	5
ACGCACAGAAACACACATACCCTCACACATATGCAAGCACACACCACAGA	TTGTGCTTGATCTAACCATGT	hsa-miR-218-5p	mir-218	intron	False	1	X	1416611	1416660	+	1	4
CTCACACACCACCCACACACAGATGCCACCGCAGATACACACACACTGCA	TTGTGCTTGATCTAACCATGT	hsa-miR-218-5p	mir-218	intron	False	1	12	123512240	123512289	-	1	7
CTCTTCACAGAAAAAGCACAAACCTATTATGAGACATTAGAGAAGAATGA	TTGTGCTTGATCTAACCATGT	hsa-miR-218-5p	mir-218	exon,intron	False	1	11	9142069	9142118	-	1	8
TTCACTAGTGGGCAGAGACAAGTTCTAATTGTATTACAGCACAAACAAAA	TTGTGCTTGATCTAACCATGT	hsa-miR-218-5p	mir-218		False	1	8	90625562	90625611	-	1	6
AACAAATGATAACCATACACAACACTAAAGGACGAACCTGATCTCTTATA	AGCTACATTGTCTGCTGGGTTTC	hsa-miR-221-3p	mir-221	exon	False	1	MT	8690	8739	+	1	292
AACTGAAGTAGCAAAATCATCTTTTTCATTCTTTAGGAAATAGCTATTGC	AGCTACATTGTCTGCTGGGTTTC	hsa-miR-221-3p	mir-221	three_prime_utr	False	1	12	76046377	76046426	-	1	225
AGCCAATGGTAAAGCAGCCAGTAGCAGCAGTAGCAGCAGCAGCAGCAGTA	AGCTACATCTGGCTACTGGGT	hsa-miR-222-3p	mir-221	exon	False	1	10	102159212	102159261	+	1	232
ATATGTAGCAGTCTCTCTGGATGGCGGAGAGTGAAGGAGACGGAGAAACG	AGCTACATTGTCTGCTGGGTTTC	hsa-miR-221-3p	mir-221	three_prime_utr	False	1	19	1257599	1257648	+	3	392
ATCACTAACCTGTTTTCTAGGACCCAGCGTATGTAGCATTTGTATTGCAG	AGCTACATTGTCTGCTGGGTTTC	hsa-miR-221-3p	mir-221	three_prime_utr	False	1	2	111168253	111168302	+	2	344
CACTTAATAGGTTAGCTGCTACCCTGCACTTTCAAAGCACTTTAGAGTCA	AGCTACATTGTCTGCTGGGTTTC	hsa-miR-221-3p	mir-221	intron	True	1	1	180401291	180401340	-	1	228
CAGCCTCATGTAGCACGAATAGGGGTGTGGTTCATGGCGTGTTGACCCAG	AGCTACATTGTCTGCTGGGTTTC	hsa-miR-221-3p	mir-221	three_prime_utr	True	1	1	151035340	151035389	+	1	224
CCTACCCAGCAGTCTAGGACCCTGGGCCAAGTGCTGGGACTATGGTACTA	AGCTACATTGTCTGCTGGGTTTC	hsa-miR-221-3p	mir-221	three_prime_utr	False	1	5	149985777	149985826	+	1	226
CTGAACCATGAGCCAAATAAGCCTCTTTCTAAGTTACCCACAGCCTCAGA	AGCTACATCTGGCTACTGGGT	hsa-miR-222-3p	mir-221	three_prime_utr	False	1	16	89232362	89232411	+	2	345
CTGTTTTAAACTCCAGTAGTCCCTAGAAATTGTAGCTCCCTCTAGTTGTG	AGCTACATCTGGCTACTGGGT	hsa-miR-222-3p	mir-221	three_prime_utr	False	1	17	28750778	28750827	+	1	231
CTGTTTTCTAGGACCCAGCGTATGTAGCATTTGTATTGCAGTTTCCCTGG	AGCTACATCTGGCTACTGGGT	hsa-miR-222-3p	mir-221	three_prime_utr	False	1	2	111168262	111168311	+	2	344
GAACACAGCAGACCTAGAAATGTAGCAGCAGCCTACTGAGTAGCTTTCAT	AGCTACATTGTCTGCTGGGTTTC	hsa-miR-221-3p	mir-221	three_prime_utr	False	1	22	20951574	20951623	+	4	416
GAGAGAAACCCTATACATGTAAAGAATGTGGCAAAGCCTTTAGTTATAGT	AGCTACATTGTCTGCTGGGTTTC	hsa-miR-221-3p	mir-221	exon	False	1	16	31916048	31916097	+	1	160
GCAGAACCCACCCCACCCCCCAGTGCAGACTTCGGGGTCTCCACCCCAGG	AGCTACATTGTCTGCTGGGTTTC	hsa-miR-221-3p	mir-221	three_prime_utr	False	1	19	1257760	1257809	+	1	223
GTCTCTTCCCCACAACAATATTCATGTGCCTAGACCAAGAAGTTATTATC	AGCTACATCTGGCTACTGGGT	hsa-miR-222-3p	mir-221	exon	False	1	MT	12476	12525	+	1	229
TAAAACCCAGCCCATGACCCCTAACAGGGGCCCTCTCAGCCCTCCTAATG	AGCTACATTGTCTGCTGGGTTTC	hsa-miR-221-3p	mir-221	exon	False	1	MT	9238	9287	+	2	351
TAGCAGTTCTAGTAGCAGTTCAACCAGTAGCAGCAGTGGAAGTAGTTCCA	AGCTACATCTGGCTACTGGGT	hsa-miR-222-3p	mir-221	exon	False	1	14	39181449	39181498	+	3	394
TCAAACCCAGCAGCTATTCCGCATGCAGCAGAAGATATTCAAGGAGATGA	AGCTACATTGTCTGCTGGGTTTC	hsa-miR-221-3p	mir-221	exon	False	1	11	117152463	117152512	+	2	343
TCCTGCCAAGCGGCACGAAGGGGAGATGTACAGCGTGCCATACAGCACTG	AGCTACATTGTCTGCTGGGTTTC	hsa-miR-221-3p	mir-221	exon	True	1	1	26774364	26774413	+	2	342
TCGGCCACATCCAGCAGCAGTAGCAGCCGCAAGGACCGGGACTCGAAGGC	AGCTACATTGTCTGCTGGGTTTC	hsa-miR-221-3p	mir-221	exon	False	1	7	39951425	39951474	+	3	393
TGAATTCAAGTCTTTTGTTTTAAGAAGTACTAAGCAAACAAGCAATAAAA	AGCTACATTGTCTGCTGGGTTTC	hsa-miR-221-3p	mir-221	three_prime_utr	False	1	2	177220936	177220985	+	1	227
TGACACCCACAGTTATGCCGGATGTTGCCAGATGCCCCTAGGGGACAGAG	AGCTACATCTGGCTACTGGGT	hsa-miR-222-3p	mir-221	three_prime_utr	False	1	10	1040288	1040337	-	2	346
TGTAGCTACAACACTGCCCAGTTATGATGAAGCGGAGAGGACCAAGGCTG	AGCTACATCTGGCTACTGGGT	hsa-miR-222-3p	mir-221	exon	False	1	5	142132264	142132313	+	1	230
TTTTCAATAACCAAGGTAGCCTTCATATGTAGCCTTAAAGCATTACCTCT	AGCTACATCTGGCTACTGGGT	hsa-miR-222-3p	mir-221	five_prime_utr,three_prime_utr	True	1	1	65434050	65434099	+	2	347
AACTGCATAGGTACATCTAACTCTGGACTGGCATGCACATTGTCATGTGC	ATCACATTGCCAGGGATTACCAC	hsa-miR-23b-3p	mir-23	five_prime_utr,three_prime_utr	False	1	3	51968894	51968943	-	2	322
AAAGATGCTGGGGAATGTGCAATATGCCTTGAAGAATTGCAGCAGGGAGA	TATTGCACTTGTCCCGGCCTGT	hsa-miR-92a-3p	mir-25	exon	False	1	7	30355742	30355791	+	1	74
AAGGGTGCAAAGGGATAGTAAAGAAAGCATGTTTGAGATCTAGAACAGAA	TATTGCACTTGTCCCGGCCTGT	hsa-miR-92a-3p	mir-25	intron	False	1	13	36319677	36319726	-	1	87
ACTGCAGGCCACCTACTCATGCACCTAATTGGAAGCGCCACCCTAGCAAT	TATTGCACTTGTCCCGGCCTGT	hsa-miR-92a-3p	mir-25	exon	False	1	MT	9019	9068	+	1	310
AGCGGCTCTAGCGGCAGTAGCAGCAGCGCCGGGTCCCGTGCGGAGGTGCT	TATTGCACTTGTCCCGGCCTGT	hsa-miR-92a-3p	mir-25	five_prime_utr	False	1	7	26200712	26200761	-	2	290
AGTTTTACATGTTTCATGGGACATTCTTCTGTGCAATAAAGTTTGAGAAG	TATTGCACTTGTCCCGGCCTGT	hsa-miR-92a-3p	mir-25	intron	False	1	18	35338888	35338937	-	2	287
ATTCTCTTTTTGAAAATAGTATAAACAGGCCATGCATATAATGTACAGTG	TATTGCACTTGTCCCGGCCTGT	hsa-miR-92a-3p	mir-25		False	1	11	102398736	102398785	-	1	88
ATTTCATAACCAGGCCGGACCACGTGCAATAGGGTGGAAACCAAACTGCT	TATTGCACTTGTCCCGGCCTGT	hsa-miR-92a-3p	mir-25	three_prime_utr	False	1	19	40440945	40440994	-	1	94
CAAAGCCCCGTGGGCAAGAAACCACAGATCCCCCCATAGAAAGTGGGAGA	TATTGCACTTGTCCCGGCCTGT	hsa-miR-92a-3p	mir-25		False	1	X	2685974	2686023	+	1	212
CACATGGACACAGAGAGGGGAAGAGCACACGCTGGAGCCTGTCATCGGTG	TATTGCACTTGTCCCGGCCTGT	hsa-miR-92a-3p	mir-25	five_prime_utr	False	1	19	13570980	13571029	+	1	81
CAGCACCCCTCACCCCTGTGGCTCGGGACACTCCGCGACACTTAGCCAGT	TATTGCACTTGTCCCGGCCTGT	hsa-miR-92a-3p	mir-25	exon	False	1	17	46032092	46032141	-	3	375
CCAGTTTGGCTATGTATACGGGATCAGTGCAATTGGATGTCTAGGAATGT	TATTGCACTTGTCCCGGCCTGT	hsa-miR-92a-3p	mir-25	exon	False	1	5	144162339	144162388	-	1	213
CCGCAAGTGCAATGCCTGAGGGGATCAGGCTTTTCTACTCCAGGCAAACC	TATTGCACTTGTCCCGGCCTGT	hsa-miR-92a-3p	mir-25	three_prime_utr	False	1	7	137879840	137879889	-	2	289
CGAAGGATGACAGGGATGTGCTGCCAGGTTGCTATAGAAACCCAGGCTCT	TATTGCACTTGTCCCGGCCTGT	hsa-miR-92a-3p	mir-25	three_prime_utr	False	1	19	40441090	40441139	-	3	374
CGCATGTGAGTTGGGTCAAGTGCATTGGACCTAGGGAAAGAGAAAGAAAG	TATTGCACTTGTCCCGGCCTGT	hsa-miR-92a-3p	mir-25	three_prime_utr	False	1	9	133331174	133331223	-	1	73
CTCAAGCTCTTTATGTGGGCTGTGCAATGCTTTCTTCTCAGAAGACACAG	TATTGCACTTGTCCCGGCCTGT	hsa-miR-92a-3p	mir-25	exon	True	1	1	236581256	236581305	-	1	90
GAAATACGTTTTTGTACCTCTCATTTTCAGTCAGGGACATACTTTGTGCA	TATTGCACTTGTCCCGGCCTGT	hsa-miR-92a-3p	mir-25		False	1	15	34379874	34379923	-	3	395
GACCATGGGCTACTACTGGGCATTAGTGCAATATAACAGCGATAATAAAA	TATTGCACTTGTCCCGGCCTGT	hsa-miR-92a-3p	mir-25	three_prime_utr	True	1	1	84926439	84926488	-	1	91
GACCTCACACATACAGATCTCACACACACACACAGACCTCACACACCACA	CATTGCACTTGTCTCGGTCTGA	hsa-miR-25-3p	mir-25	intron	False	1	12	123511800	123511849	-	1	175
GATGTCGGGAGACCTAGATGACCTTATCGGGTGCAATACTAGCTAAGGTA	TATTGCACTTGTCCCGGCCTGT	hsa-miR-92a-3p	mir-25	three_prime_utr	False	1	6	16147917	16147966	+	1	77
GCTCTCCAAGACCAGCCGGGCCCTGGTGGCCGACAGCCATCCTGAAAGGT	TATTGCACTTGTCCCGGCCTGT	hsa-miR-92a-3p	mir-25	exon,intron	False	1	2	54647214	54647263	+	1	93
GGCACACCTACACCCCTTATCCCCATACTAGTTATTATCGAAACCATCAG	TATTGCACTTGTCCCGGCCTGT	hsa-miR-92a-3p	mir-25	exon	False	1	MT	8920	8969	+	1	95
GGCCTGGGACGTGCAAGGTGAGGCTGCCTGGAGTGGTCAAGTGGGACCGA	TATTGCACTTGTCCCGGCCTGT	hsa-miR-92a-3p	mir-25	five_prime_utr	False	1	15	66156422	66156471	-	1	85
GGCTGGAGGACAGTGGTGCAATCACGGCTCACTGCAGCCTCAACCTGCCA	TATTGCACTTGTCCCGGCCTGT	hsa-miR-92a-3p	mir-25	intron	False	1	2	27358300	27358349	+	1	80
GGGAGGGACCCGCCAGCGGAGACCCAGCCTCAGAACCCACCGGCCCAGCC	TATTGCACTTGTCCCGGCCTGT	hsa-miR-92a-3p	mir-25	exon	False	1	19	44961984	44962033	+	1	96
GGGCAGACTTTAATCGGGGTGGTGGCAATGGTCGTGGAGGCCGAGGGCGA	TATTGCACTTGTCCCGGCCTGT	hsa-miR-92a-3p	mir-25	exon	False	1	16	31190088	31190137	+	1	84
GTCTTCATCTGAATTTCAGGCTGGGAGGGAGCAATATAACTAAGGACAAA	TATTGCACTTGTCCCGGCCTGT	hsa-miR-92a-3p	mir-25	three_prime_utr	False	1	4	163519745	163519794	+	5	418
GTGGACGGCTAAATGAACCTATTAAAGTCTTGTGTCGGAGAGTTGAAATA	TATTGCACTCGTCCCGGCCTCC	hsa-miR-92b-3p	mir-25	exon	False	1	3	160412011	160412060	+	1	10
GTGGTTCAAAAGTGCATTATTTAGTTTGAGCTCTGTAGGTAAAAAGGAGG	TATTGCACTTGTCCCGGCCTGT	hsa-miR-92a-3p	mir-25	three_prime_utr	False	1	10	75398351	75398400	-	2	291
GTTGCAGGGCCGAGGACAAAATGAAGTGCAATTATAAAATTATTAAGAAT	TATTGCACTCGTCCCGGCCTCC	hsa-miR-92b-3p	mir-25	intron	False	1	2	109153900	109153949	+	1	97
TAATCCTTGTTTTTAAAGAAAGGAAATGTGCAATATTGAAGTGATCTTTT	TATTGCACTTGTCCCGGCCTGT	hsa-miR-92a-3p	mir-25	intron	False	1	10	69016414	69016463	+	1	89
TACCATGGCTGGGACTTACAGTGCAATATTGAATAGGAGTGATAAGAGCA	TATTGCACTTGTCCCGGCCTGT	hsa-miR-92a-3p	mir-25		False	1	6	110090302	110090351	-	1	76
TATATGTTAATACCGGGGCATTTTGATGTTGCAATAAATAAGAAGAGGTT	TATTGCACTTGTCCCGGCCTGT	hsa-miR-92a-3p	mir-25	intron	False	1	12	64425266	64425315	+	2	288
TATGCATGAACCTGATGGAGTGGCCGGAGTCAGTGCAATTAGAAAGGCAG	TATTGCACTTGTCCCGGCCTGT	hsa-miR-92a-3p	mir-25	exon	False	1	3	142505240	142505289	-	1	214
TCACAGGACTTGGGAGATTCTAAATCTTAAGTGCAATTATTTTTAATAAA	TATTGCACTTGTCCCGGCCTGT	hsa-miR-92a-3p	mir-25	three_prime_utr	False	1	17	80119814	80119863	+	1	82
TGAAAAGTTAAAACCGGGATATGTGCAATAGAAATATATATATATATATG	TATTGCACTTGTCCCGGCCTGT	hsa-miR-92a-3p	mir-25	five_prime_utr	False	1	15	41300482	41300531	+	1	86
TGCGGCAGCTTATACCTATAGTCCCAGCATTTGCGGAGGCCAAGGCAAGA	TATTGCACTTGTCCCGGCCTGT	hsa-miR-92a-3p	mir-25	intron	False	1	2	241695958	241696007	+	1	79
TTAATTTTTTTGCCTTACTTTCATGTGCAATGAGAATTACTTAAGAATTG	TATTGCACTTGTCCCGGCCTGT	hsa-miR-92a-3p	mir-25	three_prime_utr	True	1	1	7767290	7767339	+	1	92
TTATGGGTCTACAGGCATTCGGGACGTGCACCTCGAGCTGAAGGACCTGA	TATTGCACTTGTCCCGGCCTGT	hsa-miR-92a-3p	mir-25	five_prime_utr	False	1	20	3908068	3908117	+	1	78
TTCGGTGGTTAGCAATTAAAGACCCTGAGTTATGTGCAATAAATAGTAAA	CATTGCACTTGTCTCGGTCTGA	hsa-miR-25-3p	mir-25	three_prime_utr	False	1	8	24952397	24952446	-	1	174
TTGCAAGCAGAGGTTATCCCAGATCCAATGGAGGGAGAGCAAACCTGGCC	TATTGCACTTGTCCCGGCCTGT	hsa-miR-92a-3p	mir-25	exon	False	1	17	2333586	2333635	-	1	83
TTGGCAGGAATTTAGATAATGGGCTGTGTGCAATGTAAGGATAAAGAAGC	TATTGCACTTGTCCCGGCCTGT	hsa-miR-92a-3p	mir-25	exon,five_prime_utr	False	1	6	111720020	111720069	-	1	75
CCAAAACATATCAGTTTGAATACTTGAATCATGCAGGCCAATATTATAAT	TTCAAGTAATCCAGGATAGGCT	hsa-miR-26a-5p	mir-26		False	1	16	24823940	24823989	+	1	15
GAAAGCTTGATTAAGAGTTCTTCCATATACTAGCCTCCTTGGAAGAAGTG	TTCAAGTAATTCAGGATAGGT	hsa-miR-26b-5p	mir-26	three_prime_utr	True	1	1	204403858	204403907	-	1	12
GACTGTGCTTAAAGTCTCGTGAAATCTTTCTCAGTCAGCCTATCCTACTA	TTCAAGTAATCCAGGATAGGCT	hsa-miR-26b-5p	mir-26	exon	False	1	12	110731798	110731847	-	14	430
TACCACTTTACTTGAATTACATTAACCTAGAAAACTACATAGGTTATTTT	TTCAAGTAATTCAGGATAGGT	hsa-miR-26b-5p	mir-26	three_prime_utr	True	1	1	75762976	75763025	+	1	13
TCACCAGACCCCCCAAGCTCCCACTACTTCTTCCATAATAATAGTAATAA	TTCAAGTAATCCAGGATAGGCT	hsa-miR-26b-5p	mir-26	three_prime_utr	False	1	20	36782902	36782951	-	1	14
TCCTGTCCTTCAAAGTACTTGATAGCCTTTCATAAGGCCTGGCACATGTG	TTCAAGTAATTCAGGATAGGT	hsa-miR-26b-5p	mir-26	three_prime_utr	False	1	8	22138096	22138145	-	3	368
ATCTGTATGTGAGGCACCCATAACAGTAGTTTTGCCTGTGAGTCGTCTTC	CTAGACTGAAGCTCCTTGAGG	hsa-miR-151a-3p	mir-28	three_prime_utr	False	1	9	122323120	122323169	+	2	319
TCGCATCATAATCCTCTCTCAAGGACTTCAAACTCTACTCCCACTAATAG	CTAGACTGAAGCTCCTTGAGG	hsa-miR-151a-3p	mir-28	exon	False	1	MT	11776	11825	+	2	318
TGCTACTGAGGAGCCAGCGTCTAGGGCAGCAGCCGCTTCCTAGAAGACCA	CACTAGATTGTGAGCTCCTGGA	hsa-miR-28-3p	mir-28	five_prime_utr	False	1	9	21994140	21994189	-	1	178
AGACAACACCTATGAGGTGAAGATTGACAACAGCCAGGTGGAGTCCGGCT	TAGCACCATCTGAAATCGGTTA	hsa-miR-29a-3p	mir-29	exon	False	1	19	12940284	12940333	+	1	173
GCAGGCAAGGTGCCAAAGGACAGGCGGAGACCGGCCGTCATACGCGAGCC	TAGCACCATTTGAAATCGGTTA	hsa-miR-29c-3p	mir-29	exon	False	1	10	42830360	42830409	+	2	296
AGAAGAAAGAGAGGAAGTAAAGTTTAATTATGCCTTTTTGGGTTGAGGTG	TGTAAACATCCTACACTCTCAGC	hsa-miR-30c-5p	mir-30	exon	False	1	MT	14064	14113	-	1	33
CATGTTAACTTTAAATGCTTACAATCTTAGAGTGGTAGGCAATGTTTTAC	TGTAAACATCCTACACTCTCAGC	hsa-miR-30c-5p	mir-30	intron	False	1	11	65504018	65504067	+	2	277
CCATCGAAGCCTCCAGTCATTGAGGGGCTGAGCCCCACTGTTTACAGGAA	TGTAAACATCCCCGACTGGAAG	hsa-miR-30d-5p	mir-30	five_prime_utr	False	1	5	176388862	176388911	+	4	402
CCCAACCTTTTCCTCCGACCCCCTAACAACCCCCCTCCTAATACTAACTA	TGTAAACATCCTACACTCAGCT	hsa-miR-30b-5p	mir-30	exon	False	1	MT	10918	10967	+	5	425
CCTCCTTTTACCCCTACCATGAGCCCTACAAACAACTAACCTGCCACTAA	TGTAAACATCCTACACTCAGCT	hsa-miR-30b-5p	mir-30	exon	False	1	MT	10268	10317	+	1	157
GCAGTGTTTGTGTGCACGTGTGTGCGTCAGGCAGTGCGTGGTGTGGTGGT	TGTAAACATCCTACACTCTCAGC	hsa-miR-30c-5p	mir-30	intron	True	1	1	43559325	43559374	+	1	34
GTGGCTGGTGCATGTGGGTTTTGGGAGAATGCGAGAGCAGGGTTGGAATG	TGTAAACATCCTACACTCTCAGC	hsa-miR-30c-5p	mir-30	intron	False	1	15	68788250	68788299	-	1	154
TGATAAGAGGGTTGTGTTGGTGGCACCTCCACTACTCTTTTCTGTTTGTT	TGTAAACATCCTACACTCAGCT	hsa-miR-30b-5p	mir-30	three_prime_utr	False	1	12	8096729	8096778	+	1	35
TGTAGATGGAACATGTTTCTGTGAACCTATCAGTGGATTTCATTCTCTTG	TGTAAACATCCCCGACTGGAAG	hsa-miR-30d-5p	mir-30	three_prime_utr	False	1	10	97436268	97436317	-	1	36
TTCCAGACAAGGCAACAGTGTTTACAGATGAAGAGTCCTACTCTTTTGAG	TGTAAACATCCCCGACTGGAAG	hsa-miR-30d-5p	mir-30	exon	True	1	1	241878952	241879001	+	1	37
AAGACCCTTACATTTGGACAGTCAAGGTGCACAATTGTATGTGACCACAA	CTGACTGAATAGGTAGGGTCATT	hsa-miR-3136-5p	mir-3136	exon	False	1	X	73845132	73845181	-	1	167
CATGACCCCAGGCCAGGCTTTGCGGCACCCCTGGCTGAGGAGGCGGTTGC	TATTGCACATTACTAAGTTGCA	hsa-miR-32-5p	mir-32	exon	False	1	12	67658476	67658525	+	1	99
CCCTACTAAACCCCATTAAACGCCTGGCAGCCGGAAGCCTATTCGCAGGA	TATTGCACATTACTAAGTTGCA	hsa-miR-32-5p	mir-32	exon	False	1	MT	13682	13731	+	1	98
AACAACCCAGCTCTCCCTAAGCTTCAAACTAGACTACTTCTCCATAATAT	AAAAGCTGGGTTGAGAGGGCGA	hsa-miR-320a-3p	mir-320	exon	False	1	MT	12552	12601	+	2	361
ACCCCTTTCCTCCCCATACACACACAAACCATTTTATTTTTTGGGCCATT	AAAAGCTGGGTTGAGAGGGCGA	hsa-miR-320a-3p	mir-320	three_prime_utr	False	1	17	4945808	4945857	-	2	365
AGGATACACTCCCTTGATGGAAGCTGCCCGGGAAGGACATGAAGAAATGG	AAAAGCTGGGTTGAGAGGGCGA	hsa-miR-320a-3p	mir-320	exon	False	1	5	140458792	140458841	+	1	268
GAGCATGCCCACAGGATTCGGCACTCCTGCTCCCTACAGTCTTCCCACCA	AAAAGCTGGGTTGAGAGGGCGA	hsa-miR-320a-3p	mir-320	exon	False	1	2	227551984	227552033	+	1	270
GAGGTCAACGATCCCTCCCTTACCATCAAATCAATTGGCCACCAATGGTA	AAAAGCTGGGTTGAGAGGGCGA	hsa-miR-320a-3p	mir-320	exon	False	1	MT	7850	7899	+	1	267
GCCCAGCCCAGCTCCCCCGACGCCCGGCGCAACGGCCAGGAGAAGCACTT	AAAAGCTGGGTTGAGAGGGCGA	hsa-miR-320a-3p	mir-320	exon	False	1	19	4047894	4047943	-	2	362
TAAAGCTTTTGACTTGGAACTGTGTAGTGTGTGGGAAATAAATGGTGGAG	AAAAGCTGGGTTGAGAGGGCGA	hsa-miR-320a-3p	mir-320	intron	False	1	4	163157132	163157181	-	2	364
TCACCTCACAGGTGGTCCTTCTGCCTGCAGGTATGAGAAGCGGCTTTTCT	AAAAGCTGGGTTGAGAGGGCGA	hsa-miR-320a-3p	mir-320	exon,intron	False	1	3	49024385	49024434	-	1	269
TGGAGGCCACCCTCTACAAAGCTTTATAGAACTTCTGGATCTAACTCACA	AAAAGCTGGGTTGAGAGGGCGA	hsa-miR-320a-3p	mir-320	three_prime_utr	False	1	16	1700118	1700167	+	2	366
TTCCCTTCCGGCAGGGAGTGCCCTCTCCATAAGACGCTTACGTTTGGACA	AAAAGCTGGGTTGAGAGGGCGA	hsa-miR-320a-3p	mir-320	exon	False	1	X	73846044	73846093	-	2	363
TTTCCAAGTTTTGACTCCCCTCCAGAATTTGCTTTTATTTGTTTTTCAGA	AAAAGCTGGGTTGAGAGGGCGA	hsa-miR-320a-3p	mir-320	intron	False	1	13	77310988	77311037	-	2	367
ACCAGTTTACTAACAAAATTGCGAAGAAGGACCGCGTGGAAGGAAGGACG	CAGCAGCAATTCATGTTTTGAA	hsa-miR-424-5p	mir-322	three_prime_utr	False	1	19	16575781	16575830	-	2	321
AGATTGCCAACCGGGATGCAGAGAAGAAAGAAGGGCAGGAGAAAGAAGAG	CGCATCCCCTAGGGCATTGGTG	hsa-miR-324-5p	mir-324	exon	False	1	16	74305594	74305643	+	1	172
CCTCGGGGGGCACCCCCCCGCCAGCCTGCCTCCCTCCCGCTCAGCCCTGC	CCCACTGCCCCAGGTGCTGCTGG	hsa-miR-324-3p	mir-324	five_prime_utr	False	1	19	48391374	48391423	-	1	240
TGGCATTGCCGACAGGATGCAGAAGGAGATCACTGCCCTGGCACCCAGCA	CGCATCCCCTAGGGCATTGGTG	hsa-miR-324-5p	mir-324		False	1	7	5528018	5528067	-	1	171
TCAACCATTAACCTTCCCTCTACACTTATCATCTTCACAATTCTAATTCT	TGGCAGTGTCTTAGCTGGTTGT	hsa-miR-34a-5p	mir-34	exon	False	1	MT	9070	9119	+	1	39
AACAGCAGCAGAGTGAGTGGATTTTATTTTTCGTTATTGTTGGTGGTTTA	TTATAAAGCAATGAGACTGATT	hsa-miR-340-5p	mir-340	three_prime_utr	False	1	9	83969098	83969147	-	1	17
AAGGAAAAAAGAAAACGGAGAGAAAAAAAGGTGGGTCATTGACAGACTGT	AATCCTTGGAACCTAGGTGTGAGT	hsa-miR-362-5p	mir-362	three_prime_utr	False	1	22	40323346	40323395	+	3	398
GAGCAGCTGTGGTGAGCAGCTGTGGTGGTGAGCAAATGTGGGCAGCTGTG	ATATAATACAACCTGCTAAGTG	hsa-miR-374b-5p	mir-374	intron	False	1	4	856689	856738	-	1	216
GCGAAAAGATAAACCTGGAGATATTATAAGGGAGAGCTGAGCCAGTTGTC	TTATAATACAACCTGATAAGTG	hsa-miR-374a-5p	mir-374	three_prime_utr	False	1	20	41123424	41123473	+	1	16
AGCATCCAGTTCCTCCCCAGCCCTGCTCCCAGCAAACCCCTAGTCTAGCC	ACTGGACTTGGAGTCAGAAGGC	hsa-miR-378a-3p	mir-378	exon	False	1	X	73849907	73849956	-	2	350
ATTGTTTGGCTAACACATCCCGAAGAATGATTTTGTCAGGAATTATTGTT	CTCCTGACTCCAGGTCCTGTGT	hsa-miR-378a-5p	mir-378	three_prime_utr	False	1	2	73862780	73862829	+	1	169
CTATCATATAGTAAAACCCAGCCCATGACCCCTAACAGGGGCCCTCTCAG	ACTGGACTTGGAGTCAGAAGGC	hsa-miR-378a-3p	mir-378	exon	False	1	MT	9227	9276	+	2	351
TGGTGCGACAGCTGCTGGATGACCACAAGGATGTGGTGACCCTCTTGGCA	ACTGGACTTGGAGTCAGAAGGC	hsa-miR-378a-3p	mir-378	exon	False	1	16	31110242	31110291	+	2	352
AGCCCGAGCAGAAAGAGGGCGACACGAAGGACAAGAAGGACGAAGAGGAG	AGCTCGGTCTGAGGCCCCTCAGT	hsa-miR-423-3p	mir-423	exon	False	1	20	62308694	62308743	+	2	341
CACCATGCGGGGACCAAGGAACTAGTGCCGAGCGTAAACTCCCTCTTAGA	AGCTCGGTCTGAGGCCCCTCAGT	hsa-miR-423-3p	mir-423	intron	False	1	6	161076830	161076879	+	3	391
CAGGCAGTGCGTGTCCGCGCACCAACCACACGGGGCTCATTCTCAGCGCG	AGCTCGGTCTGAGGCCCCTCAGT	hsa-miR-423-3p	mir-423	exon	False	1	9	35657756	35657805	-	3	390
CGCCGCGACCCCTCCTCAGCCCTGGGCGCGCGCACGCTGGGGCCCCGCGG	TGAGGGGCAGAGAGCGAGACTTT	hsa-miR-423-5p	mir-423	five_prime_utr	True	1	1	64966416	64966465	-	1	56
GGGCCTTATGTAGCACCGAGCTCCCAGTATGTAACTTAACTTATATATAA	AGCTCGGTCTGAGGCCCCTCAGT	hsa-miR-423-3p	mir-423	intron	False	1	2	235824040	235824089	+	1	221
TAGCCATGGCCATCCCCTTATGAGCGGGCGCAGTGATTATAGGCTTTCGC	AGCTCGGTCTGAGGCCCCTCAGT	hsa-miR-423-3p	mir-423	exon	True	1	1	634000	634049	+	2	340
TAGGCCTTCTTACGAGCCAAAACCTGCCCCTACTCCTCCTAGACCTAACC	AGCTCGGTCTGAGGCCCCTCAGT	hsa-miR-423-3p	mir-423	exon	False	1	MT	13955	14004	+	3	389
TAGGGGCCGGTGGACCTGCTCCAGCAGCTGGTGCTGCACCAGCAGGAGGT	AGCTCGGTCTGAGGCCCCTCAGT	hsa-miR-423-3p	mir-423	exon	False	1	15	69455210	69455259	+	1	222
TCGTCAGGCCCACCTGTACCGTGGCATCTTCCCTGTGCTGTGCAAGGACC	AATGACACGATCACTCCCGTTGA	hsa-miR-425-5p	mir-425	exon	False	1	15	72200534	72200583	-	1	254
AAGACGACATATTGATTATTCATGAGCCAGCGCCACTGCCAGGACCTCTG	AGGCAGTGTATTGTTAGCTGGC	hsa-miR-449b-5p	mir-449	exon	False	1	7	138881474	138881523	-	2	339
TCCTAATCACATAACCTATTCCCCCGAGCAATCTCAATTACAATATATAC	TAGTGCAATATTGCTTATAGGGT	hsa-miR-454-3p	mir-454	exon	False	1	MT	14135	14184	+	1	101
TGGGTAAAATGTATAGGCAGGAGAAGGTGGTAGAGAGTAGATTGGTTGGT	TAGTGCAATATTGCTTATAGGGT	hsa-miR-454-3p	mir-454	three_prime_utr	False	1	X	72541880	72541929	-	1	100
GGCTATTCAAAATAAGGACCGGGCAAAAGTAGAATTTAATATCCGAAAAC	TTGTTCTTTGGTCTTTCAGCCA	hsa-miR-4677-5p	mir-4677	exon	True	1	1	67420074	67420123	-	1	57
AAACTGACGGAGGAGAGGGACGGCAGCCTGAACCAGAGCTCTGGGTACCG	TCAGGCTCAGTCCCCTCCCGAT	hsa-miR-484	mir-484	exon	False	1	6	111719966	111720015	-	1	70
TGCAGGCAGGGCCTTATTAGCTAGAGAACTAGGGAGTTAGGTCAGTCACT	TCAGGCTCAGTCCCCTCCCGAT	hsa-miR-484	mir-484	intron	False	1	3	146535042	146535091	-	1	71
ATCCCGCATGCAACATTCCTGTGATCACATAATCCTCTTCTTCATCCTCA	TAGCAGCGGGAACAGTTCTGCAG	hsa-miR-503-5p	mir-503	three_prime_utr	False	1	22	23971404	23971453	-	1	108
ATGCAGTACTGTTCTGATCCCGCTGCTATTAGAATGCATTGTGAAACGAC	TAGCAGCGGGAACAGTTCTGCAG	hsa-miR-503-5p	mir-503	intron	False	1	11	65504384	65504433	+	5	419
AAACCAACCAAGTAAATCCCTTCTCTAATTTTCTTCATGTTGACCCTAGA	CGTCAACACTTGCTGGTTTCCT	hsa-miR-505-3p	mir-505	exon	False	1	12	98547797	98547846	+	2	355
CAGGGCACCTATGAGGATTATGTCGAAGGACTTCGGGTGTTTGACAAGGA	TACTGCAGACAGTGGCAATCA	hsa-miR-509-5p	mir-506	exon	False	1	12	56160046	56160095	+	1	118
TGACCAAGATCCAGAAGCACCAGGAGCACATTCTGCGCTTTGCCTCTTGG	TACTCTGGAGAGTGACAATCATG	hsa-miR-514a-5p	mir-506	exon	False	1	19	58548083	58548132	+	1	168
ATCTCTAAACTCTTGCTCTTCACACACACACACACACACACACACACACA	TGAGTGTGTGTGTGTGAGTGTGT	hsa-miR-574-5p	mir-574		False	1	6	122319629	122319678	+	1	50
CCCTGAGCAGGTTACAGTCCTCTCTGAGCCTCTGCTTCCCATCTGGACCC	GCTGGGCAGGGCTTCTGAGCTCCTT	hsa-miR-612	mir-612	exon	False	1	11	65444422	65444471	+	1	164
TATTTTGAGGTAATAATCAGAAGAGCACACAGATGATTGCGGGCATTGAC	TCCGAGCCTGGGTCTCCCTCTT	hsa-miR-615-3p	mir-615		False	1	5	153878475	153878524	+	1	67
TATGAAGGCATCTGGCTCAGTGCCTGGTCCATAGTAACTGCTCAATAAAT	GACTATAGAACTTTCCCCCTCA	hsa-miR-625-3p	mir-625	intron	False	1	7	70440430	70440479	+	1	162
ACATAGAAAAATCCACCCCTTACGAGTGCGGCTTCGACCCTATATCCCCC	AGGAAGCCCTGGAGGGGCTGGAG	hsa-miR-671-5p	mir-671	exon	False	1	MT	10147	10196	+	1	218
ACTAACAAAGCAAAAACCCTTGCTACATGGGCAACAAAAGAACTGAGGAA	AGGAAGCCCTGGAGGGGCTGGAG	hsa-miR-671-5p	mir-671	exon	False	1	17	47680602	47680651	+	1	219
TGTGTCTTCCAACAAAGGTACGTCTTCCAACAAAGGTACGTCTTCCAACA	AGGAAGCCCTGGAGGGGCTGGAG	hsa-miR-671-5p	mir-671	exon	False	1	X	140784256	140784305	+	1	41
AACTAAGCTACGTCTTCCAACAAATCCATGTCTTCCTATATCTCCAGGTC	TGGAAGACTAGTGATTTTGTTGTT	hsa-miR-7-5p	mir-7	exon	False	1	X	140784410	140784459	+	1	40
AATCCGTGTCTTCCAGCAAATCCACGTCTTCCAACAAAGCCATGTCTTCC	TGGAAGACTAGTGATTTTGTTGTT	hsa-miR-7-5p	mir-7	exon	False	1	X	140784180	140784229	+	1	42
AATCTGTGTCTTCCACCAAATCCAAGTCTTCCAGTAAATCTAGTTCTTCC	TGGAAGACTAGTGATTTTGTTGTT	hsa-miR-7-5p	mir-7	exon	False	1	X	140783520	140783569	+	4	403
AGAAATCCAGGTCTTCCAGTCAGTCAGTGTCTTCCAGAAAAATCTACGTC	TGGAAGACTAGTGATTTTGTTGTT	hsa-miR-7-5p	mir-7	exon	False	1	X	140783650	140783699	+	2	280
AGACTATCCATGTCTTCCAGAAAATCCTTGTCTTCCCTCAAATCCATAGC	TGGAAGACTAGTGATTTTGTTGTT	hsa-miR-7-5p	mir-7	exon	False	1	X	140784104	140784153	+	2	279
AGCCTGGGCAACACAGCGAGTCTCTGTCTTCCAAAAGAAAAAAAAAATCT	TGGAAGACTAGTGATTTTGTTGTT	hsa-miR-7-5p	mir-7	intron	True	1	1	45610169	45610218	+	1	46
ATCAGTGTCTTCCAGAAAGAAATCCAGGTCTTCCAGTCAATCAGTGTCTT	TGGAAGACTAGTGATTTTGTTGTT	hsa-miR-7-5p	mir-7	exon	False	1	X	140783594	140783643	+	4	280
CAAAGCCATGTCTTCCAGACTATCCATGTCTTCCAGAAAATCCTTGTCTT	TGGAAGACTAGTGATTTTGTTGTT	hsa-miR-7-5p	mir-7	exon	False	1	X	140784088	140784137	+	1	279
CAAATCCAGGTCTTCCAGTCAATCCACATCTTCCGGAAAAAATCCAGGTC	TGGAAGACTAGTGATTTTGTTGTT	hsa-miR-7-5p	mir-7	exon	False	1	X	140783706	140783755	+	2	3
CCAGAAAATCCATGTCTTCCAGAAAATCCATGTCTTCCAGTAACCTCCCA	TGGAAGACTAGTGATTTTGTTGTT	hsa-miR-7-5p	mir-7	exon	False	1	X	140783794	140783843	+	1	42
CCCTCAAATCCATAGCTTCCGAAAAATCCAGGTCTTCCAGGAAATCCGTG	TGGAAGACTAGTGATTTTGTTGTT	hsa-miR-7-5p	mir-7	exon	False	1	X	140784138	140784187	+	1	43
CCTTTAGTCTTCCTCCAAGCTCCAGAGCCATTGGTACAAATGCTTTATTG	TGGAAGACTAGTGATTTTGTTGTT	hsa-miR-7-5p	mir-7	three_prime_utr	False	1	17	50381436	50381485	-	1	45
CGGGTCTTCCAGCGACTTCAAGTCTTCCAATAATCTCAAGGTCTTCCAGA	TGGAAGACTAGTGATTTTGTTGTT	hsa-miR-7-5p	mir-7	exon	False	1	X	140783215	140783264	+	1	376
TAGTTCTTCCAGAAAAATCTAGATCTTCCAGTCAATCAGTGTCTTCCAGA	TGGAAGACTAGTGATTTTGTTGTT	hsa-miR-7-5p	mir-7	exon	False	1	X	140783560	140783609	+	2	349
TCATTGTTAAGGTTGTGGATGATGGACCCGGAGCACATAAATAGTATGGC	TGGAAGACTAGTGATTTTGTTGTT	hsa-miR-7-5p	mir-7	exon	False	1	MT	13345	13394	-	1	44
TCCAACAAAGGTACGTCTTCCAACAAAGGTATGTCTTCCAACAAAGGTAC	TGGAAGACTAGTGATTTTGTTGTT	hsa-miR-7-5p	mir-7	exon	False	1	X	140784281	140784330	+	1	41
TCCACGTCTTCCAGAAAATATATGTCTTCCAACTAAGCTACGTCTTCCAA	TGGAAGACTAGTGATTTTGTTGTT	hsa-miR-7-5p	mir-7	exon	False	1	X	140784380	140784429	+	1	47
TTCCAGAAAATCCACGTCTTCCAACCAAGCCATGTCTTCCAGAAAATCCA	TGGAAGACTAGTGATTTTGTTGTT	hsa-miR-7-5p	mir-7	exon	False	1	X	140784334	140784383	+	2	42
AACCCAGCTACGCAAAATCTTAGCATACTCCTCAATTACCCACATAGGAT	AAGGAGCTTACAATCTAGCTGGG	hsa-miR-708-5p	mir-708	exon	False	1	MT	4985	5034	+	1	256
AGGTGGGAGGCCGAGCCAAGCAGGGGGACGTTGCCAGAGGGGACCAGGGC	TGCGGGGCTAGGGCTAACAGCA	hsa-miR-744-5p	mir-744	three_prime_utr	False	1	19	55091234	55091283	-	2	282
TAAAATAACCCGGTGAAGCAGCCGAGACCGACCCGCCCGCCCGCGGCCCC	TGCGGGGCTAGGGCTAACAGCA	hsa-miR-744-5p	mir-744	five_prime_utr	False	1	8	100721858	100721907	-	1	49
TATCAAACTCCTGAGCCAACAACTTAATATGACTAGCTTACACAATAGCT	CGGCTCTGGGTCTGTGGGGA	hsa-miR-760	mir-760	exon	False	1	MT	11316	11365	+	3	382
TACTTATATTTCACAGGGCACACTTTTGGCACACCTCAGAGCACACTGCT	CTGCCCTGGCCCGAGGGACCGA	hsa-miR-874-3p	mir-874	three_prime_utr	False	1	6	24425156	24425205	+	1	166
CTAAGGACCACTGTTTTTGGTAGCAATTATATGGTTACTATCCACTGCAG	CCAGTTACCGCTTCCGCTACCGC	hsa-miR-935	mir-935	three_prime_utr	False	1	5	176508469	176508518	+	2	320
GCTGAGCCCTCGGGAGCCGGTGCTGCCCCCACAGAAGATGGGGCCTATGG	CCAGTTACCGCTTCCGCTACCGC	hsa-miR-935	mir-935	exon	False	1	9	32572931	32572980	-	1	176
TGGAAAAAATGAGCCGTGCCAAAGTCTCCCTTCTGTTTCTTCAGCACATT	TTTGGCACTAGCACATTTTTGCT	hsa-miR-96-5p	mir-96	three_prime_utr	False	1	13	99986304	99986353	+	1	1
AAAAGAATTTTCAGCAAAGTACAAAAATTTAAAGCATTCCTTTCTTTAAT	AATAGCTCAGAATGTCAGTTCTG	hsa-miR-7705	unknown	three_prime_utr	False	1	8	100703045	100703094	-	1	255
AACCCACCCCTACACACACATTCACACACACGCAACCTACCCGCAAACAA	CACACACACACACACACGTAT	hsa-miR-8485	unknown	intron	False	1	4	6299672	6299721	-	1	245
ACACACACACAGACACATTCCATATACACACACACATTCCCTACATACAC	CACACACACACACACACGTAT	hsa-miR-8485	unknown	intron	False	1	X	140724705	140724754	+	2	324
ACACACACCACATGCACTCACACACACCACATGCATTCACACGCACCACA	CACACACACACACACACGTAT	hsa-miR-8485	unknown	intron	False	1	9	132377750	132377799	-	1	248
ACACACACGGCACACACAGGCACACACTCGTGCACACACATGTACACAGG	CACACACACACACACACGTAT	hsa-miR-8485	unknown	intron	False	1	21	42769399	42769448	+	1	247
ACACATTCCATACACATACACACATTCCACACACATACACACACAGACAT	CACACACACACACACACGTAT	hsa-miR-8485	unknown	intron	False	1	X	140724397	140724446	+	1	181
ACAGACACATATTCTCATATGCATACGCACTTGCACACAACCCTCGCACG	CACACACACACACACACGTAT	hsa-miR-8485	unknown	intron	False	1	X	3822800	3822849	-	2	325
ACAGATGGGCACAGACAGACACGCACGGACACACAGATACACCAACAGAC	CACACACACACACACACGTAT	hsa-miR-8485	unknown	intron	False	1	X	1416235	1416284	+	2	323
AGACACACAGGCACTCTCCTGCACACACACACTCACACTCAGACACACAG	CACACACACACACACACGTAT	hsa-miR-8485	unknown	intron	False	1	21	45437374	45437423	+	1	197
AGACACGTCCACTCAGCTGCTCTTCTGCTCTCCTCTTCCGAAACCGGGAA	TCTCTGCTCTGCTCTCCCCAG	hsa-miR-6728-3p	unknown	intron	False	1	16	85081452	85081501	-	2	284
ATCTCCAGTCTGTACTTCATTAGGCGGAACATTGCTGTTTGAGATCTTGT	TCTTCTTCCTTTGCAGAGTTGA	hsa-miR-4778-3p	unknown	five_prime_utr	False	1	16	4524326	4524375	-	1	163
ATGCACAGCAACAGGCACACACAGACGCAGACATGCACAGATGGGCACAG	CACACACACACACACACGTAT	hsa-miR-8485	unknown	intron	False	1	X	1416199	1416248	+	1	179
CAAATTCCAGTCGCTCTCTTCTGCTCTCTCTCTCTCTCTCAGTAAAATCT	TCTCTGCTCTGCTCTCCCCAG	hsa-miR-6728-3p	unknown		False	1	2	139907144	139907193	-	3	372
CAACGTGGACAAGCTCGTGGAGGACCACCTGGCAGTGCAGTCGCTCATCA	TTGGCCATGGGGCTGCGCGG	hsa-miR-3187-3p	unknown	exon	False	1	7	44645458	44645507	+	4	401
CACACACGGACACATGCAGGACACAGATACACTGACAGGTACACACATGG	CACACACACACACACACGTAT	hsa-miR-8485	unknown	intron	False	1	X	1415937	1415986	+	3	383
CACACACTACACATACACGCCACTACACACACCACTACACACACGCAACA	CACACACACACACACACGTAT	hsa-miR-8485	unknown		False	1	12	132157947	132157996	+	1	253
CACACATGCACACCACGCACACGCACATCACATGCACACGCCACGCGCCT	CACACACACACACACACGTAT	hsa-miR-8485	unknown	intron	False	1	21	42662926	42662975	+	1	250
CACACATGGAGACACCCACACATTGACACACTCCCACCACATACTCAGAC	CACACACACACACACACGTAT	hsa-miR-8485	unknown	intron	False	1	21	45529550	45529599	-	2	356
CACACCACATACTACACACACACCACATACCACACACACTACATACCACA	CACACACACACACACACGTAT	hsa-miR-8485	unknown		False	1	22	50338643	50338692	-	2	358
CACACGCGCACAGAGACAGACATGCACAGATGGGCACACTCACGCACGGA	CACACACACACACACACGTAT	hsa-miR-8485	unknown	intron	False	1	X	1416046	1416095	+	9	428
CACAGACCTCAGACACACCACACACACACAGACCTCACACACCACACACA	CACACACACACACACACGTAT	hsa-miR-8485	unknown	intron	False	1	12	123512387	123512436	-	1	175
CACAGTTACATATGCACGGAAGACACACACCATGCACACAGATACAGACA	CACACACACACACACACGTAT	hsa-miR-8485	unknown	intron	False	1	X	1417466	1417515	+	1	182
CACATGGACATACAGATATAGCGACAGGCACACACAGACGCAGACATGCA	CACACACACACACACACGTAT	hsa-miR-8485	unknown	intron	False	1	X	1416154	1416203	+	3	396
CACCGCAATAGACCTACACACACACAGGGAGCTATGCATACATGCACACG	CACACACACACACACACGTAT	hsa-miR-8485	unknown	five_prime_utr	False	1	22	23091519	23091568	+	2	326
CACCTACATACACCTACACACACATACAATTACAGTTACATACACTTACA	CACACACACACACACACGTAT	hsa-miR-8485	unknown	intron	False	1	22	44813770	44813819	+	1	249
CACCTTATGTACCCTCCCCTGCCACACACACACACAATTCACTGACCTTG	CACACACACACACACACGTAT	hsa-miR-8485	unknown		False	1	17	447969	448018	-	1	184
CACGTCACATCAGCGTCGATCACACACCCCACTCACACACATCACGTACA	CACACACACACACACACGTAT	hsa-miR-8485	unknown	intron	False	1	7	70497290	70497339	+	2	357
CAGAAAGAAGGGCAACTTCTCTTCTGAGAGCAGAGCAAGTAGATCCAAGG	TCTCTGCTCTGCTCTCCCCAG	hsa-miR-6728-3p	unknown		False	1	11	27300366	27300415	-	1	64
CAGGAACAGCTGGGAGGCAGGTGAGGCTACAGCAGATGAGGAGAGGGGAG	TAGGACTGTGCTTGGCACATAG	hsa-miR-3169	unknown	five_prime_utr	False	1	8	141405922	141405971	+	3	388
CAGTCTCTACATTGGGTCCAGACGTTGCTCTTCTTGATCCAGAGATCCAT	TCTCTGCTCTGCTCTCCCCAG	hsa-miR-6728-3p	unknown	five_prime_utr	False	1	17	49326827	49326876	-	1	62
CATGCACACATACAAGCATGCACACGGACACACATGCACACACACATGGA	CACACACACACACACACGTAT	hsa-miR-8485	unknown		False	1	18	75129964	75130013	-	1	183
CCCTTTATTATAGATCCCTTGCTCTTCTGCTCTCTCACTTAAATGCTCTC	TCTCTGCTCTGCTCTCCCCAG	hsa-miR-6728-3p	unknown		False	1	15	72942361	72942410	-	1	63
CGCACACATCCATACAGTCCACACCATCACACACACACCCGCACACATCC	CACACACACACACACACGTAT	hsa-miR-8485	unknown	intron	False	1	19	4035804	4035853	+	1	251
CGCTCGCTTCACGGCGCTGGGACCCGGGCTGGAAGGCAGGGCATCAGCTA	TTCCAGCCCTGGTAGGCGCCGCG	hsa-miR-6720-5p	unknown	three_prime_utr,five_prime_utr	True	1	1	54715860	54715909	+	1	11
CTCTCTCTTCTCTCTCTCCTCTCTCTCTCTTCTCTCTCTCTCTTCCTCTA	CTTCTCTTCTCTCCTTCCCAG	hsa-miR-6809-3p	unknown		True	1	1	110773772	110773821	-	1	285
CTGTCCTTGCCCATCTCTTGCTCTTCTCTCTCTCTGCTCCTCTGTTCTCA	TCTCTGCTCTGCTCTCCCCAG	hsa-miR-6728-3p	unknown		False	1	3	72010983	72011032	+	1	60
CTTCTCTCCTCTGCTCCTCTGCTCTTCTGCTCCTCTGCTCTTCTGCTCAT	TCTCTGCTCTGCTCTCCCCAG	hsa-miR-6728-3p	unknown	intron	False	1	10	24354730	24354779	+	1	65
GACACATGCCTCTCACAGAGACATTTCCCCACGCTCAGACACATGCCTGT	CACACACACACACACACGTAT	hsa-miR-8485	unknown		False	1	7	158609294	158609343	-	1	180
GAGTCACTGCAGCCAGCAGGGGTGGCGTGCAGACAGGAGGGCCTAACTCA	CACACACACACACACACGTAT	hsa-miR-8485	unknown		False	1	21	42840129	42840178	-	1	246
GCAGAGCTGCCGTCTCTGCTCTTCTCTCTCTTCTTCTCAGAAGAGGTGGC	TCTCTGCTCTGCTCTCCCCAG	hsa-miR-6728-3p	unknown	five_prime_utr	False	1	22	37153236	37153285	-	1	61
GCATCGATCACACACCCCACTCACACCACGTACACAGTCACACACGCACA	CACACACACACACACACGTAT	hsa-miR-8485	unknown	intron	False	1	7	70496665	70496714	+	2	357
GGCTGGGGACGGCAAGTCCTTGGGAGCCACCGGCGGTGAACTGGGCCTCA	TGCTGAGGTCCGGGCTGTGCC	hsa-miR-7160-5p	unknown		False	1	19	51086256	51086305	-	1	48
GTAGCTTAGGCCCTTTGCTCTTCTGCTCCTCTGTTCTTCTGCCATGTGAG	TCTCTGCTCTGCTCTCCCCAG	hsa-miR-6728-3p	unknown	intron	False	1	7	33192808	33192857	-	1	59
GTGGGCGTCCCATGCCTCCATCTAGAAGAGATTATGATGATATGAGCCCT	CTGGGCTCCCGGACGAGGCGGG	hsa-miR-10400-3p	unknown	exon	False	1	9	83971980	83972029	-	1	170
TACACCAACAGACAGGCACACGCACATAAACATAGACATGCACAGATGGA	CACACACACACACACACGTAT	hsa-miR-8485	unknown	intron	False	1	X	1416410	1416459	+	4	412
TCACCCCCCACCCCCAACATGTGGGCCTACACACGAGTCCATCCAGCTGC	CACACACACACACACACGTAT	hsa-miR-8485	unknown	intron	False	1	15	60542986	60543035	+	1	252
TCATGACTGTCATTTCCAAACGTGTGCTCTTCACACACATTTGCCAGACT	CACACACACACACACACGTAT	hsa-miR-8485	unknown	three_prime_utr	True	1	1	236502717	236502766	-	1	185
TCCTAGCCAGGAGGGCCTGCCCCTGGAGCATGTGGCTGGGGACCGGTGCA	GAAGGACCTGCACCTTCG	hsa-miR-6816-3p	unknown	exon	False	1	22	20114630	20114679	-	1	257
TCTAAACTCTTGCTCTTCACACACACACACACACACACACACACACACAC	CACACACACACACACACGTAT	hsa-miR-8485	unknown		False	1	6	122319632	122319681	+	1	50
TGCACACAGACCTCACACACCACACACACACAGACCTCACACACACCATA	CACACACACACACACACGTAT	hsa-miR-8485	unknown	intron	False	1	12	123510826	123510875	-	4	413
TGGTGCCATGCCGCAGCACATTCCTAGTGCTTCACATATGTTCCTTTCTA	CACACACACACACACACGTAT	hsa-miR-8485	unknown	intron	False	1	17	80742966	80743015	+	2	359
TGTACCACATGTTCTTACTGCCATCACCCAGCAACTCTCCCCCAGCTCTG	TGTTCCTCTGTCTCCCAGAC	hsa-miR-4326	unknown		False	1	21	8990876	8990925	+	1	66
