gene	noncodingRNA	noncodingRNA_fam	feature	test	label
AAAAACGGGAAACACTTTACCCAAAGCTCGCTCCACGTATAAGAGAAACG	ATCGCTCTTAGCAAGTCGTGGA	mir-23	three_prime_utr	False	1
AAAAACTAAATATATAGAAGAAAAACTCATACCATGCTGAACCTCCGACA	CATCCTAGCCTCATGCTTAACA	mir-77	exon	False	1
AAAAATGATGATCGTGAGGTCCAAAGCAACGTGGTTATTAGAAGGTCCTG	CATACCATCAGCAGCGCGTTAC	mir-78	three_prime_utr	False	1
AAACAACTGGCGCTGTGCTAGTGAAGCGAAGCCCTTCTAAGAGGCTTGCA	GTCGAACCGTCGAGATTGCTCA	mir-287	three_prime_utr	False	1
AAACGCATCACGACTATATCGGAACAAGGTCTGGCCCGTAAGGCTCTTTT	AGGTCAATTTGACTACTCGCAG	mir-210	three_prime_utr	False	1
AAAGAAGAACCTTGTTTTGATTCCGGGTTCCCGGTGCATCGGAGCCCCGC	TCCGGCAAAATAGTGCAACATT	mir-98	five_prime_utr	True	1
AAAGCCCCCGTCTCTCCATTGCCGTTCGCACGGGCACTTGTAGGTTTTTG	CGCGGGCCAATCAATTTGACAC	mir-279	exon	True	1
AAAGCGAGCTCGGTTAAGTGAAGGTCGGCTGCGACCCCAGAGTTGATGTC	AGCGGGAGGGCAAGACGTTAGG	mir-194	intron	True	1
AAAGGAGGACTGCTGCGGCGTACGACGATTAGGGATAGGATCCCGGCATC	ACAAACAGACCGATGGGAGGCT	mir-263	exon	True	1
AAAGGTACAAACTACTACCTGCCCGTACAATTGATAAGGTACGGAGCTCC	TGATAAAATGTTGCCCATAGGT	mir-296	five_prime_utr	True	1
AAATGGAAATAACGTGGACAAAGTCTAGCGATACTGGTCCCTGTGAAGGG	ATTCGGAGGTATGGGGATGGGT	mir-300	exon	True	1
AACAACGTTAGAAGAGGCGATGTAGGGTTCCGTTTCATCGGGTTACTAGC	TAACATTAACCGAAGTCTAGGA	mir-249	exon	False	1
AACACTAAGCACCCATCGGCAGATACCTTTGCTCAGATTCAGGTTGTAAT	CATCCTAGCCTCATGCTTAACA	mir-77	five_prime_utr	False	1
AACAGCACTACAAGACATCTAAAGCAAAGACATCTAAAGCAGCACGGAAA	GGTCAAGTCCGTGCACGCAGAG	mir-59	five_prime_utr	True	1
AACAGGGGTTACCGCTACCTGCACCACTCGTTTCCCAGCCCGAACTTGGG	CGATTGCTGACCAGTAGTGAAT	mir-14	five_prime_utr	False	1
AACATGATTTCACTCAGCGCGTTTTTATCTCCCATACCACCGGGCCCCCA	AAGAAACACGCGTGAGCTTTTA	mir-91	intron	True	1
AACATTTGTGACGTATAAAGCACTACTTCTTGCGTTTGGATTCCGCATGA	TCTAAGATCCCGTCTATTCGCT	mir-223	intron	False	1
AACCACGCTTTCGGAATTGAGATAGGTCTAACCTGGGACCAACCAGAGTC	AGTAACATAAGCACGTATTATT	mir-96	three_prime_utr	True	1
AACCGCCCCAGTCGAGTTCATCTCGAATCTCTGCTCACCGGATATCGTCC	TCCGGCAAAATAGTGCAACATT	mir-98	exon	False	1
AACGAGAGCCTAGTTTCGCATGGCTAACTACGAGCTTCCTCCAACTTATT	TGGTATATCCAACTTGTATTTC	mir-37	five_prime_utr	True	1
AACTACTATTAGCTACGGTCCAGGGTGGCCAAGATTTCACCAATGATGGG	ACCACCAAATTTGGCAGATCTA	mir-93	five_prime_utr	False	1
AACTAGGAACTATAGCCGTGATAGAGGCATTGGTAATCAGCGGTGCAATG	CCTGAGCTAGTAAAAGAAGCAC	mir-171	exon	False	1
AACTAGTAAATCAAGTTTTAGATTTCATCCACATTTGGGTGGTTATTAAC	AGTGAGATCTTTGGTGACCGAC	mir-267	exon	True	1
AACTGATAGAACCCGGGGCTGCGTCGATACTCCGCGAGGGCTTGTGTGGA	AAAGTAGACATAATGGCAAGAG	mir-31	intron	False	1
AACTTGGCCGGGAGCTAGAGCTTAGCCTCCAGCAGCCTCACACCGGTAGC	TTGCGCTTGTGAGCCTGGTATG	mir-84	intron	True	1
AAGACGTAGGGGTAATGGGCGACTATCTAGTGAAGCACGTGACTTGCGCA	GGCCAATTAAATTGTCCCTTGA	mir-181	three_prime_utr	False	1
AAGAGGCTCAATAAATATCCGTTGTTTACGAAATGTCTGGTTTTGATCAA	AGATCCCCCTCACCGCTTTTTT	mir-118	exon	False	1
AAGAGTCTTAGAGCACATTTAATGGGATAATGCAACACCTCTGATCATAA	GACCCCTTACATGCCTCCGCCA	mir-229	intron	False	1
AAGATAAAGAACCTTGCCCCGGTATTGAGAGGAAGTTGGAAGAGTGTCTA	TGGTAAATAGCGTGCCAACCCC	mir-169	exon	True	1
AAGCGACATATCCTCCCTTCTCAAGAGGAGGTTTCAGTTCATTGCCCCAT	AGCACAGGCGAGCCCTCGATAG	mir-243	five_prime_utr	False	1
AAGCGAGACCACCTGCTAGCGTGGAATGCTAGCACAGGCCTTGGAAGTGG	ACAGGAGAACCCCTACGCCACG	mir-250	intron	True	1
AAGCGGCCGTTTCCTTTGTCAAGGTCGCTTAAGCGGGACCGTGGTATTAG	TCGTGAAAGCTAGCTGGAAGTT	mir-105	intron	False	1
AAGCTAACTGATGAGCACATCAGTGCAATCATCGTGCAATCTTTATGGCT	ATCCACAACATACCATTCTAAA	mir-10	three_prime_utr	False	1
AAGCTATCCATGGAAGCCGGCCTCCGTGACGAGTCATCGGTATTCATCTT	TACAAGCATGGACGGGTGGCCG	mir-25	intron	False	1
AAGCTTCACAACGTGCAAGGATCTGTTGTTAGTGAGTTCATGTACCGAGG	CGGACCAATAAACCTTGGTATA	mir-7	three_prime_utr	False	1
AAGGAGTTTCGGCCCGCTATCGTTAAGCCTTCAATACTGTTATGGACCGG	CGGTTATCAACGAGAAAAGTCA	mir-166	exon	False	1
AAGGCTCGGTTTTGGTGAAACACCCTGAATCTACAGTTTGTCTGGGTAGT	TGACTGAGACACCGTCCATCTA	mir-68	three_prime_utr	True	1
AAGTAGGCATGCCCGCTTAGTAGAAAGCTTTAGATCCTGTCCAGTATCAA	ACTCGGGACACTCCTAGATAGA	mir-73	exon	True	1
AAGTATCAAGTTTACGCAAACAAACACGATATGGGACCATTCCGTGCCGG	TTGAGCCCACGATCAAGCCATA	mir-121	intron	True	1
AAGTGTATGTCAACGACGCCCCAAGCTCAACTAGTAATACTCAGGTTTCT	GTCTGACTCGTGATTTTGTAGG	mir-19	intron	True	1
AAGTTCCCCGCTGCCGATGGGATGCGTACGAAAGGCTGTGCCTTAGAAGA	TAGCCTCGACTGCAACGCTGGC	mir-17	exon	True	1
AAGTTGGGATAGACCGCGTTTTCCTCCCCACGGTGACTACCCCTTTGGGG	TTGACCGTTACGACTGCTAATC	mir-228	five_prime_utr	True	1
AATACAACCCTGTTTGGACCCTTGAGTAGTTTTGGCAGCGGCTTCTTCGA	TTTCCTGACAACGGACATTGAC	mir-245	intron	False	1
AATAGTAGCTTGGAAATATTAGTTAGTCATATTATTTAAAATGGCGGCCT	CGAGAAATTGACTCCACTCTCC	mir-268	three_prime_utr	False	1
AATCCCAATACTGCATCCCGTTGGAGACATCAAAAGTTCGGAACAAGAGG	CTATTGGTCCCTCCTTTAACAA	mir-30	exon	True	1
AATCCCCGTGTCGTGCCTCAATAGTGATCGCGCCCACTGCATCTATCTCG	ACGCGCGGCCTGTTTTGTGAGA	mir-192	five_prime_utr	False	1
AATCGTTGTTGGCTTTCTGTCATTCCGCCGACAAGTAGGTGGGTTCGCCT	AATGCTGTAGCTAGTTGCTACC	mir-12	three_prime_utr	False	1
AATGAAATGCTCGGCCTAAATGGTGGTAAAGTTGTGAAAACTTCCTCCAG	TTAAGTTAACCCAAATACCTTC	mir-112	exon	True	1
AATGAAGCCTTTGGGGGCGTGTCCCTAGGTGCATGTCGCTCGCTTTAACG	TGGTCAGGCCGTATCTGGTTAC	mir-95	exon	False	1
AATGCGCCGCCCTGATTGACTGCTCTATGGGCCATGGAACCTCATGTTGA	CTCCTAGAAAAGATAACATCTA	mir-150	exon	True	1
AATGCTTCAATGAGTTGTTGGTCCACCGGATATACAGCCCCATAACTATT	GAGAACCGCGAATCGTCAGGAC	mir-41	exon	False	1
AATGGTAGCATACCTTAGTCGCGAGACCGTACATTGAAAGCGCGATCTAG	AGAGGCCGTGAGAGTCAGTGTT	mir-132	three_prime_utr	True	1
AATGGTCAGGTCGGCGAGAAGCCCCAAACACCGGAGACATTCATTAGGGA	AGTAACATAAGCACGTATTATT	mir-96	exon	False	1
AATTATTCACCATCAATCACGTCACTTCCAGTCGAGTGTGTTCCCCAGCA	TGTACAGATCTCTGTGTTTAAA	mir-53	three_prime_utr	True	1
AATTCGCTGGCTGGAATTCCGTATTATATCTACCCTGAACGAAATGGAGG	AAGAAACACGCGTGAGCTTTTA	mir-91	exon	True	1
AATTGCGTTCCGCACCCTCTACTGCCACTGACTAGGCATTCACTACTGTT	ATCCACAACATACCATTCTAAA	mir-10	three_prime_utr	False	1
AATTTTAGTGGGGACCCTATATTCAGGCTATTCGTCTAGCGTTGTGACTG	CCGCATGGGGTCTGAACCCTGG	mir-147	five_prime_utr	False	1
ACAAGTTCAATCCCTTAGGTTGCTGCAAAGATCCTTACAGTAATGACGCG	TGGCATTGCAAGGTTCTGAATC	mir-119	intron	False	1
ACAATAGTACAGTTTCATGGTCACTCCGCCAACAGTGGAGAGCGAGGCGT	GGGATCATTTATCAGTGGACAT	mir-29	intron	True	1
ACACCATTGTCGCAGTTCTTCGCAATGCTATCCATAAGTTCCCTTGGCCA	TTTGCTACTGAAAGTGTCCTGT	mir-90	intron	False	1
ACACCCGGCTGTACTAACCGGCCATGCCGGACGCCTCGTTCGATAGTTAA	CTTATCGGGCTGCGTGGGGTAA	mir-94	intron	True	1
ACACGCAGGCCACAAATGCCTTGGAATCGCGACACTCAAGGGATTGTTGC	GCCTTGCGGATTTGCGGATTCT	mir-26	five_prime_utr	False	1
ACAGCGATTTCGTTAGATTGTTGTAATCCGGAAGTACTGAGCGTTTCAGC	CCGCATGGGGTCTGAACCCTGG	mir-147	intron	True	1
ACATCATTCTGCTGCAATGTTGTCACACGACTATGGGAGCGTCATCCACT	CCTGCCGTGCCACGAGATGATA	mir-199	exon	True	1
ACATGGATATCCCTTTGACTGAGCTATTTCCTAGGGCGGCCGCTGGAGAG	ACTCCATCTCAAGCCCTCACAT	mir-44	exon	True	1
ACATTCCGGATAGGTATTTAGGTAGAATAGCGCCGCTTTCGGGATCGCTA	GTCTTGACGACAGCTACCGCTC	mir-149	intron	False	1
ACATTCGCGGTCGACCTACGTTCGGATCCGAAGTTATAGCCCGTGACTGT	CTATTGGATAGTCTCTATAATA	mir-71	intron	True	1
ACATTTCAACAATGAGCGGATTCCACTCTTGTAGCAGAGCGTTACGTACC	TAACATTAACCGAAGTCTAGGA	mir-249	five_prime_utr	True	1
ACCAAACGGCCAACGCATCTAAGCACCCCCTAAGGATCGTTGAAAGATTC	ACTATGTATCAGTTGCCGAATG	mir-81	three_prime_utr	False	1
ACCCACGGCGCCTGACCTAACAAGCCTACGTGTCGAACTTACCAATTGAG	GCAGTACTGCTATCACCCTGAA	mir-114	exon	True	1
ACCCATCTTCCAGTGCCCCTAAGCGGCCCAATCTGTGTGTATATCCCGCG	GTGGACTCTCTGAGACTTTTAG	mir-32	exon	True	1
ACCCCATGGTCGACTTGGTCACAATTTTGGTGTTGTTGCACGGAGACCCT	CCTGCCGTGCCACGAGATGATA	mir-199	five_prime_utr	False	1
ACCCGGACGTGCACGGCGGGTACTCTAGGATTCCGGCAATGTTTAGGAGA	TACATCGAGTTAAATAGAGACT	mir-82	five_prime_utr	True	1
ACCCTCAAATTGGGCTGCCCACAGCGTGTGGCCAAAGACTGCTCAAGAAA	TAGTCAGGGAAACTACAACAAC	mir-99	three_prime_utr	False	1
ACCGAAATAGTCCCACTCGGGTAGAAAATACAGAAGGAATTAGGTGTACC	CAACCATCCAGATCCGCTAACT	mir-246	five_prime_utr	True	1
ACCGCCTGTCCGCGTGTTAGGCGTCGCACCGACGTGAAAGAGCCCCGGGT	TGGAGCAGTTCCCCTCAGCAGC	mir-206	exon	False	1
ACCGGAAACGCTTTAACGCCGGGGTTCCGTACGCTAATAGGATAGCGCTT	GAAGAAGACTTCCCATCCTCGC	mir-165	three_prime_utr	True	1
ACCGGTGCGCTGGGAAAGCTTCGCAAAACCGAACGTGCAAAAGTGGCAGT	CTATTGGTCCCTCCTTTAACAA	mir-30	exon	True	1
ACCGTAATTTACGATGCATACGCGGGGCAAACCCTCGATGGCACGTGTCA	ACCAGTCGGACACAGTAAAAAA	mir-292	three_prime_utr	False	1
ACCGTATACATTGTGTGTCGCGGACATGCGTGCCGGTTTTTGGGTACATA	GGCGATTACGGCAGTGTCCCTT	mir-116	intron	True	1
ACCTCATCGCCAAACTGCCGTAGAGATATCGATTCCAGTCTGTGCAAAGT	TCTACGGAATGGAACTTGGGTT	mir-241	three_prime_utr	False	1
ACCTCCCTAGTGCATACACATTCGTACTTGTTGCCGAAATCATTCCCCAT	AGGACGTATTATTACATATTAT	mir-133	intron	True	1
ACCTCGTCCACTCTTACTTAATCTTGCGGTCCGGTCGGTCCTTTTTGTCT	AAATCTGTATTAATATACACTT	mir-160	five_prime_utr	True	1
ACCTGGGGGAACAAAAGGAGCTTCGACCCGTTGTTACTCCAGATGGTTAG	CATAGTCATCGGAGCCACGTTC	mir-219	exon	True	1
ACCTTCAGTAACATAGTCGTAGATCGAAATTTCACAGGATAGAACAATCA	GAGACATTCGGAGACTTCACCA	mir-87	intron	False	1
ACCTTGCCCGGCCGGCTCTCGGCGTCACCGGATCCCTTAATGCGGCATGC	GGTCTTGATCGGCAGGACGGCA	mir-163	exon	False	1
ACGATATTACAGAGGGCTTCGTCGCCCAATAACTCCCAAGGACTTGTACG	GGTGAGTAAAGATCCTGTCGAG	mir-16	five_prime_utr	False	1
ACGATCACTAAGCCATCCCCGAGTTTGAGCATGGGTCCTTACAGGCAGCT	AGCTCCGTTTACGATACACTTA	mir-3	exon	True	1
ACGATTCTTGAATAGCGAGCAGGACTATCAGAACTGTGAGGGGGCGAATC	GGCCCAGGCAGAACTGAGGTAC	mir-51	three_prime_utr	False	1
ACGCCCTAGGTCACGCTCACGGGGGGTATATCAGTATAGGAGAACGGGTC	TAGTCAGGGAAACTACAACAAC	mir-99	exon	False	1
ACGCGAAAACGCAGTTCTCATCTTGTAACTGAAGGCTTTGAGGAAGACCT	CTATTGGATAGTCTCTATAATA	mir-71	intron	True	1
ACGGACTTTACTTTGCCAACTTGTGGCAGGGTATCGGATAACAGTCGTTG	GAACCCGGAAGGATGTCAAACT	mir-182	exon	True	1
ACGGCGGTCAGCGCCGGGATTTATGGCTCATATAGTCGATGACCATCAGT	GAATAGCAATGGAAGCACGCCG	mir-214	three_prime_utr	False	1
ACGGGTCCGGCCGGAGGATGGAGTTTTCACCAGGTTGGACGGTTACTATT	AGACCAAGTGCGGGAGCGGAGG	mir-21	three_prime_utr	True	1
ACGTACAGGCTGTTTGTGGACAATCCCGAACTAATGTGAGCGATCGGTAT	CGTCAGACGGTGACAGGCGCTA	mir-188	intron	True	1
ACGTAGCGGTGCGCGAGTGGCCCCCCGGTCTACCGGAGCGATCAAGTCGG	ATAGCTCGCTTTATCCAGTTCT	mir-151	three_prime_utr	False	1
ACGTATCAGTCTTCTCAGTGTGATATGGGGTCTGCCTATTCTAACGCTCG	TACAAGCATGGACGGGTGGCCG	mir-25	exon	True	1
ACGTCCGAAAAAACTTCTCGGAGAGAATTACCCACTCGCGGCGGAATTTG	GGTCCGTAGTGCCGAAAAACGG	mir-189	exon	True	1
ACGTCTAAACACGTACTCAAGGTGTAGCAGCAAAAGAGGCGAATTGTTCG	AACCTGCATAGCTGTCATCTTC	mir-130	five_prime_utr	False	1
ACGTCTTACTACTACACAGAGAGGGACACTCACCGCCAAGTCGCAGGGTA	CCGACGGAGACACTTCTCCTTT	mir-139	three_prime_utr	False	1
ACGTGGAACTAATCCGGAACGCACGCATGATAACTGTACGACGCGGCATG	GAACTGAACGCTACTCGTGTAG	mir-190	five_prime_utr	False	1
ACGTGTCCTACTTAAGAATTTACGAAAAGTGTACAGATGAGGGTCCCATG	GGGCTCGACACCCCCAATTTCG	mir-67	exon	False	1
ACGTTGACAACGGCCAAGGGTAATGTAACACAAGTGTTGTCATCGCAGAA	TCGGAAGCACACCCGTGAGGAT	mir-174	exon	False	1
ACTAAGTCAGTTTCCGATCAAGGACTCTTCCGGATATCGAGACCGCCCTA	GTGGCGCGTGCACGTTCAAAGT	mir-134	three_prime_utr	False	1
ACTAGACCGGGTAAACTTTCCCCAAATTTACTAAAAAGTAGAGGCATCGA	GAACCTGGTGAGATCTCTCCTC	mir-253	three_prime_utr	True	1
ACTAGCGATCGTGTTTTAGGGAGTGGAGTACATAATATCTCGTTTACAAC	CAGAACGGCACACACCACCCTT	mir-54	five_prime_utr	True	1
ACTATTAGCTGCCGCTGACAGAGATTGCGAGCCTCACAAATCCCGGCCTA	CTACCATGGGACTAGGATCTCT	mir-55	exon	False	1
ACTATTGCACGTTTCCACGGCGAACTGATCTATCTACGCAGTAGCACACC	TCGGCTGCCCGTACACCCTACC	mir-167	three_prime_utr	True	1
ACTATTTTAGCGTTTATACATATACGTTGCGCACTAACAGAGGAAACAAC	AGGAGGGTAACAGGAACCGCCA	mir-27	five_prime_utr	False	1
ACTCATAGGAAGAAGCCTGGAAGAATCATCGACGTCGGGCTCTTGTCGTG	CATAGTCATCGGAGCCACGTTC	mir-219	exon	False	1
ACTCCCGTCATTCCGTGCTTTCCTGTTCACAGACAGTTGCCCCTCTGAGC	AGAGGGGGGAGGCCTTCGTGAT	mir-60	three_prime_utr	True	1
ACTCGAGCATCACCTAGCAAAGACGCGAGACACACAGGCCCATACATATA	GTCGAACCGTCGAGATTGCTCA	mir-287	five_prime_utr	True	1
ACTCGGCATCTGCTCCATGGTTTGAGAGTCGAACCACGTGTACTGGTCAG	TCGGGTCAGCCCTTCGTTTTAG	mir-63	intron	True	1
ACTTAGCTCGCACACTTCGGGCTCAACTCTTCAGCACCTACCCGGCGAGC	CTTGTGGGTGGGGACGGCCTCT	mir-247	intron	False	1
ACTTGCGCATCTTGCACTAGAACAAGTTTGCCAGGGGCACAAGTGCGAGC	GACACGATGTCACAGATTGCCC	mir-69	exon	False	1
ACTTTTCTAGGTCTTACAACGAGTATGAGCCCAAGTCACGGTAGGTGGTT	TCGTACATAGCCGGAGATGAAC	mir-262	three_prime_utr	False	1
AGAAACTTTTTGAACCCCGCTCTCCCTACGATCACGCGCTGCGCTGCGTG	ACGGGTCTAGATGATGGTAGTG	mir-258	five_prime_utr	True	1
AGAAATAAGCACTAATAGCTCGTGTGGGTGCGAGGTTTGTCGAGATGTCA	TTCTACTTAAGCGCTGCTCAAA	mir-260	five_prime_utr	False	1
AGACAGACGGCGGCTCGGTAGCCGTCGAACCGATTCACCCCATCCCAATT	GCGAACTTTCGCACCCTACAAG	mir-172	intron	False	1
AGACGCTCTTTTTCGGGTGCCCCGTATCAACCAGGGAACTTCGGTAGAGA	AAAGGGGCCAGAATCGACATCT	mir-224	exon	True	1
AGACTCTTCCTCTAAGTTTTCCAGTCAAGCCAGGCACGTGGGTTACTGAG	GGTGAGCTACCTACCATTTTAT	mir-259	intron	True	1
AGACTTACCGGCAATCTTTAGAAATCTTAATTGAAGAAACACGAGTTAGC	GTACACGGTCACGTGGCGGACG	mir-49	three_prime_utr	True	1
AGAGAAGTTTGCTCGTAGCAGTACGAGAACCTATGGTGTTGCCACTTTAA	GGTGGCTTAGACACCAGTATAT	mir-173	three_prime_utr	True	1
AGAGGGTTAACGAGCCATCACCCAGCATGGCCCCCGTGAATTCAATTAAT	ACTTGTGGTAAGCCATGATCCC	mir-70	five_prime_utr	False	1
AGAGTTTGACAGTTGGGCTGGCTACTAGAAAGATCCGTGATTGCAACCTT	AGACCAAGTGCGGGAGCGGAGG	mir-21	five_prime_utr	False	1
AGATAGACCTTGCAAACTAAGTCAACCTACTACATGTGCATACGGGACAG	TTGCGCTTGTGAGCCTGGTATG	mir-84	intron	True	1
AGATCAGGTGGAAACGGGTACAGTCGCTCTACCATGGCTCCCGCTAACCA	TGATCAAGTGTGATCAGCTTGA	mir-164	three_prime_utr	False	1
AGATCCTTCATGGGGGCCACTTGTAAAAACGAGTTAGGTTAAATCAATTG	CTTCCCGGGACTCAGTGGGCTA	mir-261	three_prime_utr	False	1
AGATCGTAGAGCGACCCAATGACGTCCGAACCGGGCCGCATCATGATATC	ACCTTAGTCTGCTCCCTAATGT	mir-282	intron	False	1
AGCAACCCTGATCTAGACATTATCGTTCACTTCGACGTCGTGACTGGAGT	GGTGAGCTGGTTTGACTATTTG	mir-46	exon	True	1
AGCAACTATTGCTGGTGGTCCCGCGAAGATTTGGTTAGCAGAGGGAATGG	GTTTATAAGGCTCTAGACAAAA	mir-207	intron	True	1
AGCAAGCCTAGATTTCAGCCCGTTCCGGTGACCGAGGGCCCAAAAGTATC	TAGTACGGAACGAAACGAATCG	mir-35	five_prime_utr	True	1
AGCACCCACCTTCAGCTGTCTAAATAGTCCCCCATGCGAAAATGACAAAT	ATCTAGGACCCTCGGCGACAGA	mir-270	five_prime_utr	False	1
AGCACGGAGCTATAATAGGACGCTACGGTAGGGACGCCAGCAAATTTGCT	TTTCCTGACAACGGACATTGAC	mir-245	intron	True	1
AGCCATGGTTGGCAGCCACCAGTCCCTAGTTTAATTAATTACACTTAGGT	TGGTCAGGCCGTATCTGGTTAC	mir-95	three_prime_utr	True	1
AGCCGCCGCTGTATTACGTGAAGTAGACAGAACCTTTGGACGAAATAAAA	TCAACCGCCAGTAATCCTTTCC	mir-58	five_prime_utr	False	1
AGCCGGCGCTAGACTAAGGCGATAATGCGTCAACCGATGAGGCGCGTTTC	AATAACTATACCGTGGGACTGC	mir-122	five_prime_utr	False	1
AGCCTTCAATTAGGGGGACATGAGGAAGCGGTAAACTAACCCGCAGCCAC	ATGGAAGCCACATTGGACAGCC	mir-123	three_prime_utr	False	1
AGCGCACCGGGTGCTGTGTAGGGAGAAAATGCCCCAAGGGTTACGTACGA	CCACACTGATGACCTGTTAATG	mir-8	intron	False	1
AGCGGACCTCAAGGAATGTCAAGACTGCGTTACGTCCCTTTCAAAATAAG	CGGGGCGAGACTAATGGCTCTA	mir-28	five_prime_utr	True	1
AGCGGATCCACCCATCTATAACCTATGAGGTCTTACAGGTAGTTTTCCTT	TTTAGCACAGAGCTAGGATCAT	mir-115	five_prime_utr	True	1
AGCGTCTCCGCGATCACAAGATTGGCATAGGGCCGAGAGTCCTAGTACCG	GAGGCAAAAGCACACTGGCGTT	mir-34	three_prime_utr	False	1
AGCGTTGTACGACGACCTGGAACCTTGGGGCGAAGTCTCTACTGACTACA	CGCTAGCTTTGAGAAACTACCT	mir-109	three_prime_utr	True	1
AGCTCATGGAGCATATTAGCTTCAACGGCTGCTCCGTACTGCATAATTAT	TAATCGCTTAATTGTAAAACGC	mir-88	exon	False	1
AGCTCGTCCTGTCTCGAGTTGATATCGAATGAGTACCAAACCCCTGAAAT	CTTGCGATTTCCGCCCGACCGC	mir-236	three_prime_utr	True	1
AGCTTCATACTTGTATCTCTAATAGGTGCTCATTGGGTTAGTCCGGCACC	CATAGCGGCCGCTCCCAGCCCA	mir-117	five_prime_utr	False	1
AGGAATAAGTAATCAGCAAAACCACAGGGATTCAATGGTTGGAACTAGCA	AAAGGGGGAGAGAGATGCCGAC	mir-161	five_prime_utr	False	1
AGGACGGCCCTTAGCCTCCGTGCGAGAGAAGACCAATGATACGTATCGAA	GTGGCGCGTGCACGTTCAAAGT	mir-134	intron	True	1
AGGATTGGAAATACCAATCTTGTCAGATCGATCTAGTAAAATGTACAGCA	AGACTGTGGTGGTTATTAGGCT	mir-216	exon	True	1
AGGCCCATTGTGTGTTCGGGAACTCGTCATTTGGGCACTCAGTAAGAATT	ACCACCAAATTTGGCAGATCTA	mir-93	intron	False	1
AGGCGCTTGGTCTATAAACCATGCGAACTATAGCGCCGCATAGACCGTAG	TACAAGCATGGACGGGTGGCCG	mir-25	intron	True	1
AGGCTGAGCTCATCTAGATACATCATACTCCAAGGTAACCACGACCAACG	CGGAACGTGTGCTGTTTTATGC	mir-235	five_prime_utr	False	1
AGGTATCTGCCGGAGGGCAAGTCTCTTTACACGTCCACTTATAACTCCAT	AATAAAAGTAATACCGAGTCCT	mir-74	three_prime_utr	True	1
AGGTTGCGTTCTCAAAACGGTAGGCAGCAAGTTGTCCGGCATCAGAGGCC	TGATGAGGAGCTCCCATGCCAA	mir-200	intron	True	1
AGGTTTGGTCGCCTATCCGCAGCGGTGCGACTTTCAAACGCGGTCCCGCG	CAACCATCCAGATCCGCTAACT	mir-246	exon	True	1
AGTAAGGATCTCACGGTGTCCGTTCCTAGGGCCAACTACAGTCTTTTTAT	CCGCTGATATCCTTGAACGGTC	mir-286	exon	False	1
AGTAAGGTAAATGGTATTGCCAGTTAGCAGCAATTCGTTTCAGTATGTCT	AAAAAGGTTCGGTCACTATACC	mir-64	five_prime_utr	True	1
AGTAGTCGGTAGCAGTTTATTTATCAATCGTTTGTAAATAAGTTACTACG	AAAAACCGGGACCCCTCTGACA	mir-42	five_prime_utr	True	1
AGTATGTACCCGGAACCCCTTTATTTTAGTCTAGTGGGGGGAATTACTGT	CGCATCTAGACTTATAGTAGTG	mir-33	intron	False	1
AGTATTGATAGTTTCTTTGTCCTCGACATCGGCAGCTGCGATTTCTACCA	CAGTGGCCGCCATCGACAGACC	mir-40	exon	True	1
AGTCCCAGTATCCCATATGCTAGAACTGCTTTCGCCGGCGGGTTTTACCT	CAGGGCTACCCGCTGGGCAACG	mir-211	exon	True	1
AGTCCTACACCGGCTTGAATATCCGTAAGAAGTATTACCCTGCCCTCTTA	ACCCTAACTATCAACGCCTGAA	mir-131	intron	False	1
AGTCGGCAAAAAACTGACAGAGATGGACTTGCGCTTGCTAAGTTTCTAGT	GAGAACCGCGAATCGTCAGGAC	mir-41	intron	False	1
AGTCGTAGGTTACAACACAAGCTGACTTGGGGCTTAGATGTCGGTATTAT	GCGCTTCGGGGTTAACCCGGGG	mir-6	exon	True	1
AGTCTGACCTACTCGGTCGTTCGTCCAGAGTCCAGACGTGCGTTGACGGC	GCGAACTTTCGCACCCTACAAG	mir-172	three_prime_utr	False	1
AGTGATCTGGACCTGGTGGACAACCTCCGTAGGGTGATCGGTGCATAGGG	ACCACCAAATTTGGCAGATCTA	mir-93	five_prime_utr	False	1
AGTGCGCTGGCCAGTTGTTCTGATACGGTAGATAAACCTTGTTGCAGAGC	TTTGAGTCGATAAATAGCGAAT	mir-126	exon	True	1
AGTGGGATATATTCAGTAGGTGACACTCCAACCCCCCTGCTTCCCTTTTC	TGTTCTTTCACGCGCCTGCACA	mir-111	three_prime_utr	True	1
AGTGTGTGAGGTGAAGGGCTAAAGAATGTTAGATAAAGACAAGTTGCATA	GCCCTGCGCCTGTTGGAGACGC	mir-197	intron	True	1
ATAACAGCGTGTTCCCGGCCACCTATAGTAGGAGGGAGAAGAGGTTGTCG	CGATTGCTGACCAGTAGTGAAT	mir-14	five_prime_utr	True	1
ATAACAGGCGCAGCTCCATCACGGAATTTCGGTAGTCTACTGTTCGGCTT	GGAACTCCCCTTACGGCCGAAC	mir-38	intron	True	1
ATAAGAGACAGTATAATTAGCAATGACACGTAACGGGTAAGCAAAGGATC	CTTGTGGGTGGGGACGGCCTCT	mir-247	intron	True	1
ATAAGAGCTCGCTAGCGACGGTTGGGCCGGGCTACGCCGCATTTGCCAGC	TCCGGCAAAATAGTGCAACATT	mir-98	five_prime_utr	True	1
ATAATTGTCTTGGTTCGGATTGGCACGCGTCTTGCAGAGGTGGAACGGCA	AAAGGGGCCAGAATCGACATCT	mir-224	five_prime_utr	True	1
ATAATTTAAGTGTTGGTTCTTCGATAAGGATCGGAGAGTGAATATGAAGT	GTGCGCGTGCACAGGCGATGCT	mir-79	three_prime_utr	False	1
ATAATTTTCTGGCTGCAATATAGGTCAATACGTCCCGTTCTCAAATTGAC	TGCTAGGTACTGGTACCGTTGA	mir-293	intron	False	1
ATACAGGTAAGATATTTCTCACCAACGAAGACGGTTGACGGTTCAAGCGG	AAAGGTGTCCTACGGTGACTTC	mir-254	intron	True	1
ATACTAATAAATAATCCTTCGACAACCCTCTGTACTATCGAAGGGTTTAC	TGGCATTGCAAGGTTCTGAATC	mir-119	exon	True	1
ATAGCATTAAGCGCTCAATAGCCGGTGTCTAACTAAACGGAGCTTGTCCA	TGGTATATCCAACTTGTATTTC	mir-37	three_prime_utr	True	1
ATAGCCGAGGGTGATTTAGGAAGATCCATACTTCAAATCGCTTTTTCGAC	ACTCCATCTCAAGCCCTCACAT	mir-44	intron	False	1
ATAGGAAATCGTAGCCCATTACAGCGGGAAAGTCGACTAAGTGATATGCG	TCGGAAGCACACCCGTGAGGAT	mir-174	exon	False	1
ATAGGCCTAGACCCTCCAAGGCTGTCTTGTACAAAACCCTGCTCACGAGG	TACTCCTAGGTATCGGCCCTGG	mir-65	exon	False	1
ATAGGCTTTAAGGCAACTGACCCGCACGTAACACGAAATCTGTGGCGGTG	TGATCAAGTGTGATCAGCTTGA	mir-164	three_prime_utr	False	1
ATAGTGTACTAACTCTCCAGGAAACGCCCCAATTGCTCATATGGGGGGCC	CGGACCAATAAACCTTGGTATA	mir-7	exon	True	1
ATATAGCCTGGTTGTAGGCGGACCCCGGGTTTACTCCGTGCAATTCGCGC	ACCCTAACTATCAACGCCTGAA	mir-131	five_prime_utr	False	1
ATATATGAAGGAGGTCAGACTACTAAGTAAGTAACTTTAATTATGGATCT	CGGCGGTGATCGCAGTTCCGAC	mir-13	exon	False	1
ATATCAATTGTCTACAGGTCCCCGAAAATAACCAACGGTTGTACACTAAA	CGAAATTCGTCCGTCAGACGAT	mir-52	exon	False	1
ATATCCAAGCTCGCGCCACGATGTTCATCAATCTCCGACGCGACCCTGAT	GTACACGGTCACGTGGCGGACG	mir-49	intron	False	1
ATATGATTAAAAGTTACAGGCATCATCCCTAGTAGACCCCCGGCTACCAT	AATAACTATACCGTGGGACTGC	mir-122	three_prime_utr	False	1
ATATGTACGGTTCCCGGCCTAAGATTTATACATCATCAGCCGAAAATGGA	TTTCGGTAGACGAGCATGCCGT	mir-101	exon	False	1
ATATGTTAAGTGTGGTCAAGGCCATATACGCCACGGCCAGCACCGCGCAG	ACGCCGTAACCGTGGTTGAATC	mir-265	three_prime_utr	False	1
ATATGTTACTGGATTCCGCTACATCTGAGTGTGGTATCTTTAGCTTTTTA	AGGTCAATTTGACTACTCGCAG	mir-210	three_prime_utr	False	1
ATATTCTAACCGTAAGCTGTTGTTGGAGTGTAAATCGTTTACCTAGCATC	TCCGGCAAAATAGTGCAACATT	mir-98	five_prime_utr	False	1
ATCAAAGAGCCAATAGTCTATCAAACAGCGTAATCAATTCCCCGTCCTAT	TGGGGCCCATACAAAGATAGGG	mir-208	exon	True	1
ATCAATACCCAGATAGCTCCCTCAAGGTACCGACGTCAATCGCGCAGACG	AGAGAACTCGGTTTCGGTCGCA	mir-2	five_prime_utr	True	1
ATCAGTGATTTTGCCAGCCGGTCCAACGATCAATGATGTACAGAAATAAT	TGTACAGATCTCTGTGTTTAAA	mir-53	five_prime_utr	False	1
ATCATGGCATTGTAGTACTCGCCTCTGTACCTAAATGCTGATGTCCACCG	GCCTTCCAAACTTCTGCGAGTT	mir-251	five_prime_utr	True	1
ATCCATCGGCTGTTACCGAGCAGGGGAAATACCAATTGGTTTCTAAGCGT	GAACCTGGTGAGATCTCTCCTC	mir-253	exon	False	1
ATCCCATCCCCTGAGTCAGCCCACATAGTATATCCAGACGGGTTATGAAT	AGGAGGGTAACAGGAACCGCCA	mir-27	three_prime_utr	True	1
ATCCCATGCTTCCATTTTCCACGACCGCGCGCCATTACTACTTCCATCCA	TACCAACTAAAGTAAAGGATGT	mir-239	exon	True	1
ATCCGACGAAGGGAGCAAAGTGATCCTAGAATGAGATGCAAATCCCAACG	CGACCCACCTGTGATTAGCCTG	mir-113	exon	True	1
ATCCGGATAAGTGGCTTCGGAAAGGCGCCATGAAACAACCATGTATTTCA	GAGACTGTCGCTTGAGAGTCCA	mir-62	intron	False	1
ATCCGGGTCCTTGCGTAGTAGCGTGTCGGGAATGCAAACACACCGCTTGT	TTCTACTTAAGCGCTGCTCAAA	mir-260	five_prime_utr	True	1
ATCCGGTGAACTACAGAGTGTCCGTTATGGTCCCTCTTTAAAGAACTTTC	CGGAACGTGTGCTGTTTTATGC	mir-235	five_prime_utr	True	1
ATCGCGTATAAACGGCAGGTACTAACGTTTAAAGCGCATTACAACTAGCT	AAATTTCACGAGCGCCCAGAGT	mir-218	exon	True	1
ATCGTGAGTGCCCACGTGTTGCTAGACCGTGCATGAACGTAGGGCGCAAT	GGCCCAGGCAGAACTGAGGTAC	mir-51	exon	False	1
ATCGTGCGGCTACGGACCTGTCGAGTCGATATTCCGCCGGGTTGCGATCC	TCAAGAAACGAAGGAGGCGTTT	mir-135	exon	False	1
ATCTTACCCCACGTTGGGCAGGTGGACGCATTTTATCTGGCGGAACAATC	ACGCAGCTGCGAGATCGGGTAG	mir-227	five_prime_utr	True	1
ATGAATCGCACAGTATAGGTACCTCAGGAATGAAAACACGTTCGTGATGC	AAAGTAGACATAATGGCAAGAG	mir-31	five_prime_utr	False	1
ATGATGTGTATAGAAAACCGGGCCATCAGCCTCCACGAGGGACGGGTATG	TACTCCTAGGTATCGGCCCTGG	mir-65	intron	True	1
ATGCATTAGCTGACGTCCATTCTATAATCAGCGGGGGCCGTTGCGATGAG	AGCTCCGTCTTGACGCACGAAG	mir-15	intron	False	1
ATGCCGTCAGCGAACTAGCTCAGGTGGCTCACACATGACCCATGTAGGGA	CATCTAAAAACTTATGCAATGT	mir-103	three_prime_utr	True	1
ATGCTACATACCACCCCACCCTGTTTCGGTAGCAGCTCCTCTCCATCCAC	TCGTGAAAGCTAGCTGGAAGTT	mir-105	three_prime_utr	False	1
ATGGAGGCACATCGGTAGGAGTGAGTGATTATGACCCCTCCGCAGAACTT	AGGGTTTTTGTGTACAGTAAAG	mir-100	five_prime_utr	False	1
ATGGCGGCTTGAGTCTAGCGAAGGAGTATATTGAACGCTGGTGCACGAAG	TAATCTGTATTGCCATCAGGTC	mir-170	five_prime_utr	True	1
ATGGCTGATCACATGTAGTGCCGTTATTCGTTTGCCTATTGCGGTACAGC	ACAGAAACGTTGCATGCGCAAG	mir-252	five_prime_utr	True	1
ATGGGACGGCACCCGGAGTATAACAAAACTAAAGACGATTGGGCGGCGTG	ATAGCTCGCTTTATCCAGTTCT	mir-151	intron	False	1
ATGGTAAACCTTCAGGAGGATTCGGCCACTTATTTCGCAACGCTGTACAA	CGGGGCGAGACTAATGGCTCTA	mir-28	three_prime_utr	False	1
ATGTACGGTACCCTCGTCTCGTATATATTTTGTATTTATTTCAGCGCATC	TTTAGCACAGAGCTAGGATCAT	mir-115	intron	False	1
ATGTCAGGCGCGCGCCATCCCCGTAGAGAGCCTTCAGAGCTGACATCCGC	AAGACAACTCCTGAAAGGACGA	mir-9	exon	False	1
ATGTCTCGAACTAAAGGAGCGCTGAAACGTTAGATGTAGTTCATATTTAG	GTATTATTAAGAAGTCCTCCAG	mir-83	five_prime_utr	False	1
ATGTGGATAGGCCTTATTATCGGAACCTTGCGACTTTTAGTATAAGGAAG	CTCAGGTCGTGCCCATGTGACT	mir-204	exon	True	1
ATGTGGTCTTTTGTCCCGATGTAAATGATTCAGGTTGGATACACGGCTGC	GTATTATTAAGAAGTCCTCCAG	mir-83	three_prime_utr	True	1
ATTAGCCGGCGCTACGACCGTCGGGTGCTTTGGGTCCTGCGGATCGACCA	TTGCCCCCGGTTGGTGCTACCT	mir-233	three_prime_utr	False	1
ATTAGTAATCAAGAAGAACGGGCTACTGGATTTAACTCACAACCTAGCTT	GGTGAGTAAAGATCCTGTCGAG	mir-16	five_prime_utr	False	1
ATTAGTAGCCCTTATCGGATAGTGAAAAGATCTCAATTTAGACCATCATA	ACCTTAGTCTGCTCCCTAATGT	mir-282	intron	True	1
ATTCACAAATGCTTACAATCTATTTCCGTCATAAGCCTCGAGGATTATAG	TGGAAAGTGTCGTGAGTATTAT	mir-108	intron	False	1
ATTCACTGCACAACTTACATTGCCCCATTAGCACAGAGGTAACGGTCGAA	GTGCCGGTATACCCCTACGTCG	mir-125	exon	False	1
ATTCAGCATACGCGGTTGAATATGATCGCTGCAAACACTCGGCATTTCGG	GAATCCTTCTCGCCACAACGCT	mir-269	three_prime_utr	False	1
ATTCATCGGAGTTGGGGGCCACACGCACCGACACCTACAAATAACTATTC	CATAAGACACAGGCCATTATGC	mir-24	five_prime_utr	False	1
ATTCCGCATACCGGTGTCTAGTGCGACCGTCAAATCCGCGGTCTGAATGC	TTGCGCTTGTGAGCCTGGTATG	mir-84	three_prime_utr	True	1
ATTCCTGGTGCTCACCACAATTTCCAACAGCAGGATTAGCACTGGGCTTT	CAACCACAGTAAGTAATCTTAT	mir-86	five_prime_utr	False	1
ATTCTTTCGTTCGTGTTGATCCATCAGCGTGCATCCCCCGTGAAATGACA	TACAGAATAAACGCGGCCTCTG	mir-285	exon	True	1
ATTGATCACTCATATCACGAGGGCTAGGCGCTTAGGAGTCTATGAGGGAA	TACAGAATAAACGCGGCCTCTG	mir-285	three_prime_utr	True	1
ATTGCTCGCACCATTCTTGGTTCTCCCGCAGTATCGTGAGTGTTAAGCTC	AGCACAGGCGAGCCCTCGATAG	mir-243	exon	True	1
ATTGGAGTCGGACAGACAGCTATGAGGCTAAACTAATATGGGTATTTGTA	GACCCTGACAGTTGCCCGTAAA	mir-43	intron	True	1
ATTGGCCGCGGCCGTGGGGGACACGGTTCGGCCATTATTTCGAGCCTAGT	TATACTTAGGCCTATGTTCAAC	mir-225	exon	False	1
ATTGGTGCTCTCTACGTATTGGTGCCAGACGATAGTGGCCACTTTAGTAC	CGTTGTTTCGCAAATGGGAAAG	mir-297	intron	False	1
ATTTAAATTAGATGGTTTTAGTCGTGGTTATGATGTTTCAGACTGATTGA	TACCGACCGATCCCTACCGTCC	mir-144	exon	True	1
ATTTACAATACCTCCCCACTTGGAGACCTAGAACACAGTTCGGGGGGGTT	ATCACTAAGCCAGCTGAGTGTC	mir-50	three_prime_utr	False	1
ATTTAGTCTCGGCTCCCCGTATATCCTGTATGCCTCCCGATCGACACTTC	TACAATAGTTCCTAAATATAGC	mir-244	intron	False	1
ATTTCGCAAAAGGATATTCAGTACGCTTAGCAGAGGCACCACGGTTGTGC	CTGAATCATGGCTCTGAGCGGT	mir-266	exon	False	1
ATTTCGGGCGATTAGGGTTGCGGTGCTTAGTCCTGGCACCCGGCGATATG	GTAAGAGTGGAGGCTAAACTTA	mir-248	five_prime_utr	False	1
ATTTGTCGTACCAAATTTAAGTGGCTCACGAAGGACGACATTATGTTTAA	CGGTTCATTCCAGAATATCGCG	mir-11	three_prime_utr	True	1
ATTTGTGAAAGTGCTTGATTGCTTCATGGCTGGACTCTGGTTGCCTCGGG	CTTCCCGGGACTCAGTGGGCTA	mir-261	intron	True	1
ATTTTACATACTCTGAAATAATAATCTCACCGGTGCATTTCGTGGGAGAA	GAAGAAGACTTCCCATCCTCGC	mir-165	five_prime_utr	True	1
CAAATTGTCTTGTATAAGTACGTCAGGGCCTTTTATTGCGCATGCGTGCC	GGTCAAGTCCGTGCACGCAGAG	mir-59	three_prime_utr	True	1
CAACCCACTTTAGAAGTGAGTGGCATCGAAGGCGTGCGCTCATCCAATCT	GGCCAATTAAATTGTCCCTTGA	mir-181	exon	True	1
CAACTCGCCATATGTCACCTTCGAACGTGTTCCCTCGAACCACGTCCATT	CAGGGCACTGTAGGTCACTACT	mir-289	intron	False	1
CAACTGAGTCTAAAGTCAATCATTGATCAGTGGCGCTCGCCCACATTGGC	TAACACGCACCCACGTAGTATG	mir-284	intron	False	1
CAACTTCCGCCACGTAGGGGCGGGGCGGCCAACGCCCTATAACGCTATCT	GGCCATCAAATTGGCCTGCATG	mir-141	three_prime_utr	False	1
CAAGACCACAGCGTAGCTTATTGATACTAAACTTGAGCATGGTGCGACTT	TCAAGAAACGAAGGAGGCGTTT	mir-135	five_prime_utr	True	1
CAAGAGGGACAACGAAAGTTAAGAGATCACTCAGTCCGAAGGGAATTACC	AAACCAATTACGTGCCAAGTAC	mir-184	intron	True	1
CAAGATATGTCCCCCTCGTCAATCAAAAATCGGCCGGATTGCTGCTACTC	CAGGGCACTGTAGGTCACTACT	mir-289	three_prime_utr	False	1
CAAGATTGAGACGAAAAGTTACGAACAGGCACTCCAATCTGAGATTCATC	CTGCGAATTAATAACGCGCGCC	mir-136	exon	False	1
CAAGCGCGTAGCTTTCGCGGAGTATTCCCCTGCCAAGTAGATGAGGTGAT	GTATAATACACAGTAAAAGTGG	mir-47	three_prime_utr	False	1
CAAGCTTGGGTTCCGCTTAATGGACACAGATGTTGTACGTAGGCTTGCCA	GATGTGGCCGCGACGAATTTAG	mir-179	three_prime_utr	True	1
CAAGTATCGCTATGAGGGGAGGGTGGCTCGCATTAATAAACATATAGGTC	TTTGCTACTGAAAGTGTCCTGT	mir-90	three_prime_utr	False	1
CAATATACTTAGAAGGGGAATATGAGGGTAGAATCTCACCAAGGGAACAG	TCGAAGCAATTACTGAGGGCAC	mir-142	three_prime_utr	True	1
CAATATGACAGAGTAAAGATCCCTACTTATTACACCGGCTGTCAGGGTTC	CATAGTCATCGGAGCCACGTTC	mir-219	exon	False	1
CAATGGATGCCCCCCTTTACCAACGGTGATCTTTTATGGAAGCCTGTGAG	TACCTCAAAGGTGAGTTCGTTT	mir-271	three_prime_utr	False	1
CAATTCGTAGTGTTACGATAGCACTTGCACGATGACCAGGCAGATTTTTT	CTGCGAATTAATAACGCGCGCC	mir-136	three_prime_utr	True	1
CAATTGTCTCTTTACCAGATAATTTCCCCGAGAGACCTCGTTCCTTATTA	GTCTGACTCGTGATTTTGTAGG	mir-19	five_prime_utr	True	1
CACACGGTATAACATGTTTAACGCTTGACCGGGGGACGTGTTAATGGCGA	GTAATATGGGTCGTAGAAACGG	mir-275	intron	True	1
CACATCCGCATCAGATCTTTATCACCCGGTTTGCGTCACTTATGCATCCA	ATACGGATAAGTCCACAGAATT	mir-155	three_prime_utr	False	1
CACCCCTTGCCTGGGGCTTAAATTTGGTATGCCGACGAAGCGTCGTCCAG	ATCCACAACATACCATTCTAAA	mir-10	three_prime_utr	False	1
CACCCGTATTCCTCCATTGTCGTAGAGAGACCAATCCAATTGCAGGGTGT	GTACACGGTCACGTGGCGGACG	mir-49	intron	False	1
CACCTGTGCACGTGGCGATCGTAGGCAATTTATTACCCCGGACAATTATT	GATGGGTTGGTCTAATATCTCC	mir-106	intron	False	1
CACGACCGTCAGTTGTTCGCACCGCCACCATCCGCCCTGACCGAATCGTT	ACGCGCGGCCTGTTTTGTGAGA	mir-192	five_prime_utr	False	1
CACGACGCGAGCTAGCATTACGTAATACCCCATACGGGTGCCGTCGTACG	TCTTTATTAGCCTATCTGGTGG	mir-222	five_prime_utr	True	1
CACGCGTATGACAGAAGCCGTGTTGAGGCACACAATAAACCAGTATCGGC	TCGGAAGCACACCCGTGAGGAT	mir-174	exon	False	1
CACGGCGAAAAAACGGACATACACGCCTCCCTATCTAAAGCTAGCAAAGC	TACCGACCGATCCCTACCGTCC	mir-144	intron	True	1
CACGTGGAACCGCCACATGCAAGTGCTTACCGTGATCGCTGTTCGACGCA	GCAGAACTGAGAGTCAAGCACG	mir-154	intron	False	1
CACTGGGCGGTTTTCGCAGCGATCAAGTGCACTCGGGATTAAACTACGGT	ACTTGTGGTAAGCCATGATCCC	mir-70	exon	True	1
CACTGTAAGGCCAGCGGGGTTGAACCACATGCCATTGCAGGATCAACGCC	CGATTGCTGACCAGTAGTGAAT	mir-14	five_prime_utr	False	1
CACTGTACATAGTCAACACTCGAATCCATTTAGTGAAACAACGGAAACAG	TTCATATGTAGATGGAGAACAC	mir-120	three_prime_utr	False	1
CACTTAATCAGACAAACATCGTTAAAGGGGGTTTAAATCTGCGCTGGGGT	GTATTATTAAGAAGTCCTCCAG	mir-83	three_prime_utr	False	1
CAGCACAGTACATCAATGCCCGGTTTGCGGACTCGTCTTAGTTATAACGA	ACGCGAGTTTTCGGGTCTCTGT	mir-57	five_prime_utr	True	1
CAGCCTTGTGCGTTTAGAATACATTGGGTGGGGCGACTGAGCTGGTCAAT	CGCGGTTGTTCACTCTTCACAT	mir-186	five_prime_utr	True	1
CAGCCTTTCAAGGTGTACTGGAGATGGGTAGATTGCGCTTTTAATCTGAT	GCACGGGCAGATTCGTATCGCG	mir-153	three_prime_utr	True	1
CAGGCAAGACGGAGACAAGTGCTAACATGTTCATACAATGTTATTTGAAA	CTTCCCGGGACTCAGTGGGCTA	mir-261	five_prime_utr	True	1
CAGGGAATGTAGATGTGCAATGCCCAGTTTTGGGTCTATAGCACAAGCGT	CAAGCGTCATCGGGCCACTGTC	mir-187	intron	True	1
CAGTACTCTTCCGCATGCTTTCAAGACGCGACGGGCGTGGGATGCTTGGG	TGTTGACTCTTTGCCTTGTGCT	mir-177	intron	True	1
CAGTCACTATCCCACCTTATTCAACCCCCGGTACGTATACAGGGTCCGTC	ATAATATAGAGAATGAAGGAGC	mir-162	three_prime_utr	False	1
CAGTCAGTTTCCGCTATTCGAATGTGCTCGTAGGATTAGCTCACCAGAAG	GGTCCGTAGTGCCGAAAAACGG	mir-189	three_prime_utr	False	1
CAGTCTATAGGAGCGATTCCTATATCCATGCTACAGACACGCCGAATTCA	ACGGGTCTAGATGATGGTAGTG	mir-258	exon	False	1
CAGTGGATCCCGACAGATAAGATGGCTGACCGGTCGGTTACAGTTCAATC	GAGAAGGTAACAAAGGATCTGG	mir-281	exon	True	1
CAGTGGTCCAGTCCTCAAATGCTGCATCGCCACGATAAAGGGGTACTCTG	AAAAAGGTTCGGTCACTATACC	mir-64	five_prime_utr	True	1
CATACTGTTGCAATTTGGAATAGGGCAATATGGCCTGGTGCTGGTCTGTA	TTCGCGCGTGCACGTCGTACGG	mir-273	exon	True	1
CATACTTCTTTGGATGTCGCTATTTCCTACGAACGACATTTAGTTTACCT	AACTGCAAGCCTGGATTAAGAC	mir-76	three_prime_utr	False	1
CATAGTTACTTGCGCCCGCTCTCTTATCCCCGTATCACCTTCTGAGTTGA	AAGACAACTCCTGAAAGGACGA	mir-9	five_prime_utr	False	1
CATCACACGGCTTTAACGTAGTAGATGCCGACCTATATTACCCGACACAT	CGAGAAATTGACTCCACTCTCC	mir-268	intron	False	1
CATCGCCAGTCAGAAACCCAAATTGCATTTAAATTCGAAAATCGAGTGAA	TTAGGGTGTGATGGGCGCGCCG	mir-178	five_prime_utr	False	1
CATCTCGTTCCTTGGCTAGTCTCTAGATGCAGGCTCTATATACATACGGG	GACACGATGTCACAGATTGCCC	mir-69	intron	True	1
CATGATTGGTGAGCGTGCGGAACTCCGGCATGAACGTCTGAATTACTGCG	ACATCTATATGAAAATCCTTTT	mir-39	exon	False	1
CATGGTACTATGCTCCACCCGGCACGACATGACTCAATATATGATCCCAG	ACATCTATATGAAAATCCTTTT	mir-39	three_prime_utr	False	1
CATGTGCCTCTCTCAGGCGGAGATTAGTTTTACCTTAGTCTTCCTAGTGG	TGGAAAGTGTCGTGAGTATTAT	mir-108	intron	False	1
CATGTTTATGGCTCGGAACCCGATGGGCGATGCGAAATAGGCAAAGTATC	TGGATCACCTGTAAAGGACCGC	mir-195	intron	True	1
CATTAATGGGGTGATCAGCAGGGTCCGAGCCGCTGGGCACTGTACCCTAC	AGTAATGCACGTTACTCAGATT	mir-97	three_prime_utr	False	1
CCAAGATTTAGCGGGGCCGCGTAACGGCAGGATGCTGAGCATATCCTTCT	GTCGTCGAGCTCAGTGTCCAAG	mir-205	exon	False	1
CCAATACGTCGGCCTGATACCATTCCACGTCTTAGACCTGGAATCCCTGG	CCGCCGAGCGTTTCCTTTTACT	mir-290	three_prime_utr	True	1
CCACCGGATCCTTGACATGTTATGCTAGCTAAATGATAGTTGCACCCCCA	GTGCGCCGACGTGATGGCGATA	mir-137	five_prime_utr	True	1
CCACGGATGAAGTTTAACCACCTTAAGACGCGCACCCCGCTCCTTAGGGC	AGAAATTAAGTAAGGGCCTGAA	mir-175	intron	False	1
CCACGGTGGGACCTGGAACGTAGTGCAAACTAGGACTTTTTCCTTAGGGC	GGACATCAGCCGTCTAGTTCGC	mir-129	three_prime_utr	True	1
CCAGAAGCATATCGCAGATCGAAGACAATCGGTCTCCTGTTTTGTTGGGA	GAACCATTCGATGGCTGTCTTA	mir-5	intron	True	1
CCATAAGCCCTCGACAAGCTTAGCCTTACCTTAGCTATGAGGTAGCAGTC	GAACCATTCGATGGCTGTCTTA	mir-5	five_prime_utr	False	1
CCATAATAAAACCGCGCAACAGGAGAAGCGTCTATGCCATTGCGTAAAGA	ACGCGAGTTTTCGGGTCTCTGT	mir-57	exon	True	1
CCATATCCGGAGGCCGAAACACTTTGTAGCAATTCCGGCACCTGAGTAAT	ACTAATGCCTGTCCGGCTCTCT	mir-274	three_prime_utr	False	1
CCATCGGTGGGAGCCTTGGACACAACAAAGCTGCCTCACTGCTAGTCTCA	TAACATATGGTAAAATTAGGAC	mir-213	intron	False	1
CCATCTACTCTGAGGGTTAGTCGGGAAATACTGACAGTCAGTGGAGGTGT	AGCTCCGTTTACGATACACTTA	mir-3	five_prime_utr	False	1
CCATCTATCGGAAAAACAGTTACTCTCTGTAGCTTTTATTCGTCAGGCAG	ATCTAGGACCCTCGGCGACAGA	mir-270	three_prime_utr	False	1
CCATGGAGTTTAAGAAGAATATGCTTCCGCGCACGTCCGTCTCGTTTAAA	ATGATTGGGTGAGACCCCGGAG	mir-198	intron	True	1
CCCCAGTCCTGCTGGCTCGCACTAAGGGCAGCTGCCTTTACGAGAATATT	TAACACGCACCCACGTAGTATG	mir-284	exon	True	1
CCCCCATACCCCAGTCCATTTCCTCAAGAGTACGTCATTTATCGTTGGGT	GAAGAAGACTTCCCATCCTCGC	mir-165	intron	True	1
CCCCTTCCGTGCAGGTGACGTCCCTACTTAAGATGGATGTATATTTCAAG	GTGCGCGTGCACAGGCGATGCT	mir-79	five_prime_utr	True	1
CCCGCCAACCGGTGTAATAGAATCATGTAAACTGAGCAGCGATTCTCAGT	GGTCATAAGTTTCGCTCACGTT	mir-242	three_prime_utr	True	1
CCCGCCGGCGCTTATAAGTGGCGGGATGTGAGCTAGAGCAAGCGTTATGC	GTGCGCGTGCACAGGCGATGCT	mir-79	intron	False	1
CCCGGAAAAATGCCCACCACTGCTACTGTTGAGTGTCCTCACGGTAAGCA	CGGTTATCAACGAGAAAAGTCA	mir-166	intron	False	1
CCCGGGCCTTCAAAAAGACGCCCCGTGCCAAGTCGGAAACATCTCGTGGA	GTAATATGGGTCGTAGAAACGG	mir-275	exon	False	1
CCCGGGGTTTCGATCTGGATGATTTCCCGACACGCTTGCTAGGTGCACCT	TACATCGAGTTAAATAGAGACT	mir-82	five_prime_utr	False	1
CCCGTTCCTGCGCCTTCAGCGCGAGGGAGTCACAATGTAACCCCGTAAGC	ATGGAAGCCACATTGGACAGCC	mir-123	exon	False	1
CCCTCCACCTATTGGCACTGCGATAACGCACTCTATGGAAAGAATGAGCG	CGCCGTAAGGAGATATATCTCA	mir-107	exon	True	1
CCCTCTTCAAACTAGATCCATTGCTGCATGCTTATACTCGTACACGAGGG	CGCTAGGTACTGAACCTTGTAA	mir-85	three_prime_utr	True	1
CCCTGCTGAGGATCAATAGCTAATGTCGCTAAACGTCCTAATTCCTTAGA	TGATAACTATTTCTAGCAACCG	mir-143	intron	False	1
CCGACGCCGTTCGAAGGCGACCAACTTTGAAAAACCACAGCTCCGGGACT	GTCCAAGGGGAATGGAGCGACT	mir-127	five_prime_utr	True	1
CCGACTCCTCCGACGGTTTGCTACATTCGGGCGGTGGAAATATGCGACTA	GGCCATCAAATTGGCCTGCATG	mir-141	intron	True	1
CCGAGCGCGCGTGATATAGATGTTATGCCTCCGCCTATGAAGCTGATACC	CTGAATCATGGCTCTGAGCGGT	mir-266	five_prime_utr	True	1
CCGCAACTACCCCAAGAGGAAATGATCTTATCTCATCTCCCTGTGGACAC	AGGTCAATTTGACTACTCGCAG	mir-210	exon	True	1
CCGCAATTGATCAGTTATATTTAACCGCCGTTCAACAGGTTCCGTTAGTC	AATAAAAGTAATACCGAGTCCT	mir-74	exon	False	1
CCGCACAGCCGACGAATATGAAGGATCTATGGATCTCGAATGTCATTGCG	TAACATATGGTAAAATTAGGAC	mir-213	five_prime_utr	False	1
CCGCACGAGTAGATCAGTAAGAATATTTTACCCTCCTTACACTAGTGCCG	AATGTTAGACAACCATAAGTGA	mir-256	intron	True	1
CCGCATCCGCTGGTACGGTCCACTCTCACCTCGAAGGTACCTGCGGCTAT	GTGGACTCTCTGAGACTTTTAG	mir-32	three_prime_utr	False	1
CCGCATTTACTACATTAAGGTGTCTCGCACAACTAGGGTAAATGGTTTAA	TGATAAAATGTTGCCCATAGGT	mir-296	exon	False	1
CCGCGCTGACCCGTGCTACTGCACAGCTTTAGTTTACACAGATTTCGGTA	CAGAACGGCACACACCACCCTT	mir-54	five_prime_utr	True	1
CCGGCAACCTCGGAATCGCTCAGGACCATGAGCTTGGTCGTCGTCGTGTG	CGCTTCTGATCGCCTATTTCGG	mir-264	intron	True	1
CCGGCGCCAGTGGGTTTAGTTCTTTTTTCAAGGCGAATCAGTAGTGTAGC	ACTAGGCAGCCCTGCCGGGGCC	mir-196	intron	False	1
CCGGGACGTTGATAGTATACCCTGATGATGTAAGATCGTCGGTAGATGGC	AGAACCTTGCACAGCGCCGTAA	mir-215	three_prime_utr	False	1
CCGGGATATCGACAATGACTCCTGCCATTAGCAGGTGTCTAATAGGGAGT	TAATCTGTATTGCCATCAGGTC	mir-170	five_prime_utr	False	1
CCGGGCCATAACGAATGAATGGCGATAGTTTTTGTAGTATAGGTGCAGCA	TGAGTCATACATGCTACCCATT	mir-45	five_prime_utr	False	1
CCGGGGACTCAAAACGGTTGGTAGCTTCCAGTGTGGATCCCCTGCTGTCG	CAGGGCTACCCGCTGGGCAACG	mir-211	intron	False	1
CCGGTGGCCACAACGCTCGGATGAAGGGGAGCTATCAGTAGCCCTGTTAC	GGTCAAGTCCGTGCACGCAGAG	mir-59	five_prime_utr	True	1
CCGTAAAAAGCCTAGTCGGAGGGATAGGTGCTCCCAGACCAATCAAGATG	CAAGCGTCATCGGGCCACTGTC	mir-187	intron	True	1
CCGTTAGGCGGGTACACTCATCTATCTACGCGAGCTGGTTGTGGACCTCC	TGGAGCAGTTCCCCTCAGCAGC	mir-206	five_prime_utr	False	1
CCGTTGCCTCGTGTTCCACCCACGTGCCCTATACCTCCGACACGTCAATT	GCCTTGCGGATTTGCGGATTCT	mir-26	exon	False	1
CCGTTTCAGTGATCTCCGAGTCCAGACTACTAGTACTGGTTCATGTGGCC	GGCGATTACGGCAGTGTCCCTT	mir-116	intron	False	1
CCTAAGACCCCATCACCATGCGTTTAGTAGGCCCCAGATCCCTCTGAGTA	TGTTCTTTCACGCGCCTGCACA	mir-111	five_prime_utr	False	1
CCTAAGGGGATTGACAATAACATAGTGCAACACCGAGCGCACCTAAGACA	AACTGCAAGCCTGGATTAAGAC	mir-76	exon	True	1
CCTAATGCGGCGGTGTACGCACGACTGCATGTAGCCTATGAGGAGATGAT	AATGCTGTAGCTAGTTGCTACC	mir-12	exon	False	1
CCTACATCATCTTTGAATTCCTAGCCGAAATAATCGTGGATGCTCTCGAC	ACATCTATATGAAAATCCTTTT	mir-39	five_prime_utr	True	1
CCTACCAGTAGCATCCTTCCACAAGAGTATGGTGCTGCACTCCCATTGTA	GAGGCAAAAGCACACTGGCGTT	mir-34	five_prime_utr	True	1
CCTCCCCCTCTTCTTTTTGTAACTAGTGCCGCTATCGTAAGACTTTTAGG	ACGCGAGTTTTCGGGTCTCTGT	mir-57	exon	True	1
CCTCCGTTATGTACGCACAGGAAACCCTTCTACTTCGGAATTACGACCTT	TGTACAGATCTCTGTGTTTAAA	mir-53	exon	False	1
CCTGATTTGGACTTGTCGTGTTATGCGTCAATAGAGCGAAGTCACCTGTT	TGTTGACTCTTTGCCTTGTGCT	mir-177	three_prime_utr	False	1
CCTGGGAAGACCTCCCGTAAAATCTGATACAGCTCACAGGTAAACAGGTC	CTACCATGGGACTAGGATCTCT	mir-55	five_prime_utr	False	1
CCTTAAGGCGCAGGGCGGCGGAATGCTATGCCAGAGTTGAGGATATACAA	TGAGTCATACATGCTACCCATT	mir-45	five_prime_utr	True	1
CCTTAATACATGGAGAGAGAGCCCGGCAATAAAAGGTCTTTCGGATCAGT	AAATCTGTATTAATATACACTT	mir-160	exon	True	1
CCTTGGACTTGTCATTGATAATTGTGTACTTGCCGGAGTAGATAGTGTCG	CATACCATCAGCAGCGCGTTAC	mir-78	three_prime_utr	False	1
CCTTTATTTCCCGTTCTGTTATGGGAGCCTCGCGCCTTATGTTTTGGTAT	TTGCGCTTGTGAGCCTGGTATG	mir-84	intron	False	1
CGAACAAGGTATACTGCCGACATTCACACACAACACCATTACCTAGTGAT	CATCCTAGCCTCATGCTTAACA	mir-77	five_prime_utr	False	1
CGAAGACGGCAACTCTCTCTCCAGCTGTAACGTTTGGGCGAAGGATTCCC	AGACCAAGTGCGGGAGCGGAGG	mir-21	three_prime_utr	True	1
CGAAGCGAGACTTTTGCGCCGTCAAGACCCTTGGCCCCTATGCAAGACAC	TGATCAAGTGTGATCAGCTTGA	mir-164	intron	True	1
CGAAGGCGGACCCCATCAAGGCGCGCAAAGGGGACGGAGTTAGCTATGGG	GTACACGGTCACGTGGCGGACG	mir-49	five_prime_utr	False	1
CGAAGTTGAGGGTCCTAGGGACCTGAAGAAGTTACAAGGTACACAGATCC	GAGGAACGGTCGTAGCGGGAGC	mir-201	exon	False	1
CGACCACGTTTTAGAGAGTCCGGTTACGCGTGTTCATGATCGGATCCGGG	CGCATCTAGACTTATAGTAGTG	mir-33	five_prime_utr	True	1
CGACGCAATGAGATAACACTAGATAGAGTGCACAAGGGAACATGCTTATG	AATGAACCTTCTCTACTTTAGC	mir-4	five_prime_utr	True	1
CGACGGGTCAACTAGCCGCCCAGGAACGTGCCGATGGGGAATGCGAAATT	CGCCGTAAGGAGATATATCTCA	mir-107	exon	True	1
CGACTCAGTATCGAATTGAATGTCCTACATCGTATTCCTGGTACAGGTCC	TTAACTCATGTCCGTTGCCTAT	mir-255	three_prime_utr	False	1
CGAGATCGATACCAATCAGAGGCACAGCTAAGCGCCGATACTAACGACGG	TTAAGTTAACCCAAATACCTTC	mir-112	intron	False	1
CGAGCTAAATCAAGGCACTGCAAGCCTGCTGTCCCCATCGCGCATCCATG	CTACCATGGGACTAGGATCTCT	mir-55	three_prime_utr	True	1
CGAGCTAATAAATTGCTGGGAGAGGGTGAAAACAATTCAACCAGTGCACT	GCCCGGCCGGTCACCCCTGGAC	mir-238	exon	True	1
CGAGGGTCATACCACCAATCTCCACTCGCGCGGAGATTCTCATGGTGCCG	AGCAAGCACCCGGTAGCCCGTG	mir-159	five_prime_utr	False	1
CGAGGGTGCCCAACATCTTCACTTCAGGTGAGAGAAAGTCCGCAAAATAA	ACAGAAACGTTGCATGCGCAAG	mir-252	three_prime_utr	False	1
CGATTCACGCCCGCCGCGGGTAGCCAGATGTTGGCTGCCCTGGAGCTTGA	ACCAGTCGGACACAGTAAAAAA	mir-292	intron	True	1
CGCACACTTCTTCCCGTGTGCGGTCAGCACAGACCATATCCTGGCTATTC	ACATCTATATGAAAATCCTTTT	mir-39	intron	True	1
CGCACACTTTCCCAACAAAACGCCCTGCGGCGCCGCGGATGAGGTGGCTC	CGGTTCATTCCAGAATATCGCG	mir-11	three_prime_utr	False	1
CGCACGGTCGCTAGCCCGCGGCTGCATGTAGTTACTCGATGGACAAAGAT	ACCATCATGAACCCCAAAGAAG	mir-158	intron	False	1
CGCAGGCTAGGAGTAGCTTCACTGAAACAGTCTGTGAAGAATACGAAACG	TAGTACGGAACGAAACGAATCG	mir-35	three_prime_utr	True	1
CGCAGTCGATGGTCATCACGAGGGTATCAACAACTGCTGTCCCCCTCCAC	GGTCATAAGTTTCGCTCACGTT	mir-242	three_prime_utr	True	1
CGCATGAGCGCTTCCTTTCGTTTGAAGACATAAATCCGCCTGACTGGGAC	CAACCATCCAGATCCGCTAACT	mir-246	exon	False	1
CGCATTCACGTGCTCTGATTGTCATAAAACCTGTGTAATAAGCACAGTCC	CTACCATGGGACTAGGATCTCT	mir-55	exon	False	1
CGCATTGGGAGCCGGGATCGATCCGTGATCGAGGTATTGTATGGTAAGAC	GCCCGGCCGGTCACCCCTGGAC	mir-238	five_prime_utr	False	1
CGCCAAGCCCACAACCCCTAAATTCCGCTAAATCACGTAAGGTGTTCGCA	GCTGGTGTGTAACTAATGTTTC	mir-138	five_prime_utr	True	1
CGCCCTCTTATAAAAATGGTTAAGAATCCATGCCCTTAAGGAGTGGTAAG	AAGTCGTAATTCGGGGACCGAG	mir-176	intron	False	1
CGCCGCCCGACGGGTGTTCTCAGATCCCACACGTACAGCTTTAGATCTAG	GCCAGCTAAGATGACCCTGCGT	mir-221	exon	False	1
CGCCTAACCACTAGCGTGCCACGGTCGTTTTTCCGGAGCGTACCAGCCGG	ACTTGTGGTAAGCCATGATCCC	mir-70	intron	False	1
CGCGTCGGACATAAGTCTCCGATTTAAGAAGCCGTCTGATCTGCCGTACT	GAGACTGTCGCTTGAGAGTCCA	mir-62	five_prime_utr	False	1
CGCTCGGCAAAAAGACATCATGAGCGAGCACTATAGCCCCAATTGATTAC	TGGTATATCCAACTTGTATTTC	mir-37	exon	False	1
CGCTCGGTGCCTCTACTTTGTACTGGTTTGGGCTTTCCGGCTCATGCCCA	AAGTCGTAATTCGGGGACCGAG	mir-176	five_prime_utr	False	1
CGGAAACCTCCTAAATCAACACACAGCGTCTTGTGACTTGCTAACAGACT	AGCTCCGTTTACGATACACTTA	mir-3	three_prime_utr	True	1
CGGAACCAGTAGCCGCAGCGGATCTAGTAAATGGGCCTGAGCGGCATATT	TTTCGGTAGACGAGCATGCCGT	mir-101	five_prime_utr	True	1
CGGACACTGGGGTGGAGCAAGGCTTGATGTCCACAGGCCCCCCCACCTGA	AATGTTAGACAACCATAAGTGA	mir-256	five_prime_utr	False	1
CGGATGGCCGGCCTGCCGCAGGTGGCACGTAGTGCTTCGGTCATTGGCCA	AGATAGCAAGTAATTCGTCGAT	mir-145	exon	True	1
CGGCGATCGGCGATATATTCTTCTAGAAGGCGACAACGGAGATTCCATAC	GGTCTTGTGAGAAGATCCAAGC	mir-276	exon	True	1
CGGCGCCAATGAGGGTCACTACACATCGCCGATATTATTGCAAGACCAAT	CTACAGAAGTCCCCAGATGGTC	mir-202	intron	True	1
CGGCGGTACTGCGGTCCCGGTCCGTTAGACAGAGTCTTTGCTGCGGGCCC	GAAGCTTTGTGCAGGGAGTAGC	mir-18	five_prime_utr	False	1
CGGCGTAGCCGAGGGTCTCTCTATAGCAGAACAGTGTAATGTAGCTGTGA	TCCGCTATGTAGACAACCCTGC	mir-191	five_prime_utr	True	1
CGGCGTGTACCAAAACGGCAGTATACGTCAGCACCGTCCCAGTCTGTATG	ATCGGTAAGCGTTCACGGACAG	mir-102	exon	True	1
CGGGCCTTATTTATACGGGCCAACCCGCTTAGCTCTTACATGAGATTGAG	GGCCCGGTTGGAGGCAATCAAG	mir-212	five_prime_utr	True	1
CGGGGCTGTTTACGAACGAGCTTCTTGAGCTTTATGTGCAATGGTTTGGT	GTAAGAGTGGAGGCTAAACTTA	mir-248	five_prime_utr	True	1
CGGGGGGCGGTAGTATACTAGCCAATCGTAGCCGGCAGAACGAGGAAGAC	TAACATATGGTAAAATTAGGAC	mir-213	five_prime_utr	True	1
CGGGTCTGTTGCCTAAAACGAATAGAATGGCATGAGCCAGGTAACGAGAG	CGTTGTTTCGCAAATGGGAAAG	mir-297	intron	True	1
CGGTAAAAAAGACCAAGAAATCAATCTGAGGTATTGAAGGCTGCCTACAT	TCGGCTGCCCGTACACCCTACC	mir-167	five_prime_utr	True	1
CGGTACGCCATCGAAAAAAGTCGGGGGTCTTGGCCATAGTCACAGCCACA	ACGCGAGTTTTCGGGTCTCTGT	mir-57	five_prime_utr	True	1
CGGTGATCGACCTTATTGTCGGCAAATAGGTCATATCAGGCTGTTACGAA	AATTCAATTGTGTGATTTTGTA	mir-232	five_prime_utr	False	1
CGGTTAACATCCAGAGGAGTCAACATTACTGGACATAATAGCCTATTGGG	AATCATTTACGACGTGGTTTGG	mir-36	three_prime_utr	True	1
CGTATAGTTGAGAACGGACACAATAGATGTAAACTGCCATCTAGGCGCGT	GTCTGACTCGTGATTTTGTAGG	mir-19	three_prime_utr	False	1
CGTATGTCCCTAGACAGGACATGAGGATGTAATCTGAGCAGCGTCTCTTC	TGTTCTTTCACGCGCCTGCACA	mir-111	intron	False	1
CGTCAAGGCATGGAGTTGTTCGAGCGGTTACACATCGAGGGAGGATGCTT	TGCATTGGCCCGGCAAGATGGT	mir-66	intron	False	1
CGTCCCTTTTGACAGTTGTGGCTTCGGGCGCCGATCTGATCACGTGGGGG	GCTGGTGTGTAACTAATGTTTC	mir-138	intron	True	1
CGTCCTCCCGTAATAGTGACACACTGGACCTCTTTCCACTGTGGGTCTAA	TACAAGCATGGACGGGTGGCCG	mir-25	intron	True	1
CGTCGCCGCCGGAATGACTATCGTATGATTCGCTCTTAGCATAAAAATTT	GATGTGGCCGCGACGAATTTAG	mir-179	exon	False	1
CGTCGCTCGCGATTGGAAATATCTGGCTTCTTATCACAACTGCCCTTACT	GAAGCTTTGTGCAGGGAGTAGC	mir-18	exon	True	1
CGTCTCTGGATTGAAGTTCCAGGCCTTAACTTCACTGAGAATACCTTTAT	GAACTGAACGCTACTCGTGTAG	mir-190	five_prime_utr	False	1
CGTTAATGCTAATCATATTCGGCAGTGATAGATGCCTAATTATGGATCGT	AGGGTTTTTGTGTACAGTAAAG	mir-100	exon	True	1
CTAAAGGGCCTAGTTTTCTGGACAACTAACCGGAAGTCCGGATTGATGCA	CCTATCAGCGGTTTCATAGCGA	mir-140	five_prime_utr	True	1
CTAAATATCCAACATTGATGGATAAGAGGGCGGTGTGTGGCGCAGGAGAG	ACCCTAACTATCAACGCCTGAA	mir-131	intron	True	1
CTAAGGAGTTTTATGTTGATCCGATGCCCTATAGTGCGGGACAAGCTCAA	TGGAGCCTTGTACCCACGTGAC	mir-234	intron	True	1
CTAATAAGCCCGAAGGGTTCCGTGCATGTTCTTATGTCCTTGACTTAGCT	TCTAAGATCCCGTCTATTCGCT	mir-223	five_prime_utr	False	1
CTACCATCGGAAAGCTTACGAACCCAGGTACCATGCTCCAGGAAATTCTA	TGCGTCACGTGCGGCCTTCGCT	mir-22	five_prime_utr	False	1
CTACCCGTTCACTGCCCCCCCATAGGTGTTGATCATTATGACAGAAATGT	CGGTTATCAACGAGAAAAGTCA	mir-166	five_prime_utr	False	1
CTACCGTAACCTATTTGACAACGCTCACCTGACGTTACTGTTCCCCCACA	AAGTCGTAATTCGGGGACCGAG	mir-176	exon	True	1
CTACCTACTTTATGCGAGTCCGTCTCGCCGAGCAAGTCCTATGAATCATA	CTGCGAATTAATAACGCGCGCC	mir-136	five_prime_utr	True	1
CTACGAAGCAGCTGGCTCAGTGCACGCCCAGTGTTTTAGCTTGGCGCTAT	GAATAGCAATGGAAGCACGCCG	mir-214	exon	True	1
CTAGCCTCGACGCAGCCCGTAACGATCACACGCATAGGAATTGAACCCTT	TAGCCTCGACTGCAACGCTGGC	mir-17	three_prime_utr	False	1
CTAGGCATCGGATATAGACCATAAAGCTTGCTTGCTCGGCGACCTGCATC	GAAGCTTTGTGCAGGGAGTAGC	mir-18	five_prime_utr	True	1
CTAGTGCCTAGTGCTCGCTCCCACCTCTGGCTGTAGGCCTGCTCCGGTCT	TCTTTATTAGCCTATCTGGTGG	mir-222	exon	True	1
CTATAGGCACTAGACGGTAACACAAGGGCTTCTCCTCCGATATTGTCGTT	ATCGCTCTTAGCAAGTCGTGGA	mir-23	five_prime_utr	True	1
CTATAGGTCCTTGCTCATTTGTATGCCGTCATGGATCCAACTAGGAGGCC	GGTCTTGATCGGCAGGACGGCA	mir-163	intron	False	1
CTATATCTGTTATGCTCAACGTGAACAGTTCACATATATGCCTTCCCTTC	TGGATCACCTGTAAAGGACCGC	mir-195	intron	True	1
CTATCATGGACCTCCGATCTTGTGTACATCTAGCGTATGCGCTGGACTTT	TACAGAATAAACGCGGCCTCTG	mir-285	five_prime_utr	True	1
CTATCCCGAACCACCATAAGTTGAAACGGAATCTCCTCAGTTGATCCTTA	TTTAGCACAGAGCTAGGATCAT	mir-115	exon	True	1
CTATCCGGTAGGCCCTTCCCGATACCTACATTCCTTAATAGATACGCGCC	TGTCCGGTACTCCACATGGTGG	mir-104	intron	False	1
CTATGCGACTCTCTCCCGCTTCCTGGGTGCTAGTTATCCGTTCAGCAAAC	GGAACTCCCCTTACGGCCGAAC	mir-38	exon	False	1
CTATTAGGTAAGAATGCAGCGCACGACTTTCACGTGATCATGAGTGTCAG	AACTGCAAGCCTGGATTAAGAC	mir-76	exon	True	1
CTCACTACATGTTATGAATGATCGTTCTACCGGATTGTTATAATACATCT	GGGATCATTTATCAGTGGACAT	mir-29	exon	True	1
CTCAGTGGCCCTGTGAGTTAATAGTTAGTGATCGGGCCCCGGTCATCTGA	AAGAGTAGAATTAGTAAGGATC	mir-230	three_prime_utr	False	1
CTCATTCCTGGCCCGTCTTTTATTGCCGTCAATGAGTGTCACATCTAATC	ACTCCATCTCAAGCCCTCACAT	mir-44	exon	True	1
CTCCAGGAACGTACGACCACCCTGAGGAGCTTAGTCAACAAGCATATTTA	ACTAAAGGACCCTTTACTAGAA	mir-92	five_prime_utr	True	1
CTCCGATTAATCCACATCACGGACTGAGACTATTAGGTGTCGTCTCACGC	ATAATATAGAGAATGAAGGAGC	mir-162	intron	False	1
CTCCGTTCACAACCGTTGCTGAGATGACCCTGGAGCAATGACTGTACCCC	TTTAGTTATGTAGTGCTGCTAT	mir-291	exon	True	1
CTCGATCACGGCATACTTGTGTAGGTAACGAATAGGCTCACAAATCCACA	TACCGACCGATCCCTACCGTCC	mir-144	five_prime_utr	False	1
CTCGCCACGGGACAAGCTAGAGATATTTGCCTGCTCAACTTAGTCAGCCT	ATCGCTCTTAGCAAGTCGTGGA	mir-23	exon	False	1
CTCGCGCTTCACAAACGTCGGTTCAACTAAGTATCACTATGTATAATGTA	TAAGTCATGCAAGAGGCAAGAC	mir-298	five_prime_utr	True	1
CTCGGCCCATTCCTAGGCTGCTTGCTATCTCGCAGTTGTCGGACATATCT	ACTCCATCTCAAGCCCTCACAT	mir-44	three_prime_utr	True	1
CTCGGGTCTAATTCTTTAAATCTTGTTCGGCATTGAGGCACAATGCGATG	CCGCTGATATCCTTGAACGGTC	mir-286	exon	False	1
CTCGTATGATAGCCCCGTCTAAAGTCTATACTACTAGAAGCCTTTGGACG	GAGGGTCACCGAGAAAGCTGTA	mir-156	exon	True	1
CTCGTCCAGGTTGTAAGTCGGGATGCTATGTGTGGCAAGGGTTTAATATT	GACCCCTTACATGCCTCCGCCA	mir-229	five_prime_utr	False	1
CTCTAATTTGGTCTCACTTACTCGAAATCTCGAGATAGGACATCGGTTCC	TAGTCAGGGAAACTACAACAAC	mir-99	five_prime_utr	True	1
CTCTCAGCCTCGTATGAACCATCAAGTCCTACTTCATAATCATGCACGGC	TGGAGCAGTTCCCCTCAGCAGC	mir-206	exon	True	1
CTCTGATTAATCGAGCTTGATTTGCAAATCAGGACACGGTGATGACGCAC	GACCCCTTACATGCCTCCGCCA	mir-229	intron	False	1
CTGACAATCCAGAGTTCTTGAGAGCAATTTGTATTGGCCCAGACCGCCGT	TCCGCTATGTAGACAACCCTGC	mir-191	five_prime_utr	False	1
CTGAGAGTTGCAGAGTTGTGGTGCTACAAGTCATACTGTGCATTGCGGAG	CATCCTAGCCTCATGCTTAACA	mir-77	five_prime_utr	True	1
CTGCACCGCCATAACCCCAATATACGATCTGGCGAGCTCTAGCAAACTAA	CTGAGGGTTCTCCAAGCGGATA	mir-168	exon	True	1
CTGCAGACTCGCAGTAAACAAAATGCTCTAATCTCCCAGGGCAGAGCTGT	TTCAGCGGAACATGCACAGAAC	mir-193	exon	True	1
CTGCCATTTGCAATCTGTGATCCGCTCTACCCCCCACCCAAGTTCTCATT	GGTGAGCTGGTTTGACTATTTG	mir-46	five_prime_utr	True	1
CTGGTATGCCCCCTTGCTGAACACATTGGAAGCTATTCTACTACCGCTAA	CTGAATCATGGCTCTGAGCGGT	mir-266	five_prime_utr	True	1
CTGTAAAAGTCTGATTTATTTATGAATTAACGGTACTCTAGCCCATAGGT	TCAACCGCCAGTAATCCTTTCC	mir-58	exon	True	1
CTGTACTAAGAGCGCTACCTGTCAAAGGGTATCAGAACAACCGTATTGTC	AATTGCGACAACAGAGTGATGC	mir-48	exon	False	1
CTGTCCTCGAGCGCGAGGGGGCCCACAGACGTTCATATGATCCGGTCACA	TCGGGTCAGCCCTTCGTTTTAG	mir-63	intron	True	1
CTGTCTGACCCGGTGTTATAATATAGACCAGTGTTACCCTGGGGTCTCAT	CATACCATCAGCAGCGCGTTAC	mir-78	three_prime_utr	True	1
CTGTGTGTTCCTATCACTTGAGGATAGCGCGGCGAAGGAGATCCGCACTT	CGGGAGTGGCTGTATTCAGGCC	mir-157	five_prime_utr	True	1
CTTACCTCGCACGATCTTCTCGCCCATAGGCAGTCTTACCGCAGATATAG	AGAGGGGGGAGGCCTTCGTGAT	mir-60	three_prime_utr	False	1
CTTACGGAGGTGCTATCGCACCTTGCAGGGGCATACATATCCTGGACGAC	CGAGCGCCTAAGTTCGTCTTAG	mir-1	intron	True	1
CTTATTAAAAAAGAGGACCCGCATGGCGCATTCGCCCAAACGAACCGCAC	GGTCTTGTGAGAAGATCCAAGC	mir-276	three_prime_utr	False	1
CTTCGGCGGTGATGGTAAGGTGACTACGTAACACCGTCCCGGGGTCGCTA	CTTGTGGGTGGGGACGGCCTCT	mir-247	five_prime_utr	False	1
CTTCTACTACCTTAGGTGGATAGCCCTCATTATGACGACTTAACAATGGC	ATACGGATAAGTCCACAGAATT	mir-155	three_prime_utr	False	1
CTTCTCATTATTATTCGGCTACGCAGTGTAGTGCTAAACGAAACACGGAC	ACAAACAGACCGATGGGAGGCT	mir-263	exon	False	1
CTTCTCGCATGTCAGGCCCGCCTAAAGCCCTTCTGCTGCTAGGGCTCAGG	TGGCATCGGGGTGGCCTCAAAC	mir-295	intron	False	1
CTTCTGCTTGGTCGCAATCGAAAGTTAAGGCACATACACAGCTTGGGCTA	TTTGCTACTGAAAGTGTCCTGT	mir-90	three_prime_utr	False	1
CTTGAAAGGATACCGACTATAAACTTGAGCTGCCACCACCGCGGTCAAGC	CGGACCAATAAACCTTGGTATA	mir-7	three_prime_utr	False	1
CTTGCTCACGAGGGTAATGTACACACGCCGCCTTAGTAATACGTCACGCG	TAAGACCTACGGAGGGGCGCCA	mir-226	exon	True	1
CTTGGCCCAAATGGCCATCCTAAAGTGTCGACGTCTAAGCAAACGGCGGG	CATAGCGGCCGCTCCCAGCCCA	mir-117	five_prime_utr	True	1
CTTGTCAATCTCGACCAACTAGTTGGGCCCGGTTGACTTTAAACTAAGCA	AGGAGGGTAACAGGAACCGCCA	mir-27	three_prime_utr	False	1
CTTTACTTCTATAGCTCGACCTTACTTGTTTCGAACTCGCCGGGGCAACG	GTATAATACACAGTAAAAGTGG	mir-47	exon	True	1
CTTTGAAATCGTCTCCTGCAAGTCTCAGGACCCTGTGACTTACCGCAAGG	TGGAAAGTGTCGTGAGTATTAT	mir-108	five_prime_utr	True	1
CTTTGAGTTCGGGTTAGGTAGTATCTACTGAAGGGTACGCTCGTCGACTT	CCTGGCAGCACTTCGACCGCTG	mir-240	intron	False	1
GAAACCTCCGTGAAATTCCTCGACGGGATCTGAGGACTGGTATCATGACA	CAGTGGCCGCCATCGACAGACC	mir-40	exon	True	1
GAAACCTCTGGCTTCTTAACGTCTGGGCAGCTAGGCCAGGTTTTAACTCA	GGTAAGTCACGTATGAATGTTT	mir-185	three_prime_utr	True	1
GAAACTGGTTACTATGCCAAAAGCGTTATAGATGCGGCAATTCGATCCAA	AATCATTTACGACGTGGTTTGG	mir-36	five_prime_utr	True	1
GAAAGCGTGACGTACGCCGGCCGGGGATCCATTCGGTCGCTAAGAGTTAG	CTACAGAAGTCCCCAGATGGTC	mir-202	intron	False	1
GAACCGTAGTTTCCCATATTCTACAAGGCACGGCTTCTACAGTTCACGCG	GGCCAATTAAATTGTCCCTTGA	mir-181	intron	True	1
GAACCTCCAAATATGAGGTCGGTAACTTGATAGTGTCGATTGGGGATTGA	ATCACTAAGCCAGCTGAGTGTC	mir-50	five_prime_utr	False	1
GAACGTGCCCACAGGGATCGGATACAATCAAAAATCAATTTTTGCCGATC	TTGACCGTTACGACTGCTAATC	mir-228	exon	True	1
GAAGAGAGATCAAATGCTTGACAGTTCCCCATCATCCATGATTAAGTCGC	AACTGCAAGCCTGGATTAAGAC	mir-76	intron	True	1
GAAGCGAGTTCTCGAAAGTCGCACCAGTGGCATCTAACGTTTCCATTCCT	GGGATCATTTATCAGTGGACAT	mir-29	five_prime_utr	True	1
GAAGGCGACTGATGCATGTTGTTAGCACGGAGCATAATTATCTTGCGGTC	TAATCGCTTAATTGTAAAACGC	mir-88	three_prime_utr	True	1
GAAGTCAAACTTGCCCCGCTAAGTTATGGCAGGCAGCGTGAAGCCGTACT	GGCCCAGGCAGAACTGAGGTAC	mir-51	exon	True	1
GAAGTTTTTCAATGACAGTGACGACCGGCGCAAGATCGCACGTGGGACTA	ACAATTAGAGTCTCAGAGTTCA	mir-72	exon	True	1
GAATAACTCATCAATGATCATGAGGCACTACACTCCCAGTTTCCATGGAC	CAGTGGCCGCCATCGACAGACC	mir-40	three_prime_utr	True	1
GAATCTGGTACGTCCCGCTACCCTAGAAGTAAGCACTACGCAAACATGTA	AAAACTAAGACCACCTTCTACC	mir-20	five_prime_utr	True	1
GAATTCAATCACTCTAGAAGTTCCCCTACCAGAAGGCCCCAACTTCCTCA	TGGATCACCTGTAAAGGACCGC	mir-195	exon	False	1
GAATTGCAAGGTCGCTGATATATTAGACCCATGGAAGGCTTAAGGAGGCT	CCGCTGATATCCTTGAACGGTC	mir-286	exon	True	1
GAATTTACGGTCGTTAACGCGGGTTATACTAATCACCACTTGTCGGCGAC	AATAAAAGTAATACCGAGTCCT	mir-74	five_prime_utr	False	1
GACAAAGGGGGAATAACGGGCCAAACGGATAGCCTCTGAAAGAGGAGGTT	TGGTAAATAGCGTGCCAACCCC	mir-169	exon	False	1
GACAGAACGTGGGGTATGCCATCTCCGTATTATCACTTCGGACTGGGGGA	CGAAATTCGTCCGTCAGACGAT	mir-52	exon	False	1
GACCCCACAGCACAACGGAAGAATGGCGGAACACGACCGCACCAGTGACC	GAGACATTCGGAGACTTCACCA	mir-87	intron	False	1
GACCCCTATGCTACAAACACCAGACCCTTTCGTCACAGTCCAGCGAACTA	GTTGCCAAGTGCATGTGCGAAG	mir-56	exon	True	1
GACCCGGGTAGTTGCGACTGCTTCACCGCGGTAGAACGGGTGGCTGAGTT	CTTATCGGGCTGCGTGGGGTAA	mir-94	five_prime_utr	True	1
GACCGGCACGCATTCAAAAGTTGGGTGAAAACGAGCGTAGCAAACGGACG	ATGATTGGGTGAGACCCCGGAG	mir-198	intron	False	1
GACCGGGTCTTCCCCACATTCGTGTGGTCGGTCGAGAAGCCCGGGTCCAA	CATCTAAAAACTTATGCAATGT	mir-103	exon	True	1
GACCGTCATGACCGTTACCGCAGCATTAGAATGGACGTTCAACCGAGCTT	AAAGGTGTCCTACGGTGACTTC	mir-254	intron	True	1
GACCGTCCATGAATACTTTGTGCAAAGATACGTGATGAAAACCTCGGAAT	GGTGAGCTACCTACCATTTTAT	mir-259	three_prime_utr	True	1
GACCGTGCGCGAGTTGCCGCATACGCCGCCATTATCCCTCGTGCCACGTA	AAAGGGGGAGAGAGATGCCGAC	mir-161	intron	False	1
GACCTCAATAAAACGTCCAAAGATCATACATCGCACCACGTTATCGATGC	TTGCCCCCGGTTGGTGCTACCT	mir-233	intron	True	1
GACCTTGTCGAGGACGGTGGGTGAGCGTTGTTTTCATAGCCGTCTACGTT	AATCATTTACGACGTGGTTTGG	mir-36	five_prime_utr	False	1
GACGAACTAGATACAAACATCGGGGTAGTGAACGCAGAGTATACAAGGAA	GTGCCGGTATACCCCTACGTCG	mir-125	exon	False	1
GACGGTCTAACGAGGAAGCTAGGGGCCTATCGGAAAGGCCTAAGAGCGTT	AGACTGTGGTGGTTATTAGGCT	mir-216	exon	False	1
GACGGTCTCAATTATCCATGAGTTCGCGATACTCGATTACGAACAGTTAA	GTGGCGCGTGCACGTTCAAAGT	mir-134	three_prime_utr	False	1
GACTGCTTGCAATGGTGGAGTATCTCGGTGGAGCTATGAGCTGCCACCTG	CGCCGTAAGGAGATATATCTCA	mir-107	five_prime_utr	True	1
GACTTCGTCTGATCTCTACATTAGTTCCCCTTTGCCATTCGGGACCCGAT	AGTAATGCACGTTACTCAGATT	mir-97	intron	False	1
GACTTGCTAAACTCTTATGAGCTGCAGTTACTACGGGGCCTAGAACGGTT	AGGAGGGTAACAGGAACCGCCA	mir-27	exon	True	1
GAGAAGGAGATGATGAGTTAAGCGAGTATTGCTCCGGACATTAATTTGCC	GGCGATTACGGCAGTGTCCCTT	mir-116	three_prime_utr	True	1
GAGAGAGTAATGGTAACGTACCTGTCCGTGAGGGCTGCACTTACGCACGT	TCGAAGCAATTACTGAGGGCAC	mir-142	intron	True	1
GAGCACCACTAGGATGAATGCAATCGGCATAAGCTGTAGAGAACTACCGG	GTCAGCAGAAGACAATGTAGTA	mir-89	three_prime_utr	True	1
GAGCATTATCCTCACGAAAAATCGACCATCCAACCAGACCCACCCTATAA	CTTGGAATCAAAATTGTGCTTA	mir-61	exon	True	1
GAGCCCTACTAGGCTGCCCTGCTCCGCCAAGGTTCGCGAGATTTCGGCGT	GAGACTGTCGCTTGAGAGTCCA	mir-62	five_prime_utr	False	1
GAGCCGGACGATCTTGCTTCAAGTAGCGAGTAGCTGACCACAAGGTCCAG	ATAATATAGAGAATGAAGGAGC	mir-162	exon	True	1
GAGCCTCCCAAGCCCCACAGGCTAGGGCAAGCGAATAGCATATCAAGGAC	GCACACTACAAAAACTCAGCGT	mir-75	exon	False	1
GAGCTACTGCGATGGGAGCGAAAACTAACAAACTGACCAGCGAATACGTA	CGGGGCGAGACTAATGGCTCTA	mir-28	exon	True	1
GAGCTCGCTTGGCCTAACAGCGACCTGCCATATCTCTAACTACCCCGTAC	ATGGTTACTCGAATTGAATCTC	mir-110	exon	True	1
GAGGAATAAGTCGTCAGAGGATACATGATCGAGGCACAAGGTTACGTCCT	GCACACTACAAAAACTCAGCGT	mir-75	three_prime_utr	True	1
GAGGAATTGTTAACGGCAACATGGAGTAAGCTTAAATAATGCCCCCGTAA	ACAGGAGAACCCCTACGCCACG	mir-250	three_prime_utr	True	1
GAGGGATTTCAAGTGCCCAACAAGTCTGTTACTGTGCTGCAGCTAGCGAC	CGCGGTTGTTCACTCTTCACAT	mir-186	three_prime_utr	True	1
GAGGTGGTTCCCCTGCAGCTAAGGGTACTATGTTAGAACCTGGCCTCGTG	CCTGAGCTAGTAAAAGAAGCAC	mir-171	three_prime_utr	False	1
GAGTACTAAAACTAAAGCACATAAACTAGAGACTCACTTTCTAGTGGCCC	ACAATTAGAGTCTCAGAGTTCA	mir-72	exon	False	1
GAGTCCCCCAGCAGCATAACGGCCACTTCATTTGGGCACGCCTACTCCAT	TAAGTCATGCAAGAGGCAAGAC	mir-298	exon	True	1
GATAAAGGTAAATACTTAACACTACGGACATCCCCTGTAACGGGGTCATA	CAACCACAGTAAGTAATCTTAT	mir-86	intron	True	1
GATATGAACGGACGCAGGCATACTACTGCAGGTGACACTGGGATCCTGTT	TAAGACCTACGGAGGGGCGCCA	mir-226	three_prime_utr	True	1
GATCCCGTGTACTCTTGCAGCTTCCATATAGAGAACCGTTAATAATGAAG	TCTAAGATCCCGTCTATTCGCT	mir-223	intron	False	1
GATCGTGGAGAGAGTATGATATCACCTACACTTATATCGGATCGATTGGC	AATGCTGTAGCTAGTTGCTACC	mir-12	five_prime_utr	True	1
GATGAGTTTTGTCGTTACGCGCTGGGCGCCAGTAGTATTATGAAATAACT	GAGACATTCGGAGACTTCACCA	mir-87	five_prime_utr	True	1
GATGTAGCCTCAGATTCCACACGTGCTTACAGCCAAGTCACCCGTGGGAG	CTATTGGATAGTCTCTATAATA	mir-71	five_prime_utr	False	1
GATTTCTTAGGCCTATACCCCGGTGCGGCGAGTTCGTTGGCTTCCTGGCA	GAAGCTTTGTGCAGGGAGTAGC	mir-18	exon	True	1
GCAATGCCCCGTGGAGCATAGCTCGTCAGTTCTGGACGGATACTGTACCC	ATACGGATAAGTCCACAGAATT	mir-155	three_prime_utr	False	1
GCACCCAAAAATGGCCAGTAACCCATGAGGACCTGCTGATCGCACGCTTA	GGTCATAAGTTTCGCTCACGTT	mir-242	intron	True	1
GCACCCGTGGCACTGTGTTGCCTATCTATATGAACTGTCCTACGCGTGTG	CTTATCCATGTGGCCACACCTG	mir-183	five_prime_utr	False	1
GCACGTTGTCACGCGTACGCTCAGAGACTGGACAACATTCGGGCTTAGCA	GAACCTGGTGAGATCTCTCCTC	mir-253	exon	False	1
GCAGAATATGATCTGTGCACTCATCCTTACGCAGTCTACGTTTATGTTCT	TGATGAGGAGCTCCCATGCCAA	mir-200	intron	False	1
GCAGCGTGCGGAGCAACACGTTGCCCTCGCTGGAGTCCTAGATTGAACCC	CCACACTGATGACCTGTTAATG	mir-8	three_prime_utr	False	1
GCAGCTAGCCATACGACCCAAGATTAATTTCTAGTTATGGGGAGGCAGCG	TGCATTGGCCCGGCAAGATGGT	mir-66	exon	True	1
GCAGTATTAATAAGTCAATGTCATCGCCTTACGTTGTGACAAACAGGTCC	GCCTTCCAAACTTCTGCGAGTT	mir-251	intron	True	1
GCATTTAGGGCTGTTCGTTTCAAGCGTTAAGGAACCGGTCTGGAAGGTTG	TCAACCGCCAGTAATCCTTTCC	mir-58	three_prime_utr	False	1
GCCAAGTGAGAAAAATACAATAAGCGCCCCGGAGAGTACCCACCAGAGAG	ACCACTCTGGTAGGATCGTAAT	mir-237	five_prime_utr	True	1
GCCACTTGCGGGGGTTTACCACCGTTTCATATGTCACTGCATTCAGATAG	GAGGAACGGTCGTAGCGGGAGC	mir-201	intron	True	1
GCCAGAACCTTTCTCTGGATAGAGATTACGGGGCCCTCTCAAGCGAATAT	GGGATCATTTATCAGTGGACAT	mir-29	intron	False	1
GCCCTCGTAGTTGTGTTGTACTATGCATATGACCGGTTCACGAACAGATG	AATTCAATTGTGTGATTTTGTA	mir-232	exon	True	1
GCCGCAGTTGAGGGGGTTGGTCGTTAAACACCTGTACTGCTCGTAGGGGT	TATAACAGAATAGTTTTTTAGA	mir-278	five_prime_utr	False	1
GCCGTTTGAAACTCTGTTTTCTGCATAAGGGGTTAGCGATGTTTCATACC	TACAGTTTCCCACGCAAGCACA	mir-146	intron	False	1
GCCTCGCTAGAGATGTGTTGTCCAGCGCGTTTGAAGCAGGGTTAATTGCG	GGCCCGGTTGGAGGCAATCAAG	mir-212	three_prime_utr	False	1
GCCTTGATCGAGTCTTTTGTTGCAAAAGTAAGTTGTCCCAAGAGGTCCAC	ACCCTTATATAGTTGGCTAAGC	mir-294	intron	False	1
GCCTTGTCCCAATCGTAGGCTCTGTCAAGGTCTGTTCTCTACTCTTGTAG	GCGCTTCGGGGTTAACCCGGGG	mir-6	exon	True	1
GCGACAGGGATGTCAGCCAATCTACTAAATACGCCTTTCATCGCCCCATT	AAAGTAGACATAATGGCAAGAG	mir-31	three_prime_utr	False	1
GCGATAATGGCTCGGCTGAAAAACCAAACGTTGTTCCCACAGCCCATGAC	CAGAACGGCACACACCACCCTT	mir-54	intron	True	1
GCGCTACGGTGAAGAAGCGAGTTTTGGCGCCCAAAGTCTTATCATATCGA	TTGAGCCCACGATCAAGCCATA	mir-121	five_prime_utr	False	1
GCGCTCGAATAAGTGTTGTCTCACTGCGGCAAAAGAGGAGACGAATGGCG	TTAAGTTAACCCAAATACCTTC	mir-112	five_prime_utr	False	1
GCGGAATTCGGCAAAGAACATCCATGGGATATGACTTTATAAGCAACGCG	TGGCATCGGGGTGGCCTCAAAC	mir-295	exon	True	1
GCGGCGGGTTTCCGATTCTCGCTAAGAGGCGACAGGGGGTTTTCGGTGAG	ACTCGGGACACTCCTAGATAGA	mir-73	exon	False	1
GCGGCTCCGTAGTCATGAAGTACTGCCCGAACTGGTGCGTATTTAACCCA	CAGTGGCCGCCATCGACAGACC	mir-40	five_prime_utr	False	1
GCGGCTGAGCTAACTTTCACATAGCCCACATACCGCTCTTATAGCCAGCC	TAACACGCACCCACGTAGTATG	mir-284	three_prime_utr	True	1
GCGGGAGTAGTAGCTCTGTTATCGCTCTTGAAACCTACCAACAATGTTGA	TCCGCTATGTAGACAACCCTGC	mir-191	intron	True	1
GCGGGCCGGAAAAAGAGAAGTGGTTAGAGGCCTTAGGATCGCTCAATCAT	GAGGGTCACCGAGAAAGCTGTA	mir-156	exon	True	1
GCGGGTGCCTTGATGATTGAACATTGAGGTTATTGAGTAAGCAACAACTT	AAAACTAAGACCACCTTCTACC	mir-20	intron	False	1
GCGGGTTACCGCCCTGATGTGTCTGAACTAAGCTAAACAATCATCCAATG	TATACTTAGGCCTATGTTCAAC	mir-225	five_prime_utr	True	1
GCGGTAAATGCCTTTGCATGTGCGACCATACTATTGTCCCTCGCACGCGT	CTTGGAATCAAAATTGTGCTTA	mir-61	three_prime_utr	False	1
GCGGTCCCACCCCCACCCTTGAGTTGTTCACCAAACGAGACTAAACATTT	TTTCCTGACAACGGACATTGAC	mir-245	exon	False	1
GCGGTGTGTAAGTCACGCACTGTCCCAGATCCAAACCATGTCTGTAGCCC	GGTCTTGATCGGCAGGACGGCA	mir-163	intron	True	1
GCGTAACCACACTAGTTTTAACGTAGCTCCTTAAGTTAGAACGTCAAGTA	GTATAATACACAGTAAAAGTGG	mir-47	intron	False	1
GCGTCCATGGGATTTAATCTAAAGGATTTATGACCCGCCCTATGTGGTAC	TGATAACTATTTCTAGCAACCG	mir-143	three_prime_utr	True	1
GCGTCGTGTACGATAGCAGGCGCATGACCTTCGTCCGCGAGAATGCTTTA	TACAGTTTCCCACGCAAGCACA	mir-146	five_prime_utr	False	1
GCGTGAGAGAACACTCATAACGGTGGACTCTAGCGTAACATGGACACAGG	TGGTATATCCAACTTGTATTTC	mir-37	five_prime_utr	True	1
GCGTGCTCCTCCTGAATATAGACATGCTGATAGAGCAATTACTACAGATG	TCGTGAAAGCTAGCTGGAAGTT	mir-105	three_prime_utr	False	1
GCGTGGCCACAGTTCGCACGACGGATCCACTAGCAGCTAGACTTTGCCCC	CAAACCATCTCCTTAGACGCTG	mir-128	three_prime_utr	False	1
GCGTTTGTGCTGAGTGTAAAAACGGATATTCCGGGCCGATACCACTTGCT	GAGGGTCACCGAGAAAGCTGTA	mir-156	intron	True	1
GCTAAATCGGCCTACCACGCTGTTATTTGTCGTCTTAAATCGATGTCGCC	AAGAGTAGAATTAGTAAGGATC	mir-230	exon	False	1
GCTACTAACCCAATTAGCTTGGGAAAGCATTGGTGCTGCCATGTAGATTA	CGAGCGCCTAAGTTCGTCTTAG	mir-1	five_prime_utr	True	1
GCTCCTCAGGTAATTCTCGGTCGTCAGTGAGACTAGTTCCCGAACACAAC	ACCACTCTGGTAGGATCGTAAT	mir-237	intron	False	1
GCTCGACCGGGGTATTGACGTGACTGGTGCGCTGCCAGGAATTCGCCTGA	CGCTAGGTACTGAACCTTGTAA	mir-85	exon	False	1
GCTCTGACGTATCATCCACCCAGAAGTGCACTGCAAAAGAAACCCCCAAG	TGACTGAGACACCGTCCATCTA	mir-68	three_prime_utr	True	1
GCTCTTCGCGGCACGCCAATACCTTCGAACCGTCGTACATAGCTTCGTCA	TTGAGCCCACGATCAAGCCATA	mir-121	three_prime_utr	False	1
GCTCTTTCAGCCATTGGGTGACCGACGGTATTCGTCATCTACTGGGCACG	ACTATGTATCAGTTGCCGAATG	mir-81	five_prime_utr	False	1
GCTGATACAGTCTCATTAGTGTCAACAGAGTCCAGCGCTCTTGTCAAATA	TATGAATTACCACCTTACGAGT	mir-148	three_prime_utr	True	1
GCTGATAGCTTTGTAGCCGAGAGCAATGAACTCTCGGGATCGCAGGCATA	GAATCCTTCTCGCCACAACGCT	mir-269	three_prime_utr	True	1
GCTGCCCTTTCCTCCTTCCGTATCCACTATTATCTTAACTTACTGTTCGG	AATTGCGACAACAGAGTGATGC	mir-48	five_prime_utr	True	1
GCTGCTAACTAGCCACTCCCGATAAGATCTATATTTTATTCGGTCCGCGA	TAGTACGGAACGAAACGAATCG	mir-35	five_prime_utr	True	1
GCTGGAAATGAGTATTCGACGAAAAGTGGTATCCACGGGCAGGCACAAGA	AAAGGGGCCAGAATCGACATCT	mir-224	five_prime_utr	False	1
GCTGTTGGATCTAGCCACCTAGATGGTGGGGCATACGGACTGTGTTATAC	AAATTTCACGAGCGCCCAGAGT	mir-218	three_prime_utr	False	1
GCTTCCTCTGCTCGCATACATTTCACGTTAAATGTGTTGCATGGCAATAT	GCAGTACTGCTATCACCCTGAA	mir-114	five_prime_utr	False	1
GCTTGCCTTTTACCTTACGGTTATACGAGTACCCACATCCCAGGGGCAAG	GAACCCGGAAGGATGTCAAACT	mir-182	five_prime_utr	False	1
GCTTGTCCAACCCAATTCCCATGTCTTTCGAGTTATAGCGTATCTTTCGC	GGTGAGCTACCTACCATTTTAT	mir-259	five_prime_utr	False	1
GGAAATGGTTCGGCCACGTGATAGCGTTGTGTTAGATTACTCATCGGGAT	ATTCGGAGGTATGGGGATGGGT	mir-300	five_prime_utr	True	1
GGAACCGTCTAAAAGTAGCCATCGAGCAATCGACAGTTTTTATTCAGACT	CAACCACAGTAAGTAATCTTAT	mir-86	five_prime_utr	True	1
GGAATTGGTGTCGGAGTATTTCACGCGGTTTAAGACGACAGCGTTATTTG	GTCTGACTCGTGATTTTGTAGG	mir-19	three_prime_utr	True	1
GGACCTTTGTAAGCCTTTTCACCCTCCTCAAAGTAGTGAACCCCACAACA	TATGAATTACCACCTTACGAGT	mir-148	intron	True	1
GGACGCCCCGACAGGCTATTGCATAATGTCTCTTCTACCGTATTGTGTTG	AGTGAGATCTTTGGTGACCGAC	mir-267	exon	False	1
GGACGCCCTTGACCATTTGGCCACCAATTGCTGTGCCTGAGCTGACCTAG	AAGACAACTCCTGAAAGGACGA	mir-9	exon	False	1
GGACGGTGTTACTGCGTGAATCGCACAGGCAAATAAGAGAAACCTTCGAA	AAAAACCGGGACCCCTCTGACA	mir-42	three_prime_utr	False	1
GGACTGCAGGTGTTTGAGGGAGCTCTCGGTCTATTGTTGACTAAAGCCCC	TATAACAGAATAGTTTTTTAGA	mir-278	intron	True	1
GGAGAACCTCCCCCGGTATGATTAGCTATTTTATTCCCGTCAACGCTAGG	GAGGAACGGTCGTAGCGGGAGC	mir-201	intron	True	1
GGAGCACGTTCACCACACCCCCTACAGGAATCTACGAAATTCAGCCGACA	TGCGTCACGTGCGGCCTTCGCT	mir-22	three_prime_utr	True	1
GGAGCCGGAGCGCATTTTAATGCTATCCTCTACCAGCGGGGCATTCTTTA	ACAATTAGAGTCTCAGAGTTCA	mir-72	three_prime_utr	True	1
GGAGCGTGGCTGAGCGCTACGCTGGCCTCTGTCAACCCTAGTGAAAATCC	TAATCGCTTAATTGTAAAACGC	mir-88	intron	False	1
GGAGCTGGGGTGGGCGAGGGCACGGTGCACAAGTTAAGTAAGACTATTAT	CTCCTAGAAAAGATAACATCTA	mir-150	exon	True	1
GGAGGTCGCAGTGGTGTCCGCGGCGAGGGGGCAAATCCGTGCGTCGTAAT	CGGGAGTGGCTGTATTCAGGCC	mir-157	three_prime_utr	False	1
GGAGTGGCTGCAGGGATGAAGGGAGTCCAACCAACAACTAGATATAGCTT	CTTATCCATGTGGCCACACCTG	mir-183	exon	True	1
GGATACTGCGAGGCTCTTTGGTTCAAACTCTATGCAACGAACGCAGCATA	CGACGCAGATCACGCGGGGATT	mir-277	intron	True	1
GGATCCCGTGTACCTGTTCGGGGGACGAGTCGTGTTCCGCCGTCCTCGCG	ACTCGGGACACTCCTAGATAGA	mir-73	intron	False	1
GGATCGAAGCAAGGCTTCGTTGCGAGGGTAGTGGTGGCGTCTTACACCTA	GCACGGGCAGATTCGTATCGCG	mir-153	intron	True	1
GGATGCCGTGCATTAGGCCTTAGGTAGCTAAATGGCGTTGTCAAGGCGAT	GGTCCGTAGTGCCGAAAAACGG	mir-189	three_prime_utr	False	1
GGATGGGCGTTGCATTACCGGCAATTCTATACAAGTAGATGATCCTTAGC	GTCTTGACGACAGCTACCGCTC	mir-149	intron	False	1
GGATGGTTGGAACTTCGAGAAGGTGCTGGCTTTCGGCAATGCTGCCGACA	TCCTTCACTGGTCCGTAATTGT	mir-80	five_prime_utr	False	1
GGATTCCCTGAAGCCCCAATGCACAAGCACAATAAGGAGGTAAGCAATAA	CTGAGGGTTCTCCAAGCGGATA	mir-168	intron	True	1
GGATTCGATTGACCAGCTAAGCGGATAGGCTGGACCGCATATGTTGTTAA	CCACACTGATGACCTGTTAATG	mir-8	three_prime_utr	False	1
GGATTTATAAATATGATTCTGCAGACGCGGCGTGGGGGAGTAGCTTTGCA	AACCTGCATAGCTGTCATCTTC	mir-130	intron	False	1
GGCAAATCTCGAAGGTCGTCCTCTAAAACATTGTCTGACGATAAGTACTC	TACTCCTAGGTATCGGCCCTGG	mir-65	intron	True	1
GGCACGAACCCCTGTTCGCAAAGCAATTAGTTGGCTTGCACCTAAGGGAC	ACCAGTCGGACACAGTAAAAAA	mir-292	exon	False	1
GGCCAAGCTTTTAAGGGTTGAAGGATCCACAGTCTACGTGGACTCAGACT	TTTAGTTATGTAGTGCTGCTAT	mir-291	intron	True	1
GGCCAGACCGGCAAAGACGGAAATCAGCAGCTAAATCAAAGTCTACGGTA	GTCGACTTCAGACACTTGGGAT	mir-217	three_prime_utr	False	1
GGCCCAATAAGTGCGTAATAGCGACAGTAGACCGTGCAAGCAGTATCTAA	ATCACTAAGCCAGCTGAGTGTC	mir-50	three_prime_utr	False	1
GGCCCCCTCCGTGACCCAGCGACTATACACTTCACTTTCTCGACGGGATA	TTTGAGTCGATAAATAGCGAAT	mir-126	intron	False	1
GGCCCTACACTCAACCGGAGTTTGTAGCTTACGCAAAGCTCGAATGTAGG	GCACACTACAAAAACTCAGCGT	mir-75	three_prime_utr	False	1
GGCCGTCATGGAAGACAAATGCGCTGGACTTATCTATGACATTGTCTGCG	AAAGTAGACATAATGGCAAGAG	mir-31	five_prime_utr	False	1
GGCGAAAGTCCGATCAAAGCATAGATGTAACCAATTTGTAAGTTTTGGGT	GGTCCACCTTAACTATTATCTG	mir-231	exon	True	1
GGCGTGCGTCCGAAAAAAGACCCCCACCTTATTCCTTATATACTTTGGCT	TCGGGTCAGCCCTTCGTTTTAG	mir-63	three_prime_utr	False	1
GGCTGACACAGAGGCTACTTTCACTGACCAGGCTACGAGTCCTACAGACA	CTTGCGATTTCCGCCCGACCGC	mir-236	exon	True	1
GGCTGGTGTCTCCGTCATTCACAACATATCGCGGTTTATACGTAATTCAT	TTCGCGCGTGCACGTCGTACGG	mir-273	five_prime_utr	True	1
GGCTGTCTGCAAATTCCAAGCGTTACAGAAACGATCTGGGGCTGTTTGGT	ACAAACAGACCGATGGGAGGCT	mir-263	intron	True	1
GGGATTCGTTTCATCGCGGGGCTGCACGCTCAAGGTTTACACAAGGCAGA	TCCTTCACTGGTCCGTAATTGT	mir-80	three_prime_utr	False	1
GGGCACAGTGAATCGGTTGGTCGGACGAACCACCAACGCTTGTACCGTTC	CTTTGACGGCCGACCCGCCCGG	mir-288	intron	False	1
GGGCAGCGTTGTATAAGCCGAAGCTGCCAGATGGCAGAAAACAGTTGATC	CGAAATTCGTCCGTCAGACGAT	mir-52	three_prime_utr	False	1
GGGCAGCTATTATAATAGGGTGAACTCGTAACCCTAGTAGCCTTGATGTA	ACCTTAGTCTGCTCCCTAATGT	mir-282	three_prime_utr	False	1
GGGCATACCAGCATCTGTACTGGTATATGTATGGCAGTTCCGTGGCTCCA	TAACATTAACCGAAGTCTAGGA	mir-249	exon	False	1
GGGCGCGATAGGTAGCACACGGGACGCCGTAAGTCGATAAGCTTTGTGAC	AGAAATTAAGTAAGGGCCTGAA	mir-175	three_prime_utr	True	1
GGGCGGCTCAGATAGCCGTTATAAATCTTCTGTAAGACGCCCTTTAATGA	TCGGGTCAGCCCTTCGTTTTAG	mir-63	intron	False	1
GGGCGTGTCTATATGGACTTCTATCCCTCTTAAAAGAGGACTGAACACGC	CAACCACAGTAAGTAATCTTAT	mir-86	intron	False	1
GGGGATTCGCACTTTGGGTCCTCGAACAGTTCTGAGTACGTTAGCAATAG	CAAGCGTCATCGGGCCACTGTC	mir-187	intron	True	1
GGGGGAAGGACATATGCGGCAGGATTTGTGACTGAGCCGGGTGCTATCAA	TAAGTCATGCAAGAGGCAAGAC	mir-298	intron	False	1
GGGGTCAACAGCTTTTCCATAGACAATCGACTCCGAAGTCGGCCGCACCA	AAAAACCGGGACCCCTCTGACA	mir-42	five_prime_utr	True	1
GGGTAATATCGCATATGCTAAGGACCGTCAGAGGGTCCGGCGGGGGACCG	CGGGGCGAGACTAATGGCTCTA	mir-28	intron	False	1
GGGTCCCCGATCTAAAGTTGCTCCAGCCATGACGTCACAGAGACGTCGTG	AGCTCCGTCTTGACGCACGAAG	mir-15	exon	False	1
GGGTCGCTGGGGGACCCGACATTCGATCACGCCCGCTGATTGACGGAGTA	ACCACTCTGGTAGGATCGTAAT	mir-237	exon	False	1
GGGTGATATTGATCGATTTTCCAGGGGGAGATTGGATTAATTTAGACGAG	GGACATCAGCCGTCTAGTTCGC	mir-129	intron	True	1
GGGTTTCTGTCCTCACACAAAGACGTGTAGATCAGCGTAACTTAATTGAC	GTGCGCCGACGTGATGGCGATA	mir-137	exon	True	1
GGTAACCGAGGCGTAGGAAGCCTATACTATTAACACACGTTGCCCCTACT	ATGATTGGGTGAGACCCCGGAG	mir-198	intron	True	1
GGTACAGAGTACAGGCCAACGCAGTGGTGAGCGTAGGTATGCTCCTTCAC	TGCGGCTTCTACATTTTTTGGC	mir-203	five_prime_utr	False	1
GGTACCCAAGTCCTTCGGGCTAGGAGTAATTGATGGTGGAATGACTACCC	GAGACTGTCGCTTGAGAGTCCA	mir-62	exon	True	1
GGTATCGGAATGGTACAGCAAAATATGATACGTATGGCGGCTTAGAACGT	TGGCATCGGGGTGGCCTCAAAC	mir-295	exon	True	1
GGTCGAGCCACGCGACAACTTTTTCGTAAGCAATATCCATGCAGTAGCTA	GGTAAGTCACGTATGAATGTTT	mir-185	three_prime_utr	False	1
GGTCTCGGAGGTAGAGCAACTCTGTACAGCACCTGCGCGTCTATTTGTTC	TTAGGGTGTGATGGGCGCGCCG	mir-178	five_prime_utr	False	1
GGTGAGTCCGTTTATTAGAAGGGCTGACCGACTGTTTTCCCTACCTGTTG	TGCGGCTTCTACATTTTTTGGC	mir-203	three_prime_utr	True	1
GGTGCCGCGGATCCACTGTCGGCTAGGGAGGTGGTAGGGGTGCATCAAAC	AGGGTTTTTGTGTACAGTAAAG	mir-100	five_prime_utr	True	1
GGTGCGTCGGGGGTGAACTACGAAAACCCCACTTCCATATCTGACCGATA	TGATAAAATGTTGCCCATAGGT	mir-296	five_prime_utr	False	1
GGTGGCGACTCTTGCGCGCTGGTCAGTCCAGTTGGCGAGAGCGTTGTCGT	GGCCCAGGCAGAACTGAGGTAC	mir-51	five_prime_utr	False	1
GGTGTAGAAAACCGAAGATAGGCATGCTCACAAGAGCAGCATGCGCCCAC	TGAGTCATACATGCTACCCATT	mir-45	intron	False	1
GGTTATCTGATTGGCCTGGCTCATAGTTACCCTGTACGGGATTGAATACT	GATTCAGTGGCTGGCTGATCAC	mir-124	three_prime_utr	False	1
GGTTCACGACCGGAATACTTGCGTATGTGATCTTGTTGTACAGGATAAGT	CCCATAGCTTCCGCGGCAAAAT	mir-220	exon	False	1
GGTTCGCGAATTTCTGCCGCCGTTCGTTTTGTATGTTAACGTGAGCCGGA	TGGAGCCTTGTACCCACGTGAC	mir-234	exon	True	1
GGTTCGCTCGGAGTATATGGGGCTCCTGCAGCGTGATCTTACGCGGACAC	AATTGCGACAACAGAGTGATGC	mir-48	exon	True	1
GGTTTCACGGGATATGGGGAAGGACATCGTATGTTCAAAGAGTGTCTTTT	CAGCTCGACTACGCGTTTCAAG	mir-180	five_prime_utr	False	1
GTAAACATTTTGAAAAAACAGAGCACGACTTTTGGTTGTTTAACACCTCG	AGTAACATAAGCACGTATTATT	mir-96	five_prime_utr	False	1
GTAACATTCGCCCTTCGGTGATTACGCACGTTTCATATCAGGAAGACTAA	AGCTCCGTCTTGACGCACGAAG	mir-15	three_prime_utr	True	1
GTAACCAATCGCTACAGAGAGAGCTACTCTTTTCATTCGGGAACCTAACG	AGAGAACTCGGTTTCGGTCGCA	mir-2	exon	True	1
GTAACCTCGGTTTTACCTGTTCGATGTAGTATCAGAGGATAAGATTCCTT	CGCTAGCTTTGAGAAACTACCT	mir-109	exon	False	1
GTAAGCCTGGGACTTAAAAAACATACGCACTGATTTCCAGACGAACCTCA	ACTATGTATCAGTTGCCGAATG	mir-81	five_prime_utr	False	1
GTACAAACCCTTCAGCGCTCTGTAATCTTCGAACGTGGGTCCTTAAACTA	AGCGGGAGGGCAAGACGTTAGG	mir-194	five_prime_utr	True	1
GTACCCAAGACCCCGTATGGGCGTCAAGTTCGCTCGGCAGGGGATCTCCG	GCCTTGCGGATTTGCGGATTCT	mir-26	five_prime_utr	True	1
GTACGTCAGCACTTTGTATCCATTGCTTTGGAGTCGGGAGTGCGGGCTAC	CGCTAGGTACTGAACCTTGTAA	mir-85	intron	True	1
GTAGCCTATCCAGCAAAGCTCTTATGTCTAATCCGCAGACTCAACAATTT	AAGACAACTCCTGAAAGGACGA	mir-9	exon	False	1
GTAGTATCGGCCCAGATCTGACGGCGCCTCGTGACGATTGGAACTCAGTC	CAGGGCTACCCGCTGGGCAACG	mir-211	three_prime_utr	False	1
GTAGTTTCATATGCGTAGACGTGGGTCCCAAGCCCCACGAACCCTCACTT	CGACGCAGATCACGCGGGGATT	mir-277	intron	True	1
GTATAAACTCGAGCCATCTGGCCGATCACCTGCCACTGGATAAATGCGCA	TTCAGCGGAACATGCACAGAAC	mir-193	intron	False	1
GTATATGGCGAGCGGATATCTAGGAGATAGTAACCCCCGAGCCGCTTACT	ATTCGGAGGTATGGGGATGGGT	mir-300	three_prime_utr	True	1
GTATGGTTCGTCATTCAAGGCTGACCTCCTGTGTAGGTTTCATTCGGGGA	ATCGCTCTTAGCAAGTCGTGGA	mir-23	three_prime_utr	False	1
GTATGTTTTCAGAATAACTACCGCGGAGTAACCTACTTGGGCGACTGAGT	GAACCATTCGATGGCTGTCTTA	mir-5	five_prime_utr	False	1
GTATTTCGTGCTGAGGGTCATTACCATAGTTGGCAATCATGCGGTAGACA	TATACTTAGGCCTATGTTCAAC	mir-225	five_prime_utr	True	1
GTCACTTGCGACTCTCATATGCGATCGGAACAAATCAAGCCTGAGATTCT	AGAAATTAAGTAAGGGCCTGAA	mir-175	exon	True	1
GTCAGAATATTACTGCCAGCGAATAGCGGCCTGGTCAGCCATACATGCCT	TGATAACTATTTCTAGCAACCG	mir-143	exon	False	1
GTCAGCCGACCACCGAGCAATCTGACTCCCTTGGTAATGGCCAAAACGAT	AAAGGGGGAGAGAGATGCCGAC	mir-161	five_prime_utr	False	1
GTCAGCGTAGTTTGTGAGGAGGTATCTACTGCACTCAAGCTGCCTTCGAT	GACACGATGTCACAGATTGCCC	mir-69	intron	False	1
GTCATGCGTGTTTTTAGCTCCCATGTGTCGCGCGTAATCTACAGGTGGTG	ATGTCGTTGTAAAATGCAAGTT	mir-272	exon	True	1
GTCCATGGCTAAGGGAATCCGCGGAAACCTGCGTGGCTCACTACTAGCTT	GCTGGTGTGTAACTAATGTTTC	mir-138	five_prime_utr	True	1
GTCCGGCTTCGCAGCAATCAGGACTTTGTCTTTCGAGCATCTATGAGTCG	CAGGGCACTGTAGGTCACTACT	mir-289	intron	True	1
GTCCGTTCTGTGATGTCATCCCATAGCGTTCGCCTACCGTCACGGCATGT	TCTACGGAATGGAACTTGGGTT	mir-241	five_prime_utr	True	1
GTCCTAGCAGAGATTCTGCTTTCTGTCATACTGGGCCTCATATTCATCCA	TGCTAGGTACTGGTACCGTTGA	mir-293	five_prime_utr	True	1
GTCCTCAGCATAGATAGGCCTTGTTTGAATTCAGAGATTGTGTACGCGCC	CGTCAGACGGTGACAGGCGCTA	mir-188	five_prime_utr	True	1
GTCCTCTAAGCTGGACCATGTAGCATCCGAGGACTTTCTGCACCAACTCT	TACAGTTTCCCACGCAAGCACA	mir-146	three_prime_utr	False	1
GTCGCCCTTCATCAATATCCCAGACATGACCTCTCGTATTAGCAGGATCG	TCGTACATAGCCGGAGATGAAC	mir-262	three_prime_utr	True	1
GTCGGGGGGGGTATAAGTCTCTCTTAACTGTGAGATTGTAGTAGTCCAGT	TTCATATGTAGATGGAGAACAC	mir-120	intron	True	1
GTCGGTGAGTAGGCGGCAGGCCCGGACAGGAGTCGGGTGGGGCTATCGAG	TCGGCTGCCCGTACACCCTACC	mir-167	five_prime_utr	True	1
GTCTTGTGAATAAGCGTCAAATCACTGCAGACATACAATCGCGTAGTTGC	GTCGAACCGTCGAGATTGCTCA	mir-287	exon	False	1
GTCTTTAAACCGATAGGGGTTAGCTCGACTAAAATGACCACCGTAGAGGA	GAACCATTCGATGGCTGTCTTA	mir-5	intron	False	1
GTCTTTAGATCATGCCGTCAAGATAGTGGTCAAAAAACTGGGGACAAAGG	GGTCTTGTGAGAAGATCCAAGC	mir-276	intron	False	1
GTGAATACGATGCTGTCCAGCTAAACTTGAAGGCCGAGCGCGGAACAAAT	AGATAGCAAGTAATTCGTCGAT	mir-145	five_prime_utr	True	1
GTGAGGACTCCTGATCTAGAAAGCCGGGATGTTGAACTCTTTCCGATAAG	AATGCTGTAGCTAGTTGCTACC	mir-12	three_prime_utr	True	1
GTGAGTTTCTCAGATCGGAGCACTCCACGATATTTGGTTCAGAAAGCCAG	CGCTTCTGATCGCCTATTTCGG	mir-264	exon	False	1
GTGATGAAAATACCGATAGATTCCTGTCTATCGGACTGAATCTGTGCGCG	ATCACTAAGCCAGCTGAGTGTC	mir-50	three_prime_utr	False	1
GTGCCCCGTTAAAAATTACCCGACGTAATTAATAGTTAACCTGCATTCAG	ACAGGAGAACCCCTACGCCACG	mir-250	five_prime_utr	True	1
GTGCCTCACAGAATCATATGTACACCAGCGGGACGCCCCCGCATCCAGCT	ATGGTTACTCGAATTGAATCTC	mir-110	exon	True	1
GTGCGGCGGCGTATGTTTTAGTCCGCACGCGTACACATTGACTGTCGGTA	TGCGGCTTCTACATTTTTTGGC	mir-203	five_prime_utr	True	1
GTGCGGCTCAAAGTAACTGCTACAACCGAGGGGTCATCGCACAACCGCGC	TTCGCGCGTGCACGTCGTACGG	mir-273	five_prime_utr	False	1
GTGCGGTCTTGACGTCCGGTGCTGCCAAAGGAAAGTAGTGGCGTCAAGCG	CGGCGGTGATCGCAGTTCCGAC	mir-13	exon	True	1
GTGCGTGAAGGCGGCCGGGTACAGGAACCTTTGTACTCTGAGATCCATGC	TGAGTCATACATGCTACCCATT	mir-45	three_prime_utr	False	1
GTGCTACTGCGCAGTTGCGTGAGGGATAGTGCAGCGATTAGGCTCTCACG	GGGCTCGACACCCCCAATTTCG	mir-67	exon	True	1
GTGCTGCCTCCAGATCTAGAAAATGCAGTGTGGGTAAAGCAATACAATTG	CTTGGAATCAAAATTGTGCTTA	mir-61	five_prime_utr	True	1
GTGCTTACCTTAGCCCCAGAAGGTCTTACCGCTTAGGAGCATCAAGATAT	CGGCGGTGATCGCAGTTCCGAC	mir-13	exon	False	1
GTGGCACGATACGTGGCGAAAGACCAGACTGGGGACTACAGTTACCTGGC	GGTAAGTCACGTATGAATGTTT	mir-185	five_prime_utr	False	1
GTGGCACGTTCGGCAGCTGCGTGGCCGTAAATTTGCAAAGCCATTGACAA	TGACTGAGACACCGTCCATCTA	mir-68	exon	False	1
GTGGCTGAATGGAGAGGAAGGTGTGGTGGTCTCATATTATTGCTCTGTGT	TCAAAATTTGTCTCGGTATTCG	mir-299	five_prime_utr	False	1
GTGTATTTCCCCTACGCGTGCCTTGGACTAAAAGGGGAGTGCTGTTATCC	GCGAACTTTCGCACCCTACAAG	mir-172	exon	False	1
GTGTCCATGGCCCGCATTATGCGACATTTGCGATGTATATCAGCGCGCTT	CGGAACGTGTGCTGTTTTATGC	mir-235	three_prime_utr	True	1
GTGTGCCTAGTTATACATTTGCCAGTATTATGACGCACTACGACAGATCA	TGGGGCCCATACAAAGATAGGG	mir-208	exon	True	1
GTGTGCGAAGTGAGGTAAATTCTCCTCGCGATGCAACCCGCAGATAAAAA	CGGTTCATTCCAGAATATCGCG	mir-11	three_prime_utr	True	1
GTGTTGCCTGCTATGTACAACAAACTATTCGAAAGGGGCCCTCAGCATAG	AGACTGTGGTGGTTATTAGGCT	mir-216	exon	True	1
GTTAACTTATGGTAAGGAGTCTGGCGTGCCACCTAAATTGTGCGTCCATA	CTTGCGATTTCCGCCCGACCGC	mir-236	three_prime_utr	False	1
GTTAATGGGGCAGGTGTTCGCGCCCGTATCGTCGCAGGTTGATACCGATG	TACCAACTAAAGTAAAGGATGT	mir-239	five_prime_utr	False	1
GTTACGCTGTCCACGGTAGGAATGGCTTCACGGTCTCTCTAAGCAGAACG	AGGACGTATTATTACATATTAT	mir-133	intron	False	1
GTTAGGAGGTGCCTACCGGAACATGGCAGATTTTGATATTCGTTCACCCC	TAATCGCTTAATTGTAAAACGC	mir-88	three_prime_utr	True	1
GTTATGCAAAAAGGCCAGAGATAAGGTGCTTCTGTCGATGCCCCTCTCCA	GACCCTGACAGTTGCCCGTAAA	mir-43	three_prime_utr	True	1
GTTCCACTATATTCTGGTGGCCCAGGTACTTAAGTGATAGAGCTTGCGGC	CGATTGCTGACCAGTAGTGAAT	mir-14	intron	True	1
GTTCCGCATGGTGTACGAGCGTGTTGCTTGAAAATCTCTTATGTAAAAGA	CCTACATGTGGTGTCAACATGC	mir-209	three_prime_utr	True	1
GTTCCTGAAATTGCACATTGTGCCCCTGTGGGAATCACTTGACAAGGGGG	ATGTCGTTGTAAAATGCAAGTT	mir-272	five_prime_utr	True	1
GTTCGGTAACACACGAATTCCGTAGCATATTAGCTCCCGCGGAAAGCTCC	AAAGGTGTCCTACGGTGACTTC	mir-254	intron	False	1
GTTGCCCGTTTCGAACATAAAAGCCATAAAGGTCAATCAAGTGAACGTGA	ACTTGTGGTAAGCCATGATCCC	mir-70	intron	True	1
GTTGGCACATTGCCATTAATCGGGAAACACGGGGATACAACTGCTCGTTA	AGAACCTTGCACAGCGCCGTAA	mir-215	exon	False	1
GTTGGTCTCAAGGGAAAAATCTAAGTAGGCGTTTTCGATATGAGTCGAAG	GTCGTCGAGCTCAGTGTCCAAG	mir-205	five_prime_utr	False	1
GTTTATTGTGTTGCTGACATGCTAAATAGGAACAGCCGCTCGTAAGATAA	TACTCCTAGGTATCGGCCCTGG	mir-65	exon	False	1
GTTTCCCACTGCAGGACCGTTTTTATCGTAATTCTTTGTACCGAGGGCTT	ACAGAAACGTTGCATGCGCAAG	mir-252	three_prime_utr	True	1
GTTTCTGACCATGCCATTTCAGGTTCGGGACGGTAGACAAGGCTGCGCAT	GAGAAGGTAACAAAGGATCTGG	mir-281	five_prime_utr	False	1
GTTTCTGTTACTATAGTGCACCCCAGAGCGTGACTTAGTTTCCCCCTTTA	ACGGAAGGGGCAAATCCAACGC	mir-283	intron	True	1
GTTTGAAACAGTAGTAGTGTTGAGATTGTACGATCCACCTAGGTACTTAG	GTAACTTGTTTTATAGACAAGA	mir-152	five_prime_utr	False	1
GTTTGCTCTGACGGGGATGTGACCGATAAGAAATATCAGCATCCCCGACT	AAAAAGGTTCGGTCACTATACC	mir-64	three_prime_utr	True	1
GTTTTTAGTAACAACACACTAGCGTCCATGGTGTACTCGTAATTAGCGTG	CTTATCGGGCTGCGTGGGGTAA	mir-94	three_prime_utr	False	1
TAAACACGAGTCGCAAAGGGGCGTTTAGCCTACGTGATTGGAATTATTTG	AGAGGCCGTGAGAGTCAGTGTT	mir-132	three_prime_utr	True	1
TAAACGTAGAAACCTTAGTGCATGGTCTCTATAATACCAACAAATGGGGA	GTGCGCCGACGTGATGGCGATA	mir-137	intron	True	1
TAAACTCATGCGCATTTAAACTGGATAGGGGACCTAGGCTGCTCCCAGCG	CGCGGGCCAATCAATTTGACAC	mir-279	intron	False	1
TAAAGGTCCGCTAGTTTACTAGACATAAGCTTCCGATTCCTATCGTTACC	TTGACCGTTACGACTGCTAATC	mir-228	exon	False	1
TAAAGTTATAGTAATGCTTGGCACAAAATTGTAGAGTGCAAGCTACAGAT	TGGCATTGCAAGGTTCTGAATC	mir-119	five_prime_utr	True	1
TAAATTGACGATAGGAGTAACCGACTCCGAGCAGGCGGGCTCCTATTGCC	CGCATCTAGACTTATAGTAGTG	mir-33	five_prime_utr	True	1
TAACCACGCGGTCTGAACACAGCAGGAGGTCGATCGTAATTCGTTAAACA	ACTCGGGACACTCCTAGATAGA	mir-73	three_prime_utr	False	1
TAACCCGCAGCGTATTCCGAGTCACCACGTATTCATCTGTAAACATTGGC	AGACCAAGTGCGGGAGCGGAGG	mir-21	five_prime_utr	True	1
TAACCCTTGCTTAGTTGTCACAGATGCAGGTTCGACCACATCGAACGGAA	GACACGATGTCACAGATTGCCC	mir-69	exon	True	1
TAACCTTTGTTAACGAGCATCTGAAGACACTGAACCCTTGGGATCTGTCT	CGATGATGGCAACGATCCAGTT	mir-280	intron	True	1
TAACTAACTTAATACCTGCGCGTGCTGGAGGGCCATATAACAAAAGAGGG	ACCCTTATATAGTTGGCTAAGC	mir-294	five_prime_utr	True	1
TAACTACGTGCTCTTTTCCCCGCGTTGCATTACGAAAATGCCCAATTGAT	ACGGAAGGGGCAAATCCAACGC	mir-283	intron	False	1
TAACTCGTAATCTGATCGTTACGAAGCTATCGATCCACTATTCACAATGA	AGAGAACTCGGTTTCGGTCGCA	mir-2	five_prime_utr	False	1
TAACTTCAGACAAAAGTAGAACGATTTGTGTTACGCCGATCCTCGTGCAG	GCAGAACTGAGAGTCAAGCACG	mir-154	three_prime_utr	False	1
TAACTTCCTATACACCGAGGCATTGGCGTGCTAGCAAGGAGGATCGCAAC	TGTACAGATCTCTGTGTTTAAA	mir-53	intron	True	1
TAAGAGAAATACGGCCAATATAGAGTAGCACGGCGGGGGGGCGTATGTTC	GGCCCGGTTGGAGGCAATCAAG	mir-212	three_prime_utr	True	1
TAAGAGCTTCCAGAAAGCCTGCTATTCTTGTACCGTGGTAAGATTTCCGG	GTTTATAAGGCTCTAGACAAAA	mir-207	exon	True	1
TAAGATCAGGAGAATTGGAGGCCGGTTATATCCAAATTAATCCGAGTACA	TACATCGAGTTAAATAGAGACT	mir-82	three_prime_utr	False	1
TAAGCCTTCAGGCTGGAAGGCGCCTCCGAGATCCCGTCGAAAATATCATT	ATCGGTAAGCGTTCACGGACAG	mir-102	three_prime_utr	False	1
TAAGCTAGAGTGGTGTTAAAATTGCCGGATTACCAACCTCTCCGTTCCCT	CCTGGCAGCACTTCGACCGCTG	mir-240	exon	False	1
TAAGCTATCCTCCTTACCAACGCACAAAGCCCATTAACCGATTCGCCTCT	GGAACTCCCCTTACGGCCGAAC	mir-38	exon	False	1
TAAGCTCAACTCCCCCTTGCGCTCCCACGCAAGAGTATTGGGCGGCATCT	CCGCCGAGCGTTTCCTTTTACT	mir-290	intron	False	1
TAAGGACAGTCGAAATTCGTTGAATCCGTTGCGCATCTGGGCGAACTATC	TGGAGCCTTGTACCCACGTGAC	mir-234	three_prime_utr	True	1
TAAGGGGAAGTTCGCCTAGCCTTCTAATTGTATCTTGGAAAGTTCCACAC	GCCCTGCGCCTGTTGGAGACGC	mir-197	intron	False	1
TAAGGTGCAACCTTCACGGACGGGTCAAGTACTAGACCGTGAACTCTGTC	ACAATTAGAGTCTCAGAGTTCA	mir-72	three_prime_utr	False	1
TAATTAGTAGTTGTTTTCGAAGGGCTATTTCAAGTTAGCTATTATCGCAG	GTCTTGACGACAGCTACCGCTC	mir-149	five_prime_utr	True	1
TAATTCCTATACTAATCCTATGAACGTGTATTGCCACCTGAAGAGAACAT	CGCTAGCTTTGAGAAACTACCT	mir-109	five_prime_utr	False	1
TACAAGATCTCATGCAGGGTAGGCGACCCTCTGGCGCATCGCGCCGGCAT	TACCAACTAAAGTAAAGGATGT	mir-239	exon	True	1
TACACCAGAGGGTCAAGGCCGTAGTTAGTGCTCCACGCCCAGACGCGACG	AATAACTATACCGTGGGACTGC	mir-122	three_prime_utr	False	1
TACACTTTCATGACTTGGCGGAACGACGTAGCTCACTCGTCCTCTCCCCG	GTTGCCAAGTGCATGTGCGAAG	mir-56	five_prime_utr	True	1
TACAGTAGTCCCAAACGGAAATGAACCGATTACAGTCATTGGCAGCGTCG	ATCTAGGACCCTCGGCGACAGA	mir-270	five_prime_utr	True	1
TACATGAGCGGTTCGGTAGTCGTGCTCGACCTTACGGTGGGGCCCATAAT	TTCAGCGGAACATGCACAGAAC	mir-193	exon	False	1
TACCAAAGTATGTTCGCAGGGAAAGAAATATTAGCTAGGTTTAACTGAAT	GAGGCAAAAGCACACTGGCGTT	mir-34	exon	True	1
TACCCGATTAGAGTCTTGGTCTAAATCGACGCCCTTGTATCCTGCAGATA	AAAACTAAGACCACCTTCTACC	mir-20	intron	True	1
TACCTTCCACATACTGCAGAGCAACTGTCAGGCAGGACTGTTTCCTGGCG	GATTCAGTGGCTGGCTGATCAC	mir-124	intron	True	1
TACGTTTAGACGGATAGAGTCAAAGCAAACAGGATCACGGTTACAAACGC	ACGCCGTAACCGTGGTTGAATC	mir-265	three_prime_utr	True	1
TACTAATCATGACCGTCACAGCTTCTTCAGTTGCCACATTTCCTGTTCGG	CATAAGACACAGGCCATTATGC	mir-24	intron	False	1
TACTAGGTTCGAGCTAGTACGTAATCGTTTGGGCCTACGGTGAACCCAGC	CCCATAGCTTCCGCGGCAAAAT	mir-220	exon	False	1
TACTTGACGCAGGTACATGGAAGTGCTGAAACAACTATCTCTCTGGTGGT	AGAGGCCGTGAGAGTCAGTGTT	mir-132	intron	False	1
TACTTTAACCGTATACTCTAAGACTAGACGTTCTAGGAGCTCTGATCACC	CGACGCAGATCACGCGGGGATT	mir-277	exon	True	1
TAGAAGTAGTCCCTGTCCCAGGAGATTCGCTCGATCTAAGGCATCGGTTG	AGTAATGCACGTTACTCAGATT	mir-97	five_prime_utr	False	1
TAGAGAAATATACTGACTTGAACTAAACGCCTTACGCTCTCGTTGGAAAG	GATGGGTTGGTCTAATATCTCC	mir-106	five_prime_utr	False	1
TAGAGATCCCTACACATGGGGTTCGGTACCGGTTTTTACCTGTCTTTCAG	GCCAGCTAAGATGACCCTGCGT	mir-221	intron	False	1
TAGAGGCGTCAATCCAGAGGGCACACTGTCGCAAGCCCAATAATAATTTC	CCTACATGTGGTGTCAACATGC	mir-209	intron	False	1
TAGCTTCAAGGCGATTCGTACTCTCATCGTAACCCCCTTTGAACCGTCTC	CCGACGGAGACACTTCTCCTTT	mir-139	exon	True	1
TAGGAATGGCAGCTTAAAGGTACCTAATAGATTATCTGGGAAAGCGGGAC	CGAGAAATTGACTCCACTCTCC	mir-268	intron	True	1
TAGGGGGTGGCCGCCATCACCGGGTACCGTCCGATCATCTTCTACCCTAG	CGCATCTAGACTTATAGTAGTG	mir-33	three_prime_utr	True	1
TAGGGTGCGCCGCGGGCTCTTGTCGACAAAGAAGCACCTGCGAAAGACCC	ACTAATGCCTGTCCGGCTCTCT	mir-274	five_prime_utr	False	1
TAGGTGGATATTCGGCTGTAATCGATTATGCGTAGATCTACAATTGTTCA	CAAACCATCTCCTTAGACGCTG	mir-128	exon	True	1
TAGGTTGTTCCACCACTCAGTACTAAGGCCGTCGGGACAAGTCATTCCGT	CGTCAGACGGTGACAGGCGCTA	mir-188	exon	False	1
TAGTCAAAGTAGGATAGTATGGAGGCTGTTCAAAATTTAAATATTGATTA	ACGCGCGGCCTGTTTTGTGAGA	mir-192	exon	False	1
TAGTCCTCCCGGTCGAATAGTACATACCGCCCAGGCTGACCCGCTACCAT	GTCAGCAGAAGACAATGTAGTA	mir-89	five_prime_utr	False	1
TAGTGACTCCGGGATAGTAATGATACCTCTCTAAAGCACAAATGTATCGC	CTATTGGTCCCTCCTTTAACAA	mir-30	intron	True	1
TAGTTCAGTAGCGATGTGGAGAGAGCTTCCAACGTTTGCATTCTTCGTTT	GACCCTGACAGTTGCCCGTAAA	mir-43	exon	True	1
TATAAGAAGGCGAATATCCCGCCACCGGTTTTAGGCTCACGGCATTGGAG	AGCAAGCACCCGGTAGCCCGTG	mir-159	five_prime_utr	True	1
TATACCCAATGTCAATGCGCTACTACGTCCCTAATACCGCATATTCGCCC	GTTGCCAAGTGCATGTGCGAAG	mir-56	exon	False	1
TATAGATCCGATGATCGCGAATCGACCGGATCCTAGCACCGGACTCAGGC	AATGAACCTTCTCTACTTTAGC	mir-4	five_prime_utr	True	1
TATATCTCCGTTCATAGTACCGAACTCAACCAAACTAAAAGTTTGCAGCA	GTAAGAGTGGAGGCTAAACTTA	mir-248	three_prime_utr	True	1
TATCGCGACGGTAGCCAGCATGTTCTTCTGGGGCCTGCCGAGGCTTGGAA	CGACCCACCTGTGATTAGCCTG	mir-113	intron	True	1
TATCGGCACTCTCCTAAGACGATGAGAGTTTCCGGAATCCCTAACTTCTG	AGTAATGCACGTTACTCAGATT	mir-97	three_prime_utr	False	1
TATCTATGGATATACGACAGCGGTAAGACTCGGTTTAGTCCCACACTACA	AAACCAATTACGTGCCAAGTAC	mir-184	exon	True	1
TATCTCGTTGAATGTTCAGTGCACAAGGACGCCAGGATGCTAGACGCATA	CCGCCGAGCGTTTCCTTTTACT	mir-290	five_prime_utr	False	1
TATCTGACGTGTTAAGAGCCGCGATGTGCTCACCACGGCTGGTGACTCAG	ACGCCGTAACCGTGGTTGAATC	mir-265	intron	True	1
TATCTTTAGCCCGGTTCCTAGTCTGTTAGGCAACCTCGAATCCACACCCA	CTGAGGGTTCTCCAAGCGGATA	mir-168	intron	True	1
TATGCGTGTCGCACCTCCTTATTATTGCCTAAAGTACGAAAACACGAGAT	GTCAGCAGAAGACAATGTAGTA	mir-89	exon	True	1
TATGCTCCGTATTTCGACGGAGAGAGGCGACCACGCGGGCGCTTCTGTAT	CGCTAGGTACTGAACCTTGTAA	mir-85	exon	True	1
TATGGCACGGGTAAACATTAAGGGTAATCGTAAAATGCACCGCATTCTGC	TGATGAGGAGCTCCCATGCCAA	mir-200	five_prime_utr	False	1
TATGGCCCGTTTTTGTCGGTTGGTCTAAGAGATAGCTTTTACTAAGCACT	GTCCAAGGGGAATGGAGCGACT	mir-127	five_prime_utr	False	1
TATGTTAAGAGGTTTGTCCGCTACGGCACTTTCTGATAGCGCTCCAACGA	TAGCCTCGACTGCAACGCTGGC	mir-17	three_prime_utr	True	1
TATTCTCTACTGCCATGATATACTTTGCTTATTGTGACATCCTAAGTTCG	TTCTACTTAAGCGCTGCTCAAA	mir-260	exon	True	1
TATTGATAATGGTCACACTCAATGAAACCTGCTGGGACAGTACTAACCGA	CGAGCGCCTAAGTTCGTCTTAG	mir-1	five_prime_utr	True	1
TATTTTACCGGATCTCGGCGCCGGCTATCCCAATAGTAATCTTAGTTCAA	GCCCTGCGCCTGTTGGAGACGC	mir-197	exon	False	1
TATTTTGTCGAGTCTTAAACGATTCCAAGCGTACCGTGACAGCGGATCTG	AGAGAACTCGGTTTCGGTCGCA	mir-2	intron	True	1
TCAAAGCGATGACTTATGACTAGGACTTGACATGAGGAATCAATTCCTTT	CGGTTCATTCCAGAATATCGCG	mir-11	five_prime_utr	True	1
TCAACGGTCATGAGCGCTTGCCGGTCCGACTTGTTAATCACGATATAAAT	CTCAGGTCGTGCCCATGTGACT	mir-204	exon	False	1
TCAAGCAGGGGAAAGACCGCACGCGGGCACTTGTTCCAGACACCCGCGAC	TTGCCCCCGGTTGGTGCTACCT	mir-233	three_prime_utr	False	1
TCAATCTTAGTTGTATGAAAATTAACGCAAGGCCGCTCTCTCAAGAAGGT	ACCCTTATATAGTTGGCTAAGC	mir-294	intron	False	1
TCACAAAAGTGCCTTAGCCGGTGCGCCGCCTAGTGAACGACGCGGGGTAG	GTGCGCGTGCACAGGCGATGCT	mir-79	five_prime_utr	False	1
TCACGAGTGTCTGCTCTTAACTTCGCAACGAGTTCTATTCTTAAGAATTT	ACCATCATGAACCCCAAAGAAG	mir-158	five_prime_utr	True	1
TCACGCATTCACCGTGATTTGGGTATTCATCAATTATCGTTTCTGGTGGG	TCCTTCACTGGTCCGTAATTGT	mir-80	exon	True	1
TCACGTAATTCCACTCGCGCGCAGCTGTCACACCGCTGAGCCTCGCAAGG	GGTCAAGTCCGTGCACGCAGAG	mir-59	intron	True	1
TCAGCACGGGAGACTTCAATGGTGACTCTCTGGCGAATCTGCTGGAGACA	AGAGGGGGGAGGCCTTCGTGAT	mir-60	exon	True	1
TCAGCAGTGGTTGTGGTACAGCGACCGTCTGGGACAGAGATCATAACCCT	ATCAATGAGTGATCCGAATCCA	mir-257	intron	True	1
TCAGCTACTATGAAATATTTTTCACCACCAGTTCCAGATCGCTATAACTG	AATTCAATTGTGTGATTTTGTA	mir-232	five_prime_utr	True	1
TCAGTAACTGAGAGCGAGGGGTAAGTGCAACCGTATCCCGAAACGGGACG	AACCTGCATAGCTGTCATCTTC	mir-130	exon	False	1
TCAGTCAGATATATAGGGCTTCTCAGAACTCTCGGTTAAGTCTCCCAATG	ATGGTTACTCGAATTGAATCTC	mir-110	intron	True	1
TCAGTTTCTTAGAAGGAATGTACAACTGATTTCGACCCTCTAATATATTC	CTTTGACGGCCGACCCGCCCGG	mir-288	three_prime_utr	True	1
TCATATCGATGGCGGCCATCAGGACTGGTTGCGCCCAGTCCGAAACTACA	AGATCCCCCTCACCGCTTTTTT	mir-118	three_prime_utr	False	1
TCATGATGAAGCAGCTGTTTCTATGCTCTCAGGCTCATTCTTTGCCGTGA	CCTGAGCTAGTAAAAGAAGCAC	mir-171	intron	False	1
TCATTACCGCTGCACTCTAAGCAACCATGTGGAGTTGTCATTTTTGCGGG	GTCAGCAGAAGACAATGTAGTA	mir-89	five_prime_utr	True	1
TCATTCGAAGAATTTAGGTCCCACAACGAGTGAGACCTCGTTCCAGGTGT	TACAATAGTTCCTAAATATAGC	mir-244	intron	False	1
TCCAAACACCCCGATTCTACTTGCCCGAAAGTCACATGGTTCAACCGCCA	AAGAAACACGCGTGAGCTTTTA	mir-91	three_prime_utr	False	1
TCCAAACTTCGCTCCTTGTGCATAGACTATCGGAGGTAAGTAGATCTGCC	ATCAATGAGTGATCCGAATCCA	mir-257	exon	False	1
TCCAAGATGTGTTTAATTGTGTGCACCAGGAACATCGCAGACACAGAGTG	AATGTTAGACAACCATAAGTGA	mir-256	intron	True	1
TCCAGCATCTGATGCGATATCTGTTGCCGTCAAGCAGCACCGTTATTAGA	AAAACTAAGACCACCTTCTACC	mir-20	intron	True	1
TCCAGGATTTTCCATTTGAAATTACCCTATCAGTTCCTCTCAAGTTAAAC	TGCATTGGCCCGGCAAGATGGT	mir-66	five_prime_utr	True	1
TCCATTTAGTTCAGTCTCAACCGATTATGGAAGATTTCCCTTAGCATGAC	AATGAACCTTCTCTACTTTAGC	mir-4	three_prime_utr	True	1
TCCCCCATCGCAACTCGATCTGAAGGTGGGGATGGAGCAGTGGGGAAGAG	CGCGGGCCAATCAATTTGACAC	mir-279	five_prime_utr	False	1
TCCCCCGAATCCGTGGCTAGTATGGAACTGTTACCGCTGAAGTCTTGGGA	GCGCTTCGGGGTTAACCCGGGG	mir-6	five_prime_utr	True	1
TCCCCTTCCGCTATTTTCTATCTTCAGGCGCTCGGAACTCTCCGAACTGA	GCCAGCTAAGATGACCCTGCGT	mir-221	three_prime_utr	False	1
TCCCGACGGGTTACCCAATTATTGCCTCCGTGCAGGTTAATCTATAACGC	CCGACGGAGACACTTCTCCTTT	mir-139	five_prime_utr	False	1
TCCCGGCCCCATTGAACCACGATAGTATACAATCTATACCGCATATCCAC	GAGAAGGTAACAAAGGATCTGG	mir-281	intron	True	1
TCCGAATGACTCTTCATCCTGCGTGGGCCAAGCGTACAGCCCAGTATACC	GGCCATCAAATTGGCCTGCATG	mir-141	three_prime_utr	False	1
TCCGACCAGGATTCATACTAAGTTCATATGGAGCATAGTCGTGGAATAAC	GTATTATTAAGAAGTCCTCCAG	mir-83	five_prime_utr	False	1
TCCGACGGGAGGTCTAGTCACCCGTCGAGGTATCAACAACTACTCCGAGG	TCCTTCACTGGTCCGTAATTGT	mir-80	three_prime_utr	False	1
TCCTAGTGTGTGCTACGCATAGTCCTCATCACCACGTGATAGGATTTGGG	GCACGGGCAGATTCGTATCGCG	mir-153	five_prime_utr	True	1
TCCTCCTCTTGGATATCTCCCCATACCCTATTCCTTCGAGGGGCTATAAG	CCTATCAGCGGTTTCATAGCGA	mir-140	five_prime_utr	True	1
TCCTCGTGTCATAAACGGCGTGATAGGGGCAAGCTAGGGAACGTCGATGC	CCTGCCGTGCCACGAGATGATA	mir-199	intron	False	1
TCCTGCGATATACAAGTCTCAAATATGGACACGACTCCGTTTATCGCCTG	CCTATCAGCGGTTTCATAGCGA	mir-140	exon	False	1
TCCTTCATTGTATCGATCGGGTTTCTATATGGCAATGTCAAGTGCAATGA	GTTTATAAGGCTCTAGACAAAA	mir-207	intron	False	1
TCCTTCCACGACGCGTCGTAGTGATCCTGGCAAAACATAAATTGGTAAAC	CGCGGTTGTTCACTCTTCACAT	mir-186	exon	True	1
TCGAACCACACGGAAGCCAACGCATTATAGGCCAGACACATGAATCTGCG	AAAAACCGGGACCCCTCTGACA	mir-42	intron	True	1
TCGACCACCGTCCCTAGCTTAGTCACCCCGAAAAACGATGCCATTGGGCG	CGACCCACCTGTGATTAGCCTG	mir-113	five_prime_utr	False	1
TCGAGCACCTAGTGTATGGATGCGATCCATCGTCTTAGTTAAATATTGAA	ACTAGGCAGCCCTGCCGGGGCC	mir-196	intron	True	1
TCGAGGCTGTTTGAAACCCCAATTGGTTCCTCAACGGAGCTTAACCCACT	CCGCATGGGGTCTGAACCCTGG	mir-147	exon	False	1
TCGATAAATGGGCCAGTCCCTGCGCACGTAGCATCTCTTCTCTCAGCTCG	ACCACCAAATTTGGCAGATCTA	mir-93	intron	True	1
TCGCATATAGATACACCCTGAAGGTGGAACTTCGTAACGTGAGTGTCCCC	GGAACTCCCCTTACGGCCGAAC	mir-38	five_prime_utr	True	1
TCGCGCGCCACAACCTTGCAACATGCAGATCACCTCCCTTCTTTAGGACT	TAGTCAGGGAAACTACAACAAC	mir-99	three_prime_utr	True	1
TCGCTTTTGCCCAGACTCCTAGGAGTCACTCCCCTGTTCGAAAACTAGAA	GGTCCACCTTAACTATTATCTG	mir-231	five_prime_utr	True	1
TCGGAACCCGGTTAACTCGGGTCGTAACTATAGTCCAGAGTGAGTGAACA	TCAACCGCCAGTAATCCTTTCC	mir-58	five_prime_utr	True	1
TCGGCACCTTCAGCGCGAGCGTGCCCATCGGTGGGCTTCCTTTAGTTCGA	GCGCTTCGGGGTTAACCCGGGG	mir-6	five_prime_utr	False	1
TCGGCTATGACAGAGATTTTAATTGGAACTTTGGCCGAACTTGCCAACTC	TGGTAAATAGCGTGCCAACCCC	mir-169	intron	False	1
TCGGGCTAGTCTATTAGATTATCCAGAGAGGTAGTCACTGCGTACATTCT	GCAGAACTGAGAGTCAAGCACG	mir-154	three_prime_utr	True	1
TCGGGGCTGACAATGAATGTGTCCTATGGGCCCCTAGGTAGACTTTACTG	GTATAATACACAGTAAAAGTGG	mir-47	intron	True	1
TCGGTGTTCGACTAGACGACATTAGCCCCCGCATCGGAAATCTGTGAGAC	GGGCTCGACACCCCCAATTTCG	mir-67	exon	True	1
TCGTCCGGAACGGTTTTGTAGTATTGTGCGCCCCTTGTCTCAATGTCTTC	TCTTTATTAGCCTATCTGGTGG	mir-222	exon	False	1
TCGTCTGCGTTGATCTGGAGACCCTGACTGGTAGCTAGTATTCCCGACTC	CCTACATGTGGTGTCAACATGC	mir-209	three_prime_utr	True	1
TCGTGCAGGCATGTCCGTCCAGGCTATCGGCGGTCGTGCCGAGTCATAGA	ATCGGTAAGCGTTCACGGACAG	mir-102	exon	False	1
TCGTGGTGTGATCACTCCACCTAGAAGTAGAACCTCTACTCGGTTGGCTA	AAAAAGGTTCGGTCACTATACC	mir-64	three_prime_utr	True	1
TCGTGTGGGACTTAATTGCGATAACGGTAGTTAATGTTGTCGGATCCCCT	TGCATTGGCCCGGCAAGATGGT	mir-66	five_prime_utr	False	1
TCTAACTATTGATTTCCCGTGCGCGCGCGTCCAGGGGTGATTCAGGAGAC	ACGCAGCTGCGAGATCGGGTAG	mir-227	intron	False	1
TCTACTAAGGAGCAGCAATGAGGGACAGATCACTCAGCGACCCTCAATTC	TGTCCGGTACTCCACATGGTGG	mir-104	three_prime_utr	False	1
TCTAGATAATTGGCTCAGGATCATCAAACGGCGTTGAGACCGATGGAGTC	GGTGGCTTAGACACCAGTATAT	mir-173	five_prime_utr	True	1
TCTAGGGGATAACGAGCGTCCAAAGTCGCTAAGATAGCGCTGGCACCATA	AGAACCTTGCACAGCGCCGTAA	mir-215	intron	False	1
TCTATTCATGATGAGGCAAGCGGTTCAGAGCTAATCGGCGGGCACCAGAA	GAACCCGGAAGGATGTCAAACT	mir-182	intron	True	1
TCTCCATCGAGTCTGTTATGCAGAGTCGACGTCTAAAGGACCATGGTAGG	CTATTGGATAGTCTCTATAATA	mir-71	intron	False	1
TCTCCGGTGCGGAAGCAAGAAATCTATTACAGCTACGAGAAGCAGATTGG	AGAGGGGGGAGGCCTTCGTGAT	mir-60	intron	False	1
TCTGACAGCTCTCCGTTGGCGTTCCAAAGTTTCCGTTATTACTTTCATCT	AGGGTTTTTGTGTACAGTAAAG	mir-100	three_prime_utr	True	1
TCTGCTTTTTTTCGTGCGTGGACCACTTGACCCGTCTGATGAGAATGAGG	GCCCGGCCGGTCACCCCTGGAC	mir-238	intron	True	1
TCTGGAGTAGTCATCGATTGGACGTGGACCAGGAGTCGGGGCTAGAAGAA	ATCCACAACATACCATTCTAAA	mir-10	intron	True	1
TCTGTTCGCAGCATTAGTGACCAGTCCCTGGGTCACGAATCGCAGGTAGT	GTAACTTGTTTTATAGACAAGA	mir-152	five_prime_utr	False	1
TCTTAAATCAATGCCTCCAGTACTCGGGTACTGACCTCCTTGGTTGATAA	GGTGAGCTGGTTTGACTATTTG	mir-46	five_prime_utr	False	1
TCTTGCGCGGCACTTCTTAAACAGCTACAGTGAATTCACATTCGGTGAAG	GGTGAGTAAAGATCCTGTCGAG	mir-16	exon	False	1
TCTTTCACTAAATGGAAGACCTAACCAACAGCCCAAAACCGGAGCAGCGG	GAGAACCGCGAATCGTCAGGAC	mir-41	exon	False	1
TGAAAGCTGAATAGGCCTGGTAGGGTGTCCCACGTGCGACCAGGCCAGGC	CGGGAGTGGCTGTATTCAGGCC	mir-157	intron	False	1
TGAAATACTGGGTCCTGAAGTTCCACATCCTATTCGGCGTCGAGGCCCGG	CATAAGACACAGGCCATTATGC	mir-24	intron	False	1
TGAAATTAGTGACTATGAAGTTATACTTATTGAGCCATTCCTGTACGTAT	TACCTCAAAGGTGAGTTCGTTT	mir-271	intron	False	1
TGAACAGAGCGTAGCATTTTAGTGTTTTTTGCTATGTTCCCCGTGTATAT	TGCTAGGTACTGGTACCGTTGA	mir-293	intron	False	1
TGAACGCAACTCAGGTGGCGGGCGGCAGTCGGCCTAGACAGTCGATTAAC	CGCTTCTGATCGCCTATTTCGG	mir-264	intron	False	1
TGAATCCCCTGGTGCTCATAACGGAATACCATGACAAATTCTAAACGCTT	CTTTGACGGCCGACCCGCCCGG	mir-288	exon	True	1
TGAATGGGCCGGACCCTGGAATTCGATCGTTGAAGTACCCCATTAATGCT	CTCCTAGAAAAGATAACATCTA	mir-150	five_prime_utr	True	1
TGAATGTTTCGCTGACGGAAGGCCCGCATTCACCACTGGTGTGCAAGAGA	AAATTTCACGAGCGCCCAGAGT	mir-218	five_prime_utr	False	1
TGACCGATAACCTTATTTAATCTCGAATCTAGAAAAGCCAACGAATACTC	ACCATCATGAACCCCAAAGAAG	mir-158	intron	True	1
TGACGATCGACGAACGATACGCTTGTTGAGTGGTTGATACTCTTTGGTAG	TTTGCTACTGAAAGTGTCCTGT	mir-90	exon	False	1
TGACTATTACTGATAGTGAATTCGTAGCCAGTCCTCGCTCTGACTGCACA	AGCAAGCACCCGGTAGCCCGTG	mir-159	intron	True	1
TGAGATCCCGTGCGAAAGATTCATGCTTGACAATACGAGCCATACAGCGT	TAAGACCTACGGAGGGGCGCCA	mir-226	exon	False	1
TGAGCCTGAAATACGCCCATCTCACTGTACAGTGACACATCCAGTAGAGC	AATAAAAGTAATACCGAGTCCT	mir-74	exon	True	1
TGAGGTGTGCCTGTCAATCGTACATAATGCTCGTCTAAAGTGCCCTCCTA	GTGGACTCTCTGAGACTTTTAG	mir-32	exon	True	1
TGATCAAGTATGAATGCATTGCGATATGTGAGATCGGCAGCGTACTGCAA	TCAAAATTTGTCTCGGTATTCG	mir-299	three_prime_utr	True	1
TGATCCGCCCCAACTGCCCATACTCAAAGCTTTATGGCACAAAGGCCGTT	AGCTCCGTTTACGATACACTTA	mir-3	five_prime_utr	True	1
TGCAAGAGGGGTACTCTCGGGGATGGAGGAGCGGCGAACCTTAATACGGT	TACAATAGTTCCTAAATATAGC	mir-244	intron	False	1
TGCAATGGCTAACATTCTCGCCCGGGCGTACTGACTGTGGGTCTCCCACA	CCACACTGATGACCTGTTAATG	mir-8	intron	False	1
TGCACGATACACTGCATGCAATCGTGCACGTGGGGAGTTACGTAAAGGAC	ACTAAAGGACCCTTTACTAGAA	mir-92	five_prime_utr	True	1
TGCACTATGCCCGGATTCTTCGTTGTCCCACACACCGACACGGGTTACCG	CATAAGACACAGGCCATTATGC	mir-24	exon	False	1
TGCCATGATGAGTTGCGATACTGACCGGAGATTGTCAGGTGGCCAAGCCT	AAGAGTAGAATTAGTAAGGATC	mir-230	exon	True	1
TGCCGGTGCCATCATGTCCGCGCGAGAGTCTTTCATTGCAGATTAGAACT	TACATCGAGTTAAATAGAGACT	mir-82	three_prime_utr	True	1
TGCCGTCATTCTTGACCTCAAGTGCGATGGCTGGCCTGTTTGTGATGTTA	ACTAATGCCTGTCCGGCTCTCT	mir-274	intron	False	1
TGCGAGCGCAAGGAGGTGGGGTCCAAGCTCACGCGTATCTCATAAGACAA	AGCTCCGTCTTGACGCACGAAG	mir-15	intron	False	1
TGCGCTGCTATATTTTGAAAATCAACCCTATCGGACCCTTTTCGTTGTAG	GGGCTCGACACCCCCAATTTCG	mir-67	three_prime_utr	True	1
TGCGGTACATGAGGCTCGATATTATACGAGCTCGAGTCTCTAATGCTGGC	CAAACCATCTCCTTAGACGCTG	mir-128	five_prime_utr	True	1
TGCGTAAATATTGTAATGCCCTGACATAGATATCCTTCTGAAGGCCGTCG	CTTGGAATCAAAATTGTGCTTA	mir-61	five_prime_utr	True	1
TGCGTAATTATAACGAACGGAGCCTCCGCCACTGGACCAGGGCCGTAATA	TTAGGGTGTGATGGGCGCGCCG	mir-178	intron	False	1
TGCGTTGCATGATTCACGCATGAGAAATATTTTGCAGAGTGTTTCTAAAT	GGTCCACCTTAACTATTATCTG	mir-231	exon	True	1
TGCTAGGCGCGGAATTTGTATGCTGTAAGTGCGGAAGAAGCACCGCAACT	TTAACTCATGTCCGTTGCCTAT	mir-255	intron	False	1
TGCTCTCTGCGACACCACAGGCTCGTTAAAGTCTAGCTTAGTAATATAAC	AGGACGTATTATTACATATTAT	mir-133	intron	False	1
TGCTGAGAGCTAATGCGGCGAATAACTCAGCCCGAGTAATTTGAGACCCC	TGCGTCACGTGCGGCCTTCGCT	mir-22	three_prime_utr	True	1
TGGACCGTATTAGGTACAGACATATTGGGGCCGAAAACCGCGTACCAGAT	ACTAAAGGACCCTTTACTAGAA	mir-92	intron	False	1
TGGAGACGATCGATACAACCAGTTGTTGGTTCTAAAGACCCGCAGGGCAA	CGGACCAATAAACCTTGGTATA	mir-7	three_prime_utr	False	1
TGGAGAGAGAAGCAGGCCCCTTGCCAACGTTCCTTCAGAATTCGCACTGG	GAGACATTCGGAGACTTCACCA	mir-87	five_prime_utr	False	1
TGGATTATAGGTTAGCGTGTCTAGACAGAATGCTTTAAAGAGGGCTAATG	TTTAGTTATGTAGTGCTGCTAT	mir-291	exon	False	1
TGGCCGAGTTAGTCGGCAATTGCGCTGGTTGGGAATTAATACGTATTGCG	CGTTGTTTCGCAAATGGGAAAG	mir-297	five_prime_utr	False	1
TGGCGCTCCGGATGCGTGGTAGCCGTTCTATTACGCCTGAGAATATATGG	TGTCCGGTACTCCACATGGTGG	mir-104	intron	True	1
TGGCGCTTCCATTGGGCGTCGAAAGGCTTCGTTAGTGCGGCTTTCAGAAT	CTCAGGTCGTGCCCATGTGACT	mir-204	three_prime_utr	True	1
TGGGAGGGCTAGGCCAAAGACAACATCGTCTAAAGCGTTACCGTTCCGGC	CAGCTCGACTACGCGTTTCAAG	mir-180	three_prime_utr	True	1
TGGGGGGGACCACATGGTTACGCGCGCCGTTAAGGAGCATCGGCGAGAGA	ACGGGTCTAGATGATGGTAGTG	mir-258	five_prime_utr	False	1
TGGGTAAGCGCATGGTCGCGGATTAGACCGGAAACGTGCCACTCGTTCCC	CAGCTCGACTACGCGTTTCAAG	mir-180	five_prime_utr	False	1
TGGTACTCAAGGTATTCCCTCTCAATCTCAAAACACTGTAGTCTGATGGC	TAGTACGGAACGAAACGAATCG	mir-35	five_prime_utr	True	1
TGGTATAGCGTGCTCCATACACTCTAGGGTGACTTGAGGGTCGCATCTTC	GAGAACCGCGAATCGTCAGGAC	mir-41	five_prime_utr	False	1
TGGTATCGGACTGGACAGTCACAGGCTGAACCATAATGTTTTCCAAATTA	GCACACTACAAAAACTCAGCGT	mir-75	intron	False	1
TGGTATGATGCATCACTTTATATTTTGACAGGCTTTCGTGAGAGAGAACC	TTTCGGTAGACGAGCATGCCGT	mir-101	five_prime_utr	True	1
TGGTCGCCCAAACGTTTTGTGGACGGACCGGGCCAGACGTTCTGAAGGCA	ACTAAAGGACCCTTTACTAGAA	mir-92	five_prime_utr	True	1
TGGTCTCGCCTAAGCGATCGTGGGGTCTCGTCCATTCCTGTATATAATGG	CGATGATGGCAACGATCCAGTT	mir-280	five_prime_utr	False	1
TGGTGGCGTCCTGCGGACCACATTGGGTTCGAGTTTGGCAGTTTGTCTGG	TGTTGACTCTTTGCCTTGTGCT	mir-177	intron	False	1
TGGTGTTCGAACATTTACATGGTGTCTTAAATGGTATATGCGGCTGGGCA	ATAGCTCGCTTTATCCAGTTCT	mir-151	exon	True	1
TGGTTGGGTCCATTGGCGGAATGCAACGCGCCCAAGCACTCGCCGCTGTG	AGATAGCAAGTAATTCGTCGAT	mir-145	three_prime_utr	False	1
TGTAAAAGGGACTACCCGGAAGGGACGGGTCAATTGGTTCGGAAGCTTCG	GGTGAGCTGGTTTGACTATTTG	mir-46	five_prime_utr	False	1
TGTAATCAGACCCTATTAGGCCATTGGACCCGGGTAGCAGCCGCATGCGC	TGGTCAGGCCGTATCTGGTTAC	mir-95	intron	True	1
TGTAATGGCTCCTTCCTAGACTGCGGTCAGTGTGCCGCTGTCCAGCACGT	CGGCGGTGATCGCAGTTCCGAC	mir-13	intron	False	1
TGTACACTTTTCAGCATTTCCCAGTCCCGTTCGAGAGCACATATACTTGT	TATGAATTACCACCTTACGAGT	mir-148	three_prime_utr	True	1
TGTAGGAAGAAGTGTATTGGTGCAGCGCGTTAGACAAGGGGATATGGCAG	CGAAATTCGTCCGTCAGACGAT	mir-52	five_prime_utr	True	1
TGTCCACACCACATCACGGAGCGCGAAGGGCATGTTTCGGAAGAAAAGAT	AATCATTTACGACGTGGTTTGG	mir-36	intron	True	1
TGTCCATTAGCATGTTGCACTTCCATCAAGAATGCGTAATTTGGCGTCGG	GAACTGAACGCTACTCGTGTAG	mir-190	intron	True	1
TGTCCCGTTGTCACGGCCCACCTTCCCAGTATGCCCATTTCCTATTCGGT	TCAAGAAACGAAGGAGGCGTTT	mir-135	three_prime_utr	True	1
TGTCTGAAGTTCGGGCTCCGTTAGAACCCTTAATGATCATTATGCAGGAC	CTTATCGGGCTGCGTGGGGTAA	mir-94	exon	False	1
TGTCTGGGTACGCGAGGGTCGACCTCCCTGGACTCGTGCTGAGTATGTGC	GCCTTGCGGATTTGCGGATTCT	mir-26	exon	True	1
TGTGGAAGACCGAGAGATCGACCTAGTCCCTGACCAGGAGAGATTCAGGA	AAATCTGTATTAATATACACTT	mir-160	five_prime_utr	False	1
TGTGGAATCGAAGACATTTATATTTTATTGAGTACCGCTAGTAGAGTCAG	CGAGCGCCTAAGTTCGTCTTAG	mir-1	exon	True	1
TGTGGGTGATGATAGGCCTAGTGACACATATACAGGTCAAATTTGTCCAG	GAGGCAAAAGCACACTGGCGTT	mir-34	exon	True	1
TGTTACAGCCCTACGTATTGGCAATCGCCTGGTTGTACTTAATCGGTGGT	GTAACTTGTTTTATAGACAAGA	mir-152	three_prime_utr	True	1
TGTTGCCGCGATTCGCCAGGAGATTAATTCCAGAATGTAGGGTGTAGCGA	TTCATATGTAGATGGAGAACAC	mir-120	three_prime_utr	False	1
TTAATAGGCTTTACACCAAAAACTATGGATTCTGCCATTATCATACAACG	GATGTGGCCGCGACGAATTTAG	mir-179	intron	True	1
TTACAGAGAAAATCGTTCCCAGTTGCAGCGGAGACCGCACTCACAATAGA	TCTACGGAATGGAACTTGGGTT	mir-241	three_prime_utr	False	1
TTACATTTATCCGCCAGAGTTCCTATTTACAACCCCTCATATCGCTGGTA	GACCCTGACAGTTGCCCGTAAA	mir-43	three_prime_utr	False	1
TTACCAAAGGATATCAGTAAAAGAATCGAGGCCTCAATAGGCAAAACGAC	AGCGGGAGGGCAAGACGTTAGG	mir-194	intron	False	1
TTACGGGCACTGAGCAGACTGTTATGGACGCTTAGTTGCACTCATAAATC	TCAAAATTTGTCTCGGTATTCG	mir-299	intron	False	1
TTACTCTGGTCAGGAAGTGTCCCATACATGCGCATAAAGTTCGTAATACC	TAGCCTCGACTGCAACGCTGGC	mir-17	three_prime_utr	True	1
TTACTCTTCTCCAGGATTCTAACCCGAGGATCTGGCCGAGGCAGCAGTTG	TAATCTGTATTGCCATCAGGTC	mir-170	exon	True	1
TTAGAAGCTTCTCGTCAGGAGTCAGTACTGTGGAGAGCGTCTCCGGTACA	AGATCCCCCTCACCGCTTTTTT	mir-118	exon	True	1
TTAGCTGACTTCGCACCGGTGCGGTCTAACGGGACGTTGTCGCAGCAGTC	GAATCCTTCTCGCCACAACGCT	mir-269	exon	True	1
TTATAAATCACCTTGTCTAGTGGAAAAACTCTGAATTGTAGTGGGGAGTC	GTCCAAGGGGAATGGAGCGACT	mir-127	three_prime_utr	True	1
TTATCAACGGAAAATCAACCCATGGTTGCTTCGTCATCGAGACCCGATTG	GTGGACTCTCTGAGACTTTTAG	mir-32	intron	False	1
TTATGGTACCTGACTACATGTCGTGGGCTAGCCATGCAGCAATCATCGAT	TCGAAGCAATTACTGAGGGCAC	mir-142	five_prime_utr	False	1
TTATGTCGGTTGGTTAAGGTACAAACGGGTATGACACCGTATGCGTCTTA	GATTCAGTGGCTGGCTGATCAC	mir-124	five_prime_utr	False	1
TTATTACAAGTGAGCCAGTCTATGGATTACAATACCAGGGGACAGCTTAC	ACGCAGCTGCGAGATCGGGTAG	mir-227	exon	False	1
TTATTCTATGGTAAAATTGAAGTGTTACTTAATTAAAAACTGCTACTGCT	GATGGGTTGGTCTAATATCTCC	mir-106	intron	True	1
TTATTGGTATCTCCTGCTACGTCCAATAAGCGAGCCTGGTAGTGGTGGCC	ATGTCGTTGTAAAATGCAAGTT	mir-272	five_prime_utr	False	1
TTCAGTCGAACTCGAATCAAAGCCTGTATCCCTGGCAGGAAGATTGCGCT	TGGGGCCCATACAAAGATAGGG	mir-208	three_prime_utr	False	1
TTCCGATTGCCCCCGCCTTTCCGTTGCAGGCAGTTCAACATAGCGGAGAA	AAACCAATTACGTGCCAAGTAC	mir-184	five_prime_utr	False	1
TTCCTAACTAGGATGTGATATTCCTTAATGAGGAAATCGGTTATGTCTTT	TCGTACATAGCCGGAGATGAAC	mir-262	five_prime_utr	True	1
TTCGACTCCGAGGTCCAGATCGTCCAATGATCATGAAATGATATTGAACA	TACCTCAAAGGTGAGTTCGTTT	mir-271	three_prime_utr	False	1
TTCGGCACGGGTGAGATGTATTTCAAACAGCCAAGCAGAAACTTTCCAGA	TGGTCAGGCCGTATCTGGTTAC	mir-95	three_prime_utr	False	1
TTCGGGCATTATATCCACATTCCCTCAGACTGGCTATTCCAAGGCACCGA	CGATGATGGCAACGATCCAGTT	mir-280	five_prime_utr	False	1
TTCGGTAGTCTCGTTGCCAGATACTGCTTGATGAGAGTCAGAAACAAGAT	TGCGTCACGTGCGGCCTTCGCT	mir-22	intron	False	1
TTCGTCAGCCGTGCTCAAAAACCCCAGCAGCTTTAAGGTGACGAAAATGT	GTCGACTTCAGACACTTGGGAT	mir-217	intron	False	1
TTCTAATATGTCCTCACTCCACCTCTGCTCCGTACGGAATCCCGGGAGCA	AATGAACCTTCTCTACTTTAGC	mir-4	five_prime_utr	True	1
TTCTGTAACTATGGGTGTGGGGAGGTTGCGTTTCGATTACTCCGAGAAGC	CATACCATCAGCAGCGCGTTAC	mir-78	five_prime_utr	False	1
TTCTTCATTGCGAAGAGCGCATTCAAACCCACTTTCTGAAGTCACTGGGT	CTACAGAAGTCCCCAGATGGTC	mir-202	intron	False	1
TTCTTGAATGCCAGAGTCGTTGGGCCGGGTATGTTTGTTAAAGCAGCTGA	CAGAACGGCACACACCACCCTT	mir-54	intron	True	1
TTCTTGAGGCGACTTACTCTCCTTTACGCTTTTCCCTCGTTTCAGGGATA	CATCTAAAAACTTATGCAATGT	mir-103	intron	True	1
TTCTTTGGAGAGAATCAAACGGCCACCATTCAGGCTCTGTGCACGACTCA	ACTATGTATCAGTTGCCGAATG	mir-81	intron	True	1
TTGAAAGGTGACTAAGTACCGGATTCGGCAGAGCATAACGGTGAAATAGA	GTTGCCAAGTGCATGTGCGAAG	mir-56	exon	False	1
TTGAACAAAATGCTTCGTCGTACTTGCCAGCTGGACGTCTAAGCGATCGT	CTTATCCATGTGGCCACACCTG	mir-183	five_prime_utr	True	1
TTGAATCGTATCTGCAAGACGATGAGTTTTAGCCTCGAGTGTTATGGTCT	GTGCCGGTATACCCCTACGTCG	mir-125	five_prime_utr	False	1
TTGACCGTTATATGGGCAAGAACCAGCGCGTAGAGAATGCAGAGATTATG	AGCACAGGCGAGCCCTCGATAG	mir-243	exon	True	1
TTGACGCGGACGTTCTGTTCGTTGACTTTGATCACGGAGCGCGATGTGAC	CCCATAGCTTCCGCGGCAAAAT	mir-220	five_prime_utr	True	1
TTGCATAGACCTTGCATACCCCCCCACGGTCCGCATTGACACCTAGGGGA	GGTGAGTAAAGATCCTGTCGAG	mir-16	exon	True	1
TTGCCACCATTGGGAACGAAACAGTTAAGATCCCAGGACCAACAATGCTT	TTTGAGTCGATAAATAGCGAAT	mir-126	three_prime_utr	False	1
TTGCCGTCAACACTTCCAGACCCAAAGGCTCCGTGACGATGTTGCGCGAA	GCCTTCCAAACTTCTGCGAGTT	mir-251	five_prime_utr	True	1
TTGCGACACTCCACAGGCGCAGCAGTAACGGCTACCTCCCATGTTTATGT	TATAACAGAATAGTTTTTTAGA	mir-278	intron	True	1
TTGCGATTCTTAATTAACCTGCTATTATTATTACTCACGACATACCGTAC	CATAGCGGCCGCTCCCAGCCCA	mir-117	exon	False	1
TTGCGCCTGCCCGCCTCGTACACCAGCGATCATCCCATCGAGTGTAGACG	ATGGAAGCCACATTGGACAGCC	mir-123	intron	True	1
TTGGAAGATACGGTAGATACGTTAATAATGACAAACGGTTACCTGTTCTG	ACGGAAGGGGCAAATCCAACGC	mir-283	five_prime_utr	True	1
TTGGACGGTACTCTATCCTTGAGCTGCGGACATTCGTCGCAACGCTTGTC	CTATTGGTCCCTCCTTTAACAA	mir-30	five_prime_utr	False	1
TTGGCCCCTAGTATGAAGGCGAGCGAAGGAACGATGTTCCCGCACATCGT	GAATAGCAATGGAAGCACGCCG	mir-214	exon	True	1
TTGGTCCCGCTCCCGTCGCCTATCAAAAGATGGTCTCGGTCACGCAGAAT	CCTGGCAGCACTTCGACCGCTG	mir-240	exon	True	1
TTGGTGCGACATAGCCCTGTTTACTCGTGTCCGGGGTTCCAAACCAGTGT	GTAATATGGGTCGTAGAAACGG	mir-275	exon	False	1
TTGGTTAAGAACTATATCTGCAGGTTCGATCAAGATAGATCAAAGTCTTT	GTCGACTTCAGACACTTGGGAT	mir-217	intron	False	1
TTGTGGCGCCCCGACGACCCTCCATAAGGGTGGCAGGGCATTGAAAGGCG	ATCAATGAGTGATCCGAATCCA	mir-257	three_prime_utr	False	1
TTGTGTGGAGCATTTGAATTCATGATCCTTCTTGATGTATGAACTAATTA	GCAGTACTGCTATCACCCTGAA	mir-114	intron	False	1
TTGTTAAAGTAGTTACCCGGAGGACTATCGTCCGGTGTGGATAACTTTCT	GGTGGCTTAGACACCAGTATAT	mir-173	three_prime_utr	True	1
TTTAAGAGGGTACAAGATTCGAAACAATGGCATCCACTCGCCAGGTAAGA	AGTAACATAAGCACGTATTATT	mir-96	exon	False	1
TTTACTCTAGAGTTACAACCAGGCAATGGTGTCGAGCGATGGATATCCAA	AATTGCGACAACAGAGTGATGC	mir-48	five_prime_utr	False	1
TTTATCCCACGTGAAGTAGGACAGAGCCGACGGTCTATATTGTAACAGTC	ACTAGGCAGCCCTGCCGGGGCC	mir-196	intron	False	1
TTTCACGAGATCTTGTCTGTGTTCGTTAGCAATGGTCCTAGATCCGGTCG	AAGAAACACGCGTGAGCTTTTA	mir-91	exon	False	1
TTTCCTGACGTCAATGCACAGAAGCGATAAGCATTGGATGTAACAAAAGC	GTCGTCGAGCTCAGTGTCCAAG	mir-205	intron	False	1
TTTGCCAGAATCGTGACTCCACCCTTAAGTATATCATGTACAGACAGACC	AGTGAGATCTTTGGTGACCGAC	mir-267	exon	True	1
TTTGCTGTGCAGCACAGATGGATTCCAATATATCAGGCGTTATATACCCA	TTAACTCATGTCCGTTGCCTAT	mir-255	five_prime_utr	True	1
TTTGGCACTCCAGTAATGTATAAACTTGTGCTAGGTCGGTGTGTCGAAAC	GGACATCAGCCGTCTAGTTCGC	mir-129	three_prime_utr	False	1
TTTTCGTCTGGACCTCTTACGTATCAGTCAGGCAGCGCGTAATGCTCAGA	TGACTGAGACACCGTCCATCTA	mir-68	exon	False	1
