gene	noncodingRNA	noncodingRNA_fam	feature	test	label	chr	start	end	strand
AAAAAAAAAAAAAAAAAAAAAAAAAGGTAATCTGTAGTTAATTTTCATAA	TATTGCACTTGTCCCGGCCTGT	mir-25	five_prime_utr	False	1	6	136283180.0	136283229	+
AAAAAAAAAAAAAAAAAAAAAAAATTAGTGCTGTGCAATACCTTTTTGGG	TATTGCACATTACTAAGTTGCA	mir-32	intron	True	1	1	64824936.0	64824985	+
AAAAAAAAAAAAAAAAAAAAAAACAACTTGGGCTCATGAGTTCCCATGGG	TGTGCAAATCCATGCAAAACTGA	mir-19	intron	False	1	17	76406666.0	76406715	-
AAAAAAAAAAAAAAAAAAAAAAACCAGCATACATATGCAAAACTATATAT	TGTGCAAATCTATGCAAAACTGA	mir-19	three_prime_utr	False	1	11	113798040.0	113798089	-
AAAAAAAAAAAAAAAAAAAAAAGACTTGATTTTCAAAGCTTTTTGGGTTT	AGCTACATTGTCTGCTGGGTTTC	mir-221	intron	False	1	X	48945239.0	48945288	-
AAAAAAAAAAAAAAAAAAAAAAGCACTTCCCCGTTTCCAGGTGTGAAAGA	CAAAGTGCTTACAGTGCAGGTAG	mir-17	three_prime_utr	False	1	15	65328268.0	65328317	-
AAAAAAAAAAAAAAAAAAAAAAGCTGGGAGAGGGGATATTCTTTGGAATG	TATTGCACTTGTCCCGGCCTGT	mir-25	intron	False	1	3	27280098.0	27280147	+
AAAAAAAAAAAAAAAAAAAAAAGCTGGGAGAGGGGATATTCTTTGGAATG	TGTAAACATCCTACACTCTCAGC	mir-30	intron	False	1	3	27280098.0	27280147	+
AAAAAAAAAAAAAAAAAAAAAAGTCGGGGGAGATGCAATATTTAGCATTT	TATTGCACTTGTCCCGGCCTGT	mir-25	three_prime_utr	False	1	14	31860306.0	31860355	+
AAAAAAAAAAAAAAAAAAAAACTGTAGACGCTGCTACTTTTCTTCTGGCC	TAGCAGCGGGAACAGTTCTGCAG	mir-503	intron	False	1	10	117517657.0	117517706	-
AAAAAAAAAAAAAAAAAAAAAGAGATGCTGCTAATGCCTTGTGCGTGAGT	TAGCAGCACATCATGGTTTACA	mir-15	intron	False	1	9	137717606.0	137717655	+
AAAAAAAAAAAAAAAAAAAAAGCAAAAAGACGTCGGAGAAAAGTGCCGCG	TATTGCACTTGTCCCGGCCTGT	mir-25	three_prime_utr	False	1	5	135028521.0	135028570	-
AAAAAAAAAAAAAAAAAAAAAGCCAAAGCCATTAACGTGCACTACCCAGA	TAGTGCAATATTGCTTATAGGGT	mir-454	three_prime_utr	False	1	5	131425858.0	131425907	-
AAAAAAAAAAAAAAAAAAAAAGCCAAAGCCATTAACGTGCACTACCCAGA	TATGGCTTTTCATTCCTATGTGA	mir-135	three_prime_utr	False	1	5	131425858.0	131425907	-
AAAAAAAAAAAAAAAAAAAAAGCCTGTCATTCACTTTTTAACACTTTATC	AAAAGTGCTTACAGTGCAGGTAG	mir-17	three_prime_utr	False	1	20	3933035.0	3933084	-
AAAAAAAAAAAAAAAAAAAAAGCCTGTCATTCACTTTTTAACACTTTATC	TAAAGTGCTTATAGTGCAGGTAG	mir-17	three_prime_utr	False	1	20	3933035.0	3933084	-
AAAAAAAAAAAAAAAAAAAAATTTAGCCGTGTGTAGCAGTGAGTGCCTGT	AGCTACATCTGGCTACTGGGT	mir-221	three_prime_utr	False	1	12	122144422.0	122144471	+
AAAAAAAAAAAAAAAAAAAAATTTAGCCGTGTGTAGCAGTGAGTGCCTGT	AGCTACATTGTCTGCTGGGTTTC	mir-221	three_prime_utr	False	1	12	122144422.0	122144471	+
AAAAAAAAAAAAAAAAAAAACACACACACAGAGGAAAGACGCTCTTTAGG	TTCACAGTGGCTAAGTTCCGC	mir-27	three_prime_utr	False	1	17	47683100.0	47683149	+
AAAAAAAAAAAAAAAAAAAACCCATTCAAAGGCTCCCCTTTGCACTTTAG	CAAAGTGCTTACAGTGCAGGTAG	mir-17	five_prime_utr	False	1	13	36887011.0	36887060	-
AAAAAAAAAAAAAAAAAAAAGAGTTACTGTTGCTCACCAACATTTGCTGT	AACATTCAACGCTGTCGGTGAGT	mir-181	intron	False	1	10	59902359.0	59902408	-
AAAAAAAAAAAAAAAAAAAAGCTACCTTTCCTCTGTTGAATGGCTTTTGC	ATCAACAGACATTAATTGGGCGC	mir-95	intron	False	1	14	66898472.0	66898521	+
AAAAAAAAAAAAAAAAAAAAGGCATTGGGATTTATAATGTGCTGTTTAAA	TATTGCACTTGTCCCGGCCTGT	mir-25	three_prime_utr	True	1	1	46364334.0	46364383	+
AAAAAAAAAAAAAAAAAAAATCTGTAGTTTTGTACAAGATGAGACTTAGC	TGTGCAAATCCATGCAAAACTGA	mir-19	three_prime_utr	True	1	1	205086204.0	205086253	-
AAAAAAAAAAAAAAAAAAACAAAAAGCTGCTGGAATATTTCAAAAGATAT	TAGCAGCACGTAAATATTGGCG	mir-15	intron	False	1	10	96958909.0	96958958	+
AAAAAAAAAAAAAAAAAAACCAGTTAGCTGCTATATAAACACTATACCAA	TAGCAGCACATAATGGTTTGTG	mir-15	three_prime_utr	False	1	2	86140228.0	86140277	+
AAAAAAAAAAAAAAAAAAACCAGTTAGCTGCTATATAAACACTATACCAA	TAGCAGCACGTAAATATTGGCG	mir-15	three_prime_utr	False	1	2	86140228.0	86140277	+
AAAAAAAAAAAAAAAAAAACCCATTAAAAGAGGCCTCCTTCCTCCACTCT	AGCTCGGTCTGAGGCCCCTCAGT	mir-423	three_prime_utr	False	1	10	12121220.0	12121269	+
AAAAAAAAAAAAAAAAAAAGACATTAGCACCATGTATTCATACTACCCTA	ATGGTTCCGTCAAGCACCATGG	mir-218	three_prime_utr	False	1	15	65446586.0	65446635	-
AAAAAAAAAAAAAAAAAAAGATGCACGCAACCCACAAGTCAATGACCAGG	CAACGGAATCCCAAAAGCAGCTG	mir-191	three_prime_utr	False	1	3	129129343.0	129129392	-
AAAAAAAAAAAAAAAAAAAGGGAATCCCAACCAGATACTGGTGCAAGGTC	AGGTTGGGATCGGTTGCAATGCT	mir-25	intron	False	1	16	69327130.0	69327179	-
AAAAAAAAAAAAAAAAAAAGTTGTGTCTGTTAGCCACGCCACCTTACCCA	TAAGGTGCATCTAGTGCAGATAG	mir-17	intron	False	1	3	50112426.0	50112475	+
AAAAAAAAAAAAAAAAAAATTTAGCCGTGTGTAGCAGTGAGTGCCTGTGG	AGCTACATCTGGCTACTGGGT	mir-221	three_prime_utr	False	1	12	122144424.0	122144473	+
AAAAAAAAAAAAAAAAAAATTTATGTATATAAAAGTTGCATTACACAGTA	TTATAATACAACCTGATAAGTG	mir-374	three_prime_utr	False	1	8	23572230.0	23572279	+
AAAAAAAAAAAAAAAAAACAAAAAGCTGCTGGAATATTTCAAAAGATATA	CAGCAGCAATTCATGTTTTGAA	mir-322	intron	False	1	10	96958910.0	96958959	+
AAAAAAAAAAAAAAAAAACCAGTTAGCTGCTATATAAACACTATACCAAG	CAGCAGCAATTCATGTTTTGAA	mir-322	three_prime_utr	False	1	2	86140229.0	86140278	+
AAAAAAAAAAAAAAAAAACCAGTTAGCTGCTATATAAACACTATACCAAG	TAGCAGCACATAATGGTTTGTG	mir-15	three_prime_utr	False	1	2	86140229.0	86140278	+
AAAAAAAAAAAAAAAAAACCAGTTAGCTGCTATATAAACACTATACCAAG	TAGCAGCACATCATGGTTTACA	mir-15	three_prime_utr	False	1	2	86140229.0	86140278	+
AAAAAAAAAAAAAAAAAAGAAGAAGTATGGCATTGTTTTACACTTTTGCC	TAAAGTGCTTATAGTGCAGGTAG	mir-17	intron	False	1	17	18665869.0	18665918	-
AAAAAAAAAAAAAAAAAAGACATTCAACTTGAGGCTCCTGTTAGTTAAGC	CAAAGTGCTTACAGTGCAGGTAG	mir-17	three_prime_utr	False	1	17	42992574.0	42992623	+
AAAAAAAAAAAAAAAAAAGCAAACCCCCTATGGTTGATATTGTTATAATG	ATATAATACAACCTGCTAAGTG	mir-374		False	1	17	80467095.0	80467144	-
AAAAAAAAAAAAAAAAAAGCAAACCCCCTATGGTTGATATTGTTATAATG	TTATAATACAACCTGATAAGTG	mir-374		False	1	17	80467095.0	80467144	-
AAAAAAAAAAAAAAAAAAGCCAGTGCCCAGGGATGGGCATCTCCAGGGAG	ACTGCCCTAAGTGCTCCTTCTGG	mir-17	three_prime_utr	False	1	17	63695090.0	63695139	+
AAAAAAAAAAAAAAAAAAGCCCGGATTAGATACCAGCTTTATCCATGTAG	AAAAGCTGGGTTGAGAGGGCGA	mir-320	intron	False	1	15	65560802.0	65560851	+
AAAAAAAAAAAAAAAAAAGCCTGTCATTCACTTTTTAACACTTTATCCCA	CAAAGTGCTTACAGTGCAGGTAG	mir-17	three_prime_utr	False	1	20	3933032.0	3933081	-
AAAAAAAAAAAAAAAAAAGGCATTGGGATTTATAATGTGCTGTTTAAAGT	TATTGCACTTGTCCCGGCCTGT	mir-25	three_prime_utr	True	1	1	46364336.0	46364385	+
AAAAAAAAAAAAAAAAAAGTTGTGGATACAGCATTCACACCTGCTGAACA	TATTGCACTTGTCCCGGCCTGT	mir-25	five_prime_utr	False	1	X	3053297.0	3053346	-
AAAAAAAAAAAAAAAAAATCAAAATGTGCAATAGCTATTTATTACTCCTT	TATTGCACTTGTCCCGGCCTGT	mir-25	intron	True	1	1	25857216.0	25857265	-
AAAAAAAAAAAAAAAAAATCTGTAGTTTTGTACAAGATGAGACTTAGCCT	TGTGCAAATCCATGCAAAACTGA	mir-19	three_prime_utr	True	1	1	205086202.0	205086251	-
AAAAAAAAAAAAAAAAAATTACATATGCACCTTACCCTTTGACCTAGCAA	TAAGGTGCATCTAGTGCAGATAG	mir-17	intron	False	1	15	75054271.0	75054320	+
AAAAAAAAAAAAAAAAAATTAGCCGGGAGCGCCTGTAGTCCCAGCTACTC	TATTGCACTTGTCCCGGCCTGT	mir-25	three_prime_utr	False	1	3	141916986.0	141917035	-
AAAAAAAAAAAAAAAAAATTCAAACTCGTTATTCAGGAACCTGCTTATAA	TAAAGTGCTTATAGTGCAGGTAG	mir-17	three_prime_utr	False	1	X	10448076.0	10448125	-
AAAAAAAAAAAAAAAAAATTGAGCCCTCACTCCATCCTGACATGCCTCAG	TATTGCACTTGTCCCGGCCTGT	mir-25	three_prime_utr	False	1	19	47405531.0	47405580	-
AAAAAAAAAAAAAAAAAATTTTTACCTATTATTATAATCCTATTGGTAAG	TTATAATACAACCTGATAAGTG	mir-374	three_prime_utr	False	1	3	40518722.0	40518771	+
AAAAAAAAAAAAAAAAACAAACTTACGAGACACTTCACTTCTTTAAATGA	TAAAGTGCTTATAGTGCAGGTAG	mir-17	three_prime_utr	False	1	6	78940516.0	78940565	-
AAAAAAAAAAAAAAAAACACACATGCTGTCTGCAGCCACTGTTTGGTTAT	TGTGCAAATCTATGCAAAACTGA	mir-19	three_prime_utr	False	1	9	109016626.0	109016675	-
AAAAAAAAAAAAAAAAACCACCCTAACCCCTAAGCCCCAGTTGGGTGACC	TGTGCAAATCCATGCAAAACTGA	mir-19	intron	False	1	19	14131992.0	14132041	-
AAAAAAAAAAAAAAAAACCCACGGCCTGGGAGTTCTCACTCACACTTCCG	CTAGACTGAAGCTCCTTGAGG	mir-28	three_prime_utr	False	1	16	89740638.0	89740687	+
AAAAAAAAAAAAAAAAACCCAGCTTGAGAGCATTGGAAAAAAAAAATATG	TAAGGTGCATCTAGTGCAGATAG	mir-17	three_prime_utr	False	1	8	29051902.0	29051951	+
AAAAAAAAAAAAAAAAACTGTTCATTCCTGGGTTTTGTGCAGTATACATT	TATTGCACTTGTCCCGGCCTGT	mir-25	three_prime_utr	False	1	6	155257195.0	155257244	+
AAAAAAAAAAAAAAAAAGAAAAAATACTTGAATAATACCAATTAACAATC	TTCAAGTAATCCAGGATAGGCT	mir-26	three_prime_utr	False	1	19	9646039.0	9646088	-
AAAAAAAAAAAAAAAAAGAAAGCACCTTGGAAAGAGTATTGGGACACCGA	TAAGGTGCATCTAGTGCAGATAG	mir-17	intron	True	1	1	150498093.0	150498142	+
AAAAAAAAAAAAAAAAAGAAAGCCACACTTATTCTTTTCAGTAACCTGCT	CAAGAACCTCAGTTGCTTTTGT	mir-548	three_prime_utr	False	1	2	135907210.0	135907259	-
AAAAAAAAAAAAAAAAAGAACCTAAGACAACCCAGTGAAATGGTAGCAAA	AGCTACATCTGGCTACTGGGT	mir-221	three_prime_utr	True	1	1	32605714.0	32605763	+
AAAAAAAAAAAAAAAAAGACCCTTGTTTGCACACAGCCCCTCACCACCCC	TGTGCAAATCCATGCAAAACTGA	mir-19	intron	False	1	5	179609209.0	179609258	+
AAAAAAAAAAAAAAAAAGAGATGCTGCTAATGCCTTGTGCGTGAGTGACA	TAGCAGCACGTAAATATTGGCG	mir-15	intron	False	1	9	137717610.0	137717659	+
AAAAAAAAAAAAAAAAAGCCAAAGCCATTAACGTGCACTACCCAGATCAA	CAGTGCAATGATGAAAGGGCAT	mir-130	three_prime_utr	False	1	5	131425854.0	131425903	-
AAAAAAAAAAAAAAAAAGCCATGCTATCAATCAAGATTCTTTTTTTTTAA	TGTGCAAATCCATGCAAAACTGA	mir-19	three_prime_utr	False	1	5	109867162.0	109867211	+
AAAAAAAAAAAAAAAAAGCGAGCGAGAGAGAGAGCGAGAGAGAGAGCGAG	CAAAGTGCTGTTCGTGCAGGTAG	mir-17	three_prime_utr	False	1	19	4046400.0	4046449	-
AAAAAAAAAAAAAAAAAGCGAGCGAGAGAGAGAGCGAGAGAGAGAGCGAG	CAAAGTGCTTACAGTGCAGGTAG	mir-17	three_prime_utr	False	1	19	4046400.0	4046449	-
AAAAAAAAAAAAAAAAAGCGAGCGAGAGAGAGAGCGAGAGAGAGAGCGAG	TAAAGTGCTTATAGTGCAGGTAG	mir-17	three_prime_utr	False	1	19	4046400.0	4046449	-
AAAAAAAAAAAAAAAAAGCGAGCGAGAGAGAGAGCGAGAGAGAGAGCGAG	TAAGGTGCATCTAGTGCAGATAG	mir-17	three_prime_utr	False	1	19	4046400.0	4046449	-
AAAAAAAAAAAAAAAAAGGCAAAAATAAACCACTCAAAAGAACAACAAAA	TGGTTCTAGACTTGCCAACTA	mir-182	three_prime_utr	False	1	22	38291862.0	38291911	-
AAAAAAAAAAAAAAAAAGGCAACACACACACACACACACACACACACACA	TATTGCACTTGTCCCGGCCTGT	mir-25	intron	False	1	8	89729417.0	89729466	-
AAAAAAAAAAAAAAAAAGGCCGTGGGTGATAAGCAATTAAAGGCTAAACG	TATTGCACTTGTCCCGGCCTGT	mir-25	intron	False	1	4	2222663.0	2222712	-
AAAAAAAAAAAAAAAAAGGCGGCATGGTGGCACATGCCTGTGGTCCCGGC	TGTGCAAATCCATGCAAAACTGA	mir-19	intron	False	1	3	12587930.0	12587979	-
AAAAAAAAAAAAAAAAAGGGAGGGCTGTCTGCTTTTTGTAACTTGAAAAA	TAGCAGCACATCATGGTTTACA	mir-15	intron	False	1	17	75889025.0	75889074	-
AAAAAAAAAAAAAAAAAGGGCAGGGGGAGCGGCTAGAGAAGGAACATTCA	TTATCAGAATCTCCAGGGGTAC	mir-361	three_prime_utr	False	1	14	92168250.0	92168299	+
AAAAAAAAAAAAAAAAAGTGCTTTGGCAAGTATGGGGCAGGGAAATCATC	CCCACTGCCCCAGGTGCTGCTGG	mir-324	three_prime_utr	True	1	1	28715607.0	28715656	+
AAAAAAAAAAAAAAAAAGTTTGTTAAAAGGCTACACGAGCTCTCTAGAAA	TAAAGTGCTTATAGTGCAGGTAG	mir-17	three_prime_utr	False	1	17	79833242.0	79833291	-
AAAAAAAAAAAAAAAAATTACATATGCACCTTACCCTTTGACCTAGCAAT	TAAGGTGCATCTAGTGCAGATAG	mir-17	intron	False	1	15	75054272.0	75054321	+
AAAAAAAAAAAAAAAAATTTAGCCGTGTGTAGCAGTGAGTGCCTGTGGTC	AGCTACATTGTCTGCTGGGTTTC	mir-221	three_prime_utr	False	1	12	122144426.0	122144475	+
AAAAAAAAAAAAAAAAATTTATGTATATAAAAGTTGCATTACACAGTACA	TATTGCACTTGTCCCGGCCTGT	mir-25	three_prime_utr	False	1	8	23572232.0	23572281	+
AAAAAAAAAAAAAAAACAAAAAGCTGCTGGAATATTTCAAAAGATATATA	TAGCAGCACATAATGGTTTGTG	mir-15	intron	False	1	10	96958912.0	96958961	+
AAAAAAAAAAAAAAAACACAAAAAACCCAGAAAACTTTTAAGTGTTGCTG	AGCTACATTGTCTGCTGGGTTTC	mir-221	three_prime_utr	True	1	1	114397556.0	114397605	-
AAAAAAAAAAAAAAAACACTTAAACTTTGTTAGGACTCCGATGAGTTTGG	TAAAGTGCTTATAGTGCAGGTAG	mir-17	three_prime_utr	False	1	2	43223958.0	43224007	-
AAAAAAAAAAAAAAAACAGAAATACTAGGGAAGGGCCAGGCGTGGTGGCT	TAAGGTGCATCTAGTGCAGATAG	mir-17	intron	False	1	2	101275078.0	101275127	-
AAAAAAAAAAAAAAAACATAGAATTTGGATCCTTTGGTCGGGTTCTCCCA	TAGCAGCACATCATGGTTTACA	mir-15	three_prime_utr	True	1	1	39005308.0	39005357	+
AAAAAAAAAAAAAAAACTGGACCCTGCCTGTTTTCTAAAAAACACTTTAA	CAAAGTGCTTACAGTGCAGGTAG	mir-17	intron	False	1	8	63058987.0	63059036	-
AAAAAAAAAAAAAAAAGAAAAAGAAAAATGGCTTCCAGGACAGAGCATGC	TGTAAACATCCTCGACTGGAAG	mir-30	three_prime_utr	False	1	9	129827750.0	129827799	-
AAAAAAAAAAAAAAAAGAAGAGCCCCTAGCTCTTACCTGTCTGCACTTGG	TAAGGTGCATCTAGTGCAGATAG	mir-17	five_prime_utr	False	1	14	89488055.0	89488104	-
AAAAAAAAAAAAAAAAGAATGCTTGCTGCCTAATATAACTGATTTAAAAA	TAGCAGCACATCATGGTTTACA	mir-15	intron	False	1	13	67224697.0	67224746	-
AAAAAAAAAAAAAAAAGAATGCTTGCTGCCTAATATAACTGATTTAAAAA	TAGGTAGTTTCCTGTTGTTGGG	mir-196	intron	False	1	13	67224697.0	67224746	-
AAAAAAAAAAAAAAAAGACATTAGCACCATGTATTCATACTACCCTATTT	TAGGTAGTTTCATGTTGTTGGG	mir-196	three_prime_utr	False	1	15	65446583.0	65446632	-
AAAAAAAAAAAAAAAAGAGAAAACCCCATCAACCTAGATTTCTATATCCA	TGAGGTAGTAGGTTGTATAGTT	let-7	intron	False	1	5	177617224.0	177617273	-
AAAAAAAAAAAAAAAAGATAAAAGGTGCAATACTGTCCACAGGTAAGATA	TATTGCACTTGTCCCGGCCTGT	mir-25	three_prime_utr	False	1	19	21188258.0	21188307	+
AAAAAAAAAAAAAAAAGATTGGGCCAAAATACTGTGATAAAATAGCAGGC	TCACAGTGAACCGGTCTCTTT	mir-128	three_prime_utr	False	1	16	48353502.0	48353551	+
AAAAAAAAAAAAAAAAGATTTTTAAATAATAGCTAAAGGTATGCTCTCTA	ACTGGACTTGGAGTCAGAAGGC	mir-378	three_prime_utr	False	1	4	138167108.0	138167157	-
AAAAAAAAAAAAAAAAGCATTATCTGCAAAGCAACATAAAGCAAAGTGCA	TGTAAACATCCTCGACTGGAAG	mir-30		False	1	17	76320390.0	76320439	-
